record_id,origin,title,date_local,time_local,timezone,venue,neighborhood,borough,host,official_url,registration_url,source_calendars,format,net_signal,icp_score,icp_fit_rationale,confirmed_people_orgs,target_audience,price_currency,access_requirements,observed_registration_status,observation_time,rank_score,rank_tier,remaining_uncertainty,slug,official_desc_snippet,networking_evidence,evidence_level,desc_has_commercial
ECO-pkn0pfug,ecosystem-luma,"Investing in Change: Climate, Biodiversity, and the Agri-Food Future",2026-09-21,13:00-14:30,America/New_York,"Scandinavia House, 58 Park Ave, Murray Hill",,,The Nature Conservancy,,https://luma.com/pkn0pfug,Luma public search (query: climate investor),investor/agri-food,medium,4,investor/agri-food,,Not stated (unverified),Free,Registration requires approval,Registration requires approval,2026-09-10 (this pass),5,Candidate-pending-verification,Registration status/eligibility not fully verified.,pkn0pfug,"Climate change and nature loss are reshaping agricultural production around the world, altering water availability, shifting crop viability, and creating new…",,"ecosystem-primary (Luma registration page, 2026-09-10)",no
ECO-h43bxx1f,ecosystem-luma,When AI Meets the Physical World: Reinventing the Infrastructure Behind the Intelligence,2026-09-21,14:00-16:00,America/New_York,Manhattan (obfuscated),,,Climate Investment,,https://luma.com/h43bxx1f,Luma public search (query: climate tech),ai-infrastructure/vc,medium,8,ai-infrastructure/vc,,Not stated (unverified),Free,Registration requires approval,Registration requires approval,2026-09-10 (this pass),9,Candidate-pending-verification,Registration status/eligibility not fully verified.,h43bxx1f,"AI is driving a step-change in demand for power, compute, cooling and critical infrastructure at a time when those systems are already under strain. Grids need…",,"ecosystem-primary (Luma registration page, 2026-09-10)",yes
ECO-yaleclimateweek2026,ecosystem-luma,Yale @ Climate Week NYC 2026,2026-09-22,08:00-21:00,America/New_York,"The Yale Club, 50 Vanderbilt Ave, Midtown East",,,Yale Planetary Solutions,,https://luma.com/yaleclimateweek2026,Luma public search (query: climate week),ecosystem/university,medium,6,ecosystem/university,,Not stated (unverified),Free,Registration/approval required (Luma); eligibility not verified.,"Waitlist (Luma page, 2026-09-10)",2026-09-10 (this pass),7,Candidate-pending-verification,Registration status/eligibility not fully verified.,yaleclimateweek2026,"Yale @ Climate Week NYC 2026 will take place on Tuesday, September 22, from 8:00 AM to 9:00 PM. Click ""Register,"" then use the form to indicate which sessions…",,"ecosystem-primary (Luma registration page, 2026-09-10)",no
ECO-amse0fiu,ecosystem-luma,The Scaling Playbook: Roadmaps for Climate Tech's Next Chapter,2026-09-22,10:00-11:30,America/New_York,Financial District (obfuscated),,,Venture Climate Alliance; Jack Fritzinger,,https://luma.com/amse0fiu,Luma public search (query: climate tech),founder/scaling,medium,7,founder/scaling,,Not stated (unverified),Free,Registration/approval required (Luma); eligibility not verified.,"Waitlist (Luma page, 2026-09-10)",2026-09-10 (this pass),8,Candidate-pending-verification,Registration status/eligibility not fully verified.,amse0fiu,"Scaling climate technology from first-of-a-kind project to bankable, repeatable infrastructure is one of the hardest problems in the climate transition, and…",,"ecosystem-primary (Luma registration page, 2026-09-10)",yes
ECO-3py9lr35,ecosystem-luma,From Lab to Scale: Building the Northeast's Climate Innovation Pipeline,2026-09-22,12:30-13:30,America/New_York,"The Biome (SOSV), 7 Penn Plaza",Midtown,,Greentown Labs,,https://luma.com/3py9lr35,SOSV hub (sosv.com/join-sosv-at-climate-week-nyc-2026),Discussion + lunch,medium,7,Discussion + lunch,,Not stated (unverified),unknown,Registration/approval required (Luma); eligibility not verified.,Not observed,2026-09-10 (this pass),8,Candidate-pending-verification,Registration status/eligibility not fully verified.,3py9lr35,,,ecosystem-primary (Luma registration page),no
ECO-qkfpli2p,ecosystem-luma,The Data Center Dilemma: Building Smart Policy for the AI Era,2026-09-22,14:00-15:00,America/New_York,"140 W 62nd St, Manhattan",,,State and Local Climate Policy Symposium,,https://luma.com/qkfpli2p,Luma public search (query: energy data center),data-center/policy,medium,5,data-center/policy,,Not stated (unverified),Free,Registration/approval required (Luma); eligibility not verified.,Open/free registration,2026-09-10 (this pass),6,Candidate-pending-verification,Registration status/eligibility not fully verified.,qkfpli2p,The rapid expansion of artificial intelligence is fueling an unprecedented boom in data center construction—but the costs are increasingly being borne by the…,,"ecosystem-primary (Luma registration page, 2026-09-10)",yes
ECO-jnh0lxve,ecosystem-luma,"Investing in Resilience: Capital, Risk & Return",2026-09-22,14:00-16:00,America/New_York,"The Ned NoMad, 1170 Broadway, NoMad",,,Top Tier Impact,,https://luma.com/jnh0lxve,Luma public search (query: climate investor),investor/resilience,medium,6,investor/resilience,,Not stated (unverified),USD 150,Registration requires approval,Registration requires approval,2026-09-10 (this pass),7,Candidate-pending-verification,Registration status/eligibility not fully verified. Also on official directory (row CW-0347) but not auto-qualified by the theme/format filter; retained on ecosystem evidence.,jnh0lxve,"Climate Week brings thousands of investors, executives, and founders to New York. Far fewer events are designed specifically around the people making capital…",,"ecosystem-primary (Luma registration page, 2026-09-10)",yes
ECO-rsra440j,ecosystem-luma,WaterTech Futures 2.0: Unlocking Critical Minerals From Industrial Water,2026-09-22,17:00-19:00,America/New_York,Manhattan (obfuscated),,,ClimateHaven,,https://luma.com/rsra440j,Luma public search (query: climate tech),water/minerals/startup,medium,6,water/minerals/startup,,Not stated (unverified),Free,Registration requires approval,Registration requires approval,2026-09-10 (this pass),7,Candidate-pending-verification,Registration status/eligibility not fully verified. Also on official directory (row CW-0263) but not auto-qualified by the theme/format filter; retained on ecosystem evidence.,rsra440j,"Hosted by ClimateHaven’s Water Innovation Hub, in collaboration with Wilson Sonsini, Xylem, Burnt Island Ventures, and Echo River Capital.
WaterTech Futures…",,"ecosystem-primary (Luma registration page, 2026-09-10)",yes
ECO-0x2srxfd,ecosystem-luma,The Race to Recover America's Critical Minerals: When Startups and Industry Team Up,2026-09-23,08:00-11:00,America/New_York,"The Biome (SOSV), 7 Penn Plaza",Midtown,,"KOMPAS VC, SOSV, At One Ventures",,https://luma.com/0x2srxfd,SOSV hub (sosv.com/join-sosv-at-climate-week-nyc-2026),Breakfast fireside + networking,medium,7,critical minerals / industrials breakfast,"KOMPAS VC, SOSV, At One Ventures; Helios Matters and Atalco named as participants.",Not stated (unverified),unknown,Registration/approval required (Luma); eligibility not verified.,"Waitlist (Luma page, 2026-09-10)",2026-09-10 (this pass),8,Candidate-pending-verification,Registration status/eligibility not fully verified.,0x2srxfd,"The US imports the vast majority of the critical minerals that power its defense, aerospace, and semiconductor industries — but a meaningful share of what it…",,"ecosystem-primary (Luma registration page, 2026-09-10)",yes
ECO-e8angels-ohxt,ecosystem-luma,Capital for Resilience: Investing in Climate's Next Wave,2026-09-23,09:00-11:00,America/New_York,Midtown West (obfuscated),,,E8 Angels; Coeus Collective Ventures,,https://luma.com/e8angels-ohxt,Luma public search (query: climate investor),investor/resilience,medium,6,investor/resilience,,Not stated (unverified),Free,Registration/approval required (Luma); eligibility not verified.,"Waitlist (Luma page, 2026-09-10)",2026-09-10 (this pass),7,Candidate-pending-verification,Registration status/eligibility not fully verified. Also on official directory (row CW-0483) but not auto-qualified by the theme/format filter; retained on ecosystem evidence.,e8angels-ohxt,"Most climate capital still flows to mitigation. In 2023, adaptation and resilience drew roughly $65 billion worldwide against $1.78 trillion for mitigation,…",,"ecosystem-primary (Luma registration page, 2026-09-10)",yes
ECO-hpyciizr,ecosystem-luma,Common Denominator: How Philanthropy Unlocks and Scales Climate Innovation,2026-09-23,10:00-12:30,America/New_York,Chelsea (obfuscated),,,LabStart Innovations et al.,,https://luma.com/hpyciizr,Luma public search (query: climate tech),innovation/philanthropy,medium,4,innovation/philanthropy,,Not stated (unverified),Free,Registration requires approval,Registration requires approval,2026-09-10 (this pass),5,Candidate-pending-verification,Registration status/eligibility not fully verified.,hpyciizr,"You're invited to join LabStart, Activate, The Engine, and Azolla Ventures on Wednesday, September 23 from 10am - 12:30pm during Climate Week NYC.
We're…",,"ecosystem-primary (Luma registration page, 2026-09-10)",yes
ECO-evigo33o,ecosystem-luma,Shaping the Data Center Narrative,2026-09-23,14:30-15:10,America/New_York,"LUME Studios, 393 Broadway, Lower Manhattan",,,Antenna Group,,https://luma.com/evigo33o,Luma public search (query: energy data center),data-center/media,medium,5,data-center/media,,Not stated (unverified),Free,Registration requires approval,Registration requires approval,2026-09-10 (this pass),6,Candidate-pending-verification,Registration status/eligibility not fully verified. Also on official directory (row CW-0533) but not auto-qualified by the theme/format filter; retained on ecosystem evidence.,evigo33o,"As AI, electrification, and digital infrastructure reshape the global economy, the companies building and powering these systems are facing greater scrutiny…",,"ecosystem-primary (Luma registration page, 2026-09-10)",yes
ECO-0o9bivsv,ecosystem-luma,Heatmap House: Climate Tech's New Era,2026-09-23,14:30-16:15,America/New_York,"22 Vanderbilt, 335 Madison Ave, Midtown East",,,Heatmap News,,https://luma.com/0o9bivsv,Luma public search (query: climate tech),media/climate-tech,medium,7,media/climate-tech,,Not stated (unverified),Free,Registration/approval required (Luma); eligibility not verified.,"Waitlist (Luma page, 2026-09-10)",2026-09-10 (this pass),8,Candidate-pending-verification,Registration status/eligibility not fully verified.,0o9bivsv,"IPOs. Booming energy demand. Weird capital stacks. Climate tech has entered a new era of explosive growth and simmering uncertainty. We talk to investors,…",,"ecosystem-primary (Luma registration page, 2026-09-10)",yes
ECO-a3dxuies,ecosystem-luma,India's Clean Energy Transformation: Delivering 24/7 Clean Power at Scale,2026-09-23,16:30-18:30,America/New_York,"Consulate General of India, 3 E 64th St",,,India Energy & Climate Center,,https://luma.com/a3dxuies,Luma public search (query: energy data center),energy/scale,medium,5,energy/scale,,Not stated (unverified),Free,Registration/approval required (Luma); eligibility not verified.,"Waitlist (Luma page, 2026-09-10)",2026-09-10 (this pass),6,Candidate-pending-verification,Registration status/eligibility not fully verified. Also on official directory (row CW-0512) but not auto-qualified by the theme/format filter; retained on ecosystem evidence.,a3dxuies,"As the world grapples with rapidly growing electricity demand from data centers, advanced manufacturing, and industry, India’s emerging model of firm,…",,"ecosystem-primary (Luma registration page, 2026-09-10)",yes
ECO-x3n9yz9d,ecosystem-luma,Powering AI: Data Centers and the Subsea Infrastructure Race,2026-09-23,17:00-20:00,America/New_York,Manhattan (obfuscated),,,ECOncrete,,https://luma.com/x3n9yz9d,Luma public search (query: energy data center),ai-infrastructure/infra,medium,6,ai-infrastructure/infra,,Not stated (unverified),Free,Registration requires approval,Registration requires approval,2026-09-10 (this pass),7,Candidate-pending-verification,Registration status/eligibility not fully verified.,x3n9yz9d,"AI is becoming one of the biggest (and fastest) infrastructure scale-up challenges of the decade.
As data centers expand exponentially, so is the demand for…",,"ecosystem-primary (Luma registration page, 2026-09-10)",yes
ECO-1imw4eyv,ecosystem-luma,Port Powerhouse @ Climate Week NYC,2026-09-24,08:30-14:30,America/New_York,Manhattan (obfuscated),,,High Ambition Climate Collective,,https://luma.com/1imw4eyv,Luma public search (query: climate week),ports/industry,medium,4,ports/industry,,Not stated (unverified),Free,Registration/approval required (Luma); eligibility not verified.,"Waitlist (Luma page, 2026-09-10)",2026-09-10 (this pass),5,Candidate-pending-verification,Registration status/eligibility not fully verified. Also on official directory (row CW-0597) but not auto-qualified by the theme/format filter; retained on ecosystem evidence.,1imw4eyv,"Join us on UN World Maritime Day, Thursday, September 24, for the second annual convening at Climate Week NYC.
Port Powerhouse: Ports powering a…",,"ecosystem-primary (Luma registration page, 2026-09-10)",no
ECO-3tddgrxo,ecosystem-luma,Impact State of Mind: Investor Day,2026-09-24,09:00-20:30,America/New_York,Manhattan (obfuscated),,,Impact State of Mind,,https://luma.com/3tddgrxo,Luma public search (query: climate investor),investor day,strong,6,investor day,,Not stated (unverified),USD 20-24,Registration requires approval,Registration requires approval,2026-09-10 (this pass),8,Candidate-pending-verification,Registration status/eligibility not fully verified.,3tddgrxo,"Join us in Midtown Manhattan for “Impact State of Mind 2026: Investor Day,” a full day of programming created for investors, funders, business leaders, and…",,"ecosystem-primary (Luma registration page, 2026-09-10)",yes
ECO-bvctdu9t,ecosystem-luma,Communities Take Charge: Launching the Data Center Policy Toolkit,2026-09-24,12:00-15:00,America/New_York,Manhattan (obfuscated),,,We Build Progress,,https://luma.com/bvctdu9t,Luma public search (query: energy data center),data-center/policy,medium,5,data-center/policy,,Not stated (unverified),Free,Registration/approval required (Luma); eligibility not verified.,Open/free registration,2026-09-10 (this pass),6,Candidate-pending-verification,Registration status/eligibility not fully verified.,bvctdu9t,"We Build Progress, Public Citizen, Climate Justice Alliance and partners will convene state and local policymakers, advocates, organizers, and policy experts…",,"ecosystem-primary (Luma registration page, 2026-09-10)",no
ECO-80fz2wvo,ecosystem-luma,Catalyzing Cities (NYC Edition),2026-09-25,09:00-13:00,America/New_York,"The Biome (SOSV), 7 Penn Plaza",Midtown,,Climate Vine & Cool Climate Collective,,https://luma.com/80fz2wvo,SOSV hub (sosv.com/join-sosv-at-climate-week-nyc-2026),Interactive session,medium,6,Interactive session,,Not stated (unverified),unknown,Registration/approval required (Luma); eligibility not verified.,Not observed,2026-09-10 (this pass),7,Candidate-pending-verification,Registration status/eligibility not fully verified.,80fz2wvo,"Cities are increasingly expected to deliver climate resilience while navigating constrained budgets, aging infrastructure, and growing complexity. Yet many of…",,"ecosystem-primary (Luma registration page, 2026-09-10)",yes
CW-0008,official-838,Wallet Max Emerald Summit and Awards,2026-09-18,09:00am-05:00pm,America/New_York (assumed; NYC listing),124 E 14th St,,Manhattan,Wallet Max™,https://www.climateweeknyc.org/event-search/wallet-max-emerald-summit-and-awards?hsLang=en,https://luma.com/EmeraldSummitWM26,climateweeknyc.org/event-search (official),In-person,medium,2,climate finance / investment,,Not stated on official listing (unverified),unknown,Public event on official directory; eligibility not inferred,"Registration availability not observed; Public event (official page, 2026-09-10)",2026-09-10 (this pass),3,Candidate-pending-verification,Registration status/price/eligibility not verified.,wallet-max-emerald-summit-and-awards,,,directory-tag only (description not retrieved),no
CW-0007,official-838,NYPH Regenerative Metropolis Symposium 2026,2026-09-18,09:00am-07:00pm,America/New_York (assumed; NYC listing),63 Fifth Ave.,,Manhattan,New York Passive House,https://www.climateweeknyc.org/event-search/nyph-regenerative-metropolis-symposium-2026?hsLang=en,https://members.nypassivehouse.org/main-calendar/Details/regenerative-metropolis-symposium-2026-1847153?sourceTypeId=Website,climateweeknyc.org/event-search (official),In-person,medium,6,built world / data centers / real estate; energy / grid / power markets; climate finance / investment,,Not stated on official listing (unverified),unknown,Public event on official directory; eligibility not inferred,"Registration availability not observed; Public event (official page, 2026-09-10)",2026-09-10 (this pass),7,Candidate-pending-verification,Registration status/price/eligibility not verified.,nyph-regenerative-metropolis-symposium-2026,,,directory-tag only (description not retrieved),no
CW-0046,official-838,First Timers at Climate Week NYC,2026-09-20,12:00pm-03:00pm,America/New_York (assumed; NYC listing),,,,"The Climate Chain Reaction - Founder, Dr. Neha Arora",https://www.climateweeknyc.org/event-search/first-timers-at-climate-week-nyc?hsLang=en,https://luma.com/ugwwqdfa,climateweeknyc.org/event-search (official),In-person,strong,6,energy / grid / power markets; climate finance / investment; software / data / AI infrastructure,,Not stated on official listing (unverified),unknown,Public event on official directory; eligibility not inferred,"Registration availability not observed; Public event (official page, 2026-09-10)",2026-09-10 (this pass),8,Candidate-pending-verification,Registration status/price/eligibility not verified.,first-timers-at-climate-week-nyc,"12:00pm - 03:00pm, Sunday, September 20, 2026 Public event Register now Climate Week NYC has more than 1,000 events, many of them invite-only, and no playbook for how to navigate it. First Timers at Climate Week NYC is the event for people arriving without one. No panels. No keynotes. Just small-group introductions, practical guidance from Climate Week veterans — what to prioritize and how to get into the right rooms, and time to find your people before the week starts. Who this event is for: Pr",,primary-page (official description parsed 2026-09-10),no
CW-0049,official-838,[Official] Family Offices & Investors Summit - Climate Week NYC (+LPs/GPs Matchmaking),2026-09-21,02:00pm-07:00pm,America/New_York (assumed; NYC listing),3W 51st,,Manhattan,WeTheAtlas,https://www.climateweeknyc.org/event-search/official-family-offices-investors-summit-climate-week-nyc-lpsgps-matchmaking?hsLang=en,https://luma.com/4tgu4cmw,climateweeknyc.org/event-search (official),In-person,strong,6,energy / grid / power markets; climate finance / investment; industrial decarbonization / manufacturing,,Not stated on official listing (unverified),unknown,Private event on official directory; eligibility not inferred,"Registration availability not observed; Private event (official page, 2026-09-10)",2026-09-10 (this pass),8,Candidate-pending-verification,Registration status/price/eligibility not verified.,official-family-offices-investors-summit-climate-week-nyc-lpsgps-matchmaking,,,directory-tag only (description not retrieved),yes
CW-0096,official-838,The South is On Fire,2026-09-21,02:30pm-06:00pm,America/New_York (assumed; NYC listing),United States,,,Southeast Sustainability Directors Network (SSDN) + New York University (NYU) School of Professional Studies,https://www.climateweeknyc.org/event-search/the-south-is-on-fire?hsLang=en,https://luma.com/vfzpnnae,climateweeknyc.org/event-search (official),In-person,strong,1,  [secondary: cities / urban systems],,Not stated on official listing (unverified),unknown,Public event on official directory; eligibility not inferred,"Registration availability not observed; Public event (official page, 2026-09-10)",2026-09-10 (this pass),3,Candidate-pending-verification,Registration status/price/eligibility not verified.,the-south-is-on-fire,,,directory-tag only (description not retrieved),no
CW-0131,official-838,Powering Forward: Sustainable Sports & Entertainment,2026-09-21,03:00pm-07:00pm,America/New_York (assumed; NYC listing),The Forum at Columbia University - 601 W. 125th St,,Manhattan,"Sustainability, Energy, and Entertainment Network (SEEN) at Columbia's Climate School, Green Sports Alliance, Hollywood Climate Summit, Music Sustainability Alliance, Sustainable Entertainment Alliance, and Broadway Green Alliance",https://www.climateweeknyc.org/event-search/powering-forward-sustainable-sports-entertainment?hsLang=en,https://luma.com/t1jnhm78,climateweeknyc.org/event-search (official),In-person,strong,2,  [secondary: cities / urban systems; transport / mobility],,Not stated on official listing (unverified),unknown,Public event on official directory; eligibility not inferred,"Registration availability not observed; Public event (official page, 2026-09-10)",2026-09-10 (this pass),4,Candidate-pending-verification,Registration status/price/eligibility not verified.,powering-forward-sustainable-sports-entertainment,,,directory-tag only (description not retrieved),no
CW-0154,official-838,From pledge to panel: How Indonesia can deliver on its 100GW solar ambition,2026-09-21,03:30pm-05:00pm,America/New_York (assumed; NYC listing),New York City,,,Climate Group,https://www.climateweeknyc.org/event-search/from-pledge-to-panel-how-indonesia-can-deliver-on-its-100gw-solar-ambition?hsLang=en,https://eur.cvent.me/9aR2QV?rt=V0Ac6ckJMkOxbM_kz8XScw&RefId=CrprtNnmbrsCWNYCStHLOPdApp,climateweeknyc.org/event-search (official),In-person,medium,2,energy / grid / power markets,,Not stated on official listing (unverified),unknown,Official directory access type not stated.,Not individually observed in this pass,2026-09-10 (this pass),3,Candidate-pending-verification,Registration status/price/eligibility not verified.,from-pledge-to-panel-how-indonesia-can-deliver-on-its-100gw-solar-ambition,,,directory-tag only (description not retrieved),no
CW-0079,official-838,Morningstar Sustainalytics Sustainable Investing Forum,2026-09-21,03:30pm-06:30pm,America/New_York (assumed; NYC listing),320 Park Avenue,,Manhattan,Morningstar Sustainalytics,https://www.climateweeknyc.org/event-search/morningstar-sustainalytics-sustainable-investing-forum?hsLang=en,https://morningstar.cventevents.com/event/90f5859e-e87f-4d54-9f68-2f0a3cf7b3a0/summary,climateweeknyc.org/event-search (official),In-person,medium,6,built world / data centers / real estate; energy / grid / power markets; climate finance / investment,,Not stated on official listing (unverified),unknown,Public event on official directory; eligibility not inferred,"Registration availability not observed; Public event (official page, 2026-09-10)",2026-09-10 (this pass),7,Candidate-pending-verification,Registration status/price/eligibility not verified.,morningstar-sustainalytics-sustainable-investing-forum,,,directory-tag only (description not retrieved),no
CW-0118,official-838,Built World Resiliency: From Data Centers to Materials (by Zacua Ventures and JLL Spark),2026-09-21,03:30pm-06:30pm,America/New_York (assumed; NYC listing),330 Madison Avenue,,Manhattan,Zacua Ventures and JLL,https://www.climateweeknyc.org/event-search/built-world-resiliency-from-data-centers-to-materials?hsLang=en,https://luma.com/hv33ltxq,climateweeknyc.org/event-search (official),In-person,none,6,built world / data centers / real estate; energy / grid / power markets; software / data / AI infrastructure,,Not stated on official listing (unverified),unknown,Public event on official directory; eligibility not inferred,"Registration availability not observed; Public event (official page, 2026-09-10)",2026-09-10 (this pass),4,Candidate-pending-verification,Registration status/price/eligibility not verified.,built-world-resiliency-from-data-centers-to-materials,,,directory-tag only (description not retrieved),yes
CW-0127,official-838,Catalyst Conversations of Consequence: The Leadership Challenge,2026-09-21,05:00pm-06:30pm,America/New_York (assumed; NYC listing),536 Myrtle Avenue,,Brooklyn,"Pratt Institute, Creative Enterprise Leadership",https://www.climateweeknyc.org/event-search/catalyst-conversations-of-consequence-the-leadership-challenge?hsLang=en,https://forms.gle/1gTDfSbrPqYvu5ey7,climateweeknyc.org/event-search (official),Hybrid,medium,3,software / data / AI infrastructure  [secondary: cities / urban systems],,Not stated on official listing (unverified),unknown,Public event on official directory; eligibility not inferred,"Registration availability not observed; Public event (official page, 2026-09-10)",2026-09-10 (this pass),4,Candidate-pending-verification,Registration status/price/eligibility not verified.,catalyst-conversations-of-consequence-the-leadership-challenge,,,directory-tag only (description not retrieved),no
CW-0132,official-838,Embodied Carbon Game Night,2026-09-21,05:00pm-06:30pm,America/New_York (assumed; NYC listing),11 W 42nd Street,,Manhattan,AIANY Committee on the Environment (COTE) and the Carbon Leadership Forum NYC,https://www.climateweeknyc.org/event-search/embodied-carbon-game-night?hsLang=en,https://aiany.my.site.com/community/evt__QuickEvent?id=a0bPO000006qbCv,climateweeknyc.org/event-search (official),In-person,medium,2,built world / data centers / real estate,,Not stated on official listing (unverified),unknown,Public event on official directory; eligibility not inferred,"Registration availability not observed; Public event (official page, 2026-09-10)",2026-09-10 (this pass),3,Candidate-pending-verification,Registration status/price/eligibility not verified.,embodied-carbon-game-night,,,directory-tag only (description not retrieved),no
CW-0061,official-838,Bring a Film to Life! Seedlings Collective x Nightflower Happy Hour,2026-09-21,06:00pm-08:30pm,America/New_York (assumed; NYC listing),155 Suffolk St,,Manhattan,Seedlings Collective,https://www.climateweeknyc.org/event-search/happy-hour-seedlings-collective-x-nightflower-film-kickoff?hsLang=en,https://givebutter.com/happy-hour-seedlings-collective-x-nightflower-film-kickoff,climateweeknyc.org/event-search (official),In-person,strong,3,energy / grid / power markets  [secondary: cities / urban systems],,Not stated on official listing (unverified),unknown,Public event on official directory; eligibility not inferred,"Registration availability not observed; Public event (official page, 2026-09-10)",2026-09-10 (this pass),5,Candidate-pending-verification,Registration status/price/eligibility not verified.,happy-hour-seedlings-collective-x-nightflower-film-kickoff,,,directory-tag only (description not retrieved),no
CW-0146,official-838,Climate Week NYC Opening Roundtable – Why electrification is good business,2026-09-21,07:30am-09:00am,America/New_York (assumed; NYC listing),New York City,,,Climate Group,https://www.climateweeknyc.org/event-search/climate-week-nyc-opening-roundtable-why-electrification-is-good-business?hsLang=en,https://eur.cvent.me/9aR2QV?rt=V0Ac6ckJMkOxbM_kz8XScw&RefId=CrprtNnmbrsCWNYCStHLOPdApp,climateweeknyc.org/event-search (official),In-person,strong,2,energy / grid / power markets,,Not stated on official listing (unverified),unknown,Private event on official directory; eligibility not inferred,"Registration availability not observed; Private event (official page, 2026-09-10)",2026-09-10 (this pass),4,Candidate-pending-verification,Registration status/price/eligibility not verified.,climate-week-nyc-opening-roundtable-why-electrification-is-good-business,,,directory-tag only (description not retrieved),no
CW-0116,official-838,"Columbia Fashion, Energy, and Climate Summit",2026-09-21,09:00am-05:00pm,America/New_York (assumed; NYC listing),2950 Broadway,,Manhattan,"Fashion, Energy, and Climate Network, Columbia Climate School & Center on Global Energy Policy, School of International and Public Affairs",https://www.climateweeknyc.org/event-search/columbia-fashion-energy-and-climate-summit?hsLang=en,https://events.columbia.edu/go/fashionenergyclimatesummit,climateweeknyc.org/event-search (official),In-person,strong,4,energy / grid / power markets; industrial decarbonization / manufacturing,,Not stated on official listing (unverified),unknown,Public event on official directory; eligibility not inferred,"Registration availability not observed; Public event (official page, 2026-09-10)",2026-09-10 (this pass),6,Candidate-pending-verification,Registration status/price/eligibility not verified.,columbia-fashion-energy-and-climate-summit,,,directory-tag only (description not retrieved),yes
CW-0144,official-838,Lithuania-U.S. Presidential Energy & Resilience Forum,2026-09-21,09:30am-01:00pm,America/New_York (assumed; NYC listing),Input Physical Address,,,Lithuania,https://www.climateweeknyc.org/event-search/lithuania-us-presidential-energy-resilience-forum?hsLang=en,https://luma.com/hnnimf1p,climateweeknyc.org/event-search (official),In-person,medium,4,energy / grid / power markets; software / data / AI infrastructure,,Not stated on official listing (unverified),unknown,Official directory access type not stated.,Not individually observed in this pass,2026-09-10 (this pass),5,Candidate-pending-verification,Registration status/price/eligibility not verified.,lithuania-us-presidential-energy-resilience-forum,,,directory-tag only (description not retrieved),yes
CW-0076,official-838,FABSCRAP Climate Week Warehouse Tours,2026-09-21,10:00am-11:00am,America/New_York (assumed; NYC listing),140 58th St,,Brooklyn,"Co-Founder, Camille Tagle",https://www.climateweeknyc.org/event-search/fabscrap-climate-week-warehouse-tours?hsLang=en,https://www.eventbrite.com/e/climate-week-warehouse-tours-tickets-1989681591200,climateweeknyc.org/event-search (official),In-person,strong,2,industrial decarbonization / manufacturing,,Not stated on official listing (unverified),unknown,Public event on official directory; eligibility not inferred,"Registration availability not observed; Public event (official page, 2026-09-10)",2026-09-10 (this pass),4,Candidate-pending-verification,Registration status/price/eligibility not verified.,fabscrap-climate-week-warehouse-tours,"10:00am - 11:00am, Monday, September 21, 2026 140 58th St, STE 5H-3, Brooklyn, Brooklyn, New York, 11220, United States Public event Register now Ever wondered how FABSCRAP works? This is your chance to see our process first-hand! On this behind-the-scenes tour, you’ll learn the full cycle of FABSCRAP's operations, and how we work with fashion brands to divert pre-consumer textile waste from landfills through reuse, recycling, and community action.",,primary-page (official description parsed 2026-09-10),no
CW-0117,official-838,Taming Traffic: How Congestion Pricing Became a Breath of Fresh Air for New York,2026-09-21,12:00pm-01:30pm,America/New_York (assumed; NYC listing),40 W 20th St,,Manhattan,"NRDC, C40 and Parking Reform Network",https://www.climateweeknyc.org/event-search/taming-traffic-how-congestion-pricing-became-a-breath-of-fresh-air-for-new-york?hsLang=en,https://docs.google.com/forms/d/e/1FAIpQLSf3W1dxs4VooecLY7Uxqgt8PjhBwaGcj-wl3Ehk2BTXaYDNEQ/viewform?usp=dialog,climateweeknyc.org/event-search (official),In-person,strong,4,energy / grid / power markets  [secondary: cities / urban systems; transport / mobility],,Not stated on official listing (unverified),unknown,Public event on official directory; eligibility not inferred,"Registration availability not observed; Public event (official page, 2026-09-10)",2026-09-10 (this pass),6,Candidate-pending-verification,Registration status/price/eligibility not verified.,taming-traffic-how-congestion-pricing-became-a-breath-of-fresh-air-for-new-york,,,directory-tag only (description not retrieved),no
CW-0206,official-838,Beyond the Pilot: Securing Corporate Adoption,2026-09-22,01:00pm-03:00pm,America/New_York (assumed; NYC listing),80 58th Street,,Brooklyn,LACI at BATWorks and Urban Future Lab (UFL),https://www.climateweeknyc.org/event-search/beyond-the-pilot-securing-corporate-adoption?hsLang=en,https://events.laincubator.org/cwnyc26-beyond-pilot-corporate-adoption,climateweeknyc.org/event-search (official),In-person,medium,4,energy / grid / power markets; software / data / AI infrastructure,,Not stated on official listing (unverified),unknown,Public event on official directory; eligibility not inferred,"Registration availability not observed; Public event (official page, 2026-09-10)",2026-09-10 (this pass),5,Candidate-pending-verification,Registration status/price/eligibility not verified.,beyond-the-pilot-securing-corporate-adoption,"01:00pm - 03:00pm, Tuesday, September 22, 2026 80 58th Street, Brooklyn, Brooklyn, New York, 11220, United States Public event Register now Join LACI at BATWorks and Urban Future Lab (UFL) at NYU Tandon for Beyond the Pilot: Securing Corporate Adoption on Sept 22, 2026. For many climate startups, scaling beyond the pilot can represent a formidable valley of death. How can climate startups better learn how to master B2B customer engagement? And what do climate corporations wish startups understoo",,primary-page (official description parsed 2026-09-10),yes
CW-0339,official-838,Where AI Scales and the Grid Gets Cleaner: Australia's Opportunity - Afternoon Forum & Networking,2026-09-22,01:30pm-05:00pm,America/New_York (assumed; NYC listing),600 Third Avenue,,Manhattan,Australian Trade & Investment Commission in partnership with Fortescue,https://www.climateweeknyc.org/event-search/where-ai-scales-and-the-grid-gets-cleaner-australias-opportunity-afternoon-forum-networking?hsLang=en,https://luma.com/2uu2n368,climateweeknyc.org/event-search (official),In-person,strong,4,energy / grid / power markets; software / data / AI infrastructure,,Not stated on official listing (unverified),unknown,Public event on official directory; eligibility not inferred,"Registration availability not observed; Public event (official page, 2026-09-10)",2026-09-10 (this pass),6,Candidate-pending-verification,Registration status/price/eligibility not verified.,where-ai-scales-and-the-grid-gets-cleaner-australias-opportunity-afternoon-forum-networking,,,directory-tag only (description not retrieved),yes
CW-0274,official-838,Trading for Food Security in a Changing Climate,2026-09-22,02:00pm-03:00pm,America/New_York (assumed; NYC listing),Chelsea/Meatpacking District. Exact address provided upon RSVP approval,,Manhattan,​The Abdul Latif Jameel Water and Food Systems Lab (J-WAFS) at MIT,https://www.climateweeknyc.org/event-search/trading-for-food-security-in-a-changing-climate?hsLang=en,https://luma.com/5ap2c45e,climateweeknyc.org/event-search (official),In-person,medium,2,industrial decarbonization / manufacturing,,Not stated on official listing (unverified),unknown,Public event on official directory; eligibility not inferred,"Registration availability not observed; Public event (official page, 2026-09-10)",2026-09-10 (this pass),3,Candidate-pending-verification,Registration status/price/eligibility not verified.,trading-for-food-security-in-a-changing-climate,,,directory-tag only (description not retrieved),no
CW-0367,official-838,The Water–Flooding–Energy Nexus in New York;Inaugural Workshop of the NYC Water Environment Technology (W.E.T.) Lab,2026-09-22,03:00pm-05:00pm,America/New_York (assumed; NYC listing),140 Broadway,,Manhattan,Co-hosted by Pratt Institute Graduate Architecture/Landscape Architecture/Urban Design and Arup,https://www.climateweeknyc.org/event-search/the-waterfloodingenergy-nexus-in-new-yorkinaugural-workshop-of-the-nyc-water-environment-technology-wet-lab?hsLang=en,https://info.arup.com/3284-Water-Flooding-Energy-Nexus-NY_Register-Interest.html,climateweeknyc.org/event-search (official),In-person,medium,5,built world / data centers / real estate; energy / grid / power markets  [secondary: cities / urban systems],,Not stated on official listing (unverified),unknown,Public event on official directory; eligibility not inferred,"Registration availability not observed; Public event (official page, 2026-09-10)",2026-09-10 (this pass),6,Candidate-pending-verification,Registration status/price/eligibility not verified.,the-waterfloodingenergy-nexus-in-new-yorkinaugural-workshop-of-the-nyc-water-environment-technology-wet-lab,"03:00pm - 05:00pm, Tuesday, September 22, 2026 140 Broadway, Manhattan, New York, New York, 10005, United States Public event Register now Concept: This invite only workshop will have two primary goals structured in two lightning round sessions. They are to first assess compound integrated water and hydro-electric capacities for two specific NYC sites and second to identify a broader set of candidate sites that have active funding/investment streams which can foster catalytic adaptation at a “di",,primary-page (official description parsed 2026-09-10),yes
CW-0201,official-838,"Climate Under Pressure: A Corporate Fishbowl on Risk, Resilience, and Finance",2026-09-22,03:30pm-06:00pm,America/New_York (assumed; NYC listing),875 3rd Ave,,Manhattan,The Conference Board,https://www.climateweeknyc.org/event-search/climate-under-pressure-a-corporate-fishbowl-on-risk-resilience-and-finance?hsLang=en,https://www.conference-board.org/events/Climate-week,climateweeknyc.org/event-search (official),In-person,medium,4,climate finance / investment; industrial decarbonization / manufacturing,,Not stated on official listing (unverified),unknown,Private event on official directory; eligibility not inferred,"Registration availability not observed; Private event (official page, 2026-09-10)",2026-09-10 (this pass),5,Candidate-pending-verification,Registration status/price/eligibility not verified.,climate-under-pressure-a-corporate-fishbowl-on-risk-resilience-and-finance,"03:30pm - 06:00pm, Tuesday, September 22, 2026 875 3rd Ave, Manhattan, New York, New York, 10022, United States Private event Register now Whether you're leading sustainability, corporate citizenship, or ESG strategy, this discussion will provide practical insights into turning climate ambition into durable business action.",,primary-page (official description parsed 2026-09-10),no
CW-0161,official-838,Convening The Next-Gen Materials Transition,2026-09-22,03:30pm-07:30pm,America/New_York (assumed; NYC listing),227 W 27th St,,Manhattan,EcoAge,https://www.climateweeknyc.org/event-search/convening-the-next-gen-materials-transition?hsLang=en,https://nycw-nextgenmaterials.rsvpify.com,climateweeknyc.org/event-search (official),In-person,medium,2,industrial decarbonization / manufacturing,,Not stated on official listing (unverified),unknown,Private event on official directory; eligibility not inferred,"Registration availability not observed; Private event (official page, 2026-09-10)",2026-09-10 (this pass),3,Candidate-pending-verification,Registration status/price/eligibility not verified.,convening-the-next-gen-materials-transition,,,directory-tag only (description not retrieved),no
CW-0166,official-838,Datamaran's Executive Forum at Climate Week NYC,2026-09-22,03:30pm-10:00pm,America/New_York (assumed; NYC listing),267 5th Ave,,Manhattan,Datamaran,https://www.climateweeknyc.org/event-search/datamaran-at-climate-week?hsLang=en,https://datamaran.registration.goldcast.io/events/daf5efe1-e421-4d88-80c6-eb3b94b57cef,climateweeknyc.org/event-search (official),In-person,medium,4,industrial decarbonization / manufacturing; software / data / AI infrastructure,,Not stated on official listing (unverified),unknown,Private event on official directory; eligibility not inferred,"Registration availability not observed; Private event (official page, 2026-09-10)",2026-09-10 (this pass),5,Candidate-pending-verification,Registration status/price/eligibility not verified.,datamaran-at-climate-week,,,directory-tag only (description not retrieved),yes
CW-0222,official-838,Climate Week: Investors & Founders Connect,2026-09-22,04:00pm-07:00pm,America/New_York (assumed; NYC listing),620 8th Ave,,Manhattan,Innovation Space and Goodwin Procter,https://www.climateweeknyc.org/event-search/climate-week-investors-founders-connect?hsLang=en,https://share.hsforms.com/1BvI5HjkLR3SyPaC9wRw4Lg4bpzr,climateweeknyc.org/event-search (official),In-person,strong,6,energy / grid / power markets; climate finance / investment; industrial decarbonization / manufacturing,,Not stated on official listing (unverified),unknown,Private event on official directory; eligibility not inferred,"Registration availability not observed; Private event (official page, 2026-09-10)",2026-09-10 (this pass),8,Candidate-pending-verification,Registration status/price/eligibility not verified.,climate-week-investors-founders-connect,,,directory-tag only (description not retrieved),yes
CW-0387,official-838,"Fireside Chat & AMA with Andy Bowman, Jupiter Power",2026-09-22,05:00pm-07:30pm,America/New_York (assumed; NYC listing),88 Pine Street,,Manhattan,Modo Energy,https://www.climateweeknyc.org/event-search/fireside-chat-ama-with-andy-bowman-jupiter-power?hsLang=en,https://luma.com/modo-34z5,climateweeknyc.org/event-search (official),In-person,medium,2,energy / grid / power markets,,Not stated on official listing (unverified),unknown,Private event on official directory; eligibility not inferred,"Registration availability not observed; Private event (official page, 2026-09-10)",2026-09-10 (this pass),3,Candidate-pending-verification,Registration status/price/eligibility not verified.,fireside-chat-ama-with-andy-bowman-jupiter-power,,,directory-tag only (description not retrieved),no
CW-0171,official-838,"Lewis Mumford Lecture: “From Crisis to Proximity: A New Social Contract for Cities,” Featuring Carlos Moreno",2026-09-22,06:00pm-07:30pm,America/New_York (assumed; NYC listing),160 Convent Avenue,,Manhattan,,https://www.climateweeknyc.org/event-search/lewis-mumford-lecture-from-crisis-to-proximity-a-new-social-contract-for-cities-featuring-carlos-moreno?hsLang=en,https://www.eventbrite.com/e/from-crisis-to-proximity-a-new-social-contract-for-cities-tickets-1992431402961?aff=oddtdtcreator#search,climateweeknyc.org/event-search (official),In-person,strong,4,built world / data centers / real estate; energy / grid / power markets,,Not stated on official listing (unverified),unknown,Public event on official directory; eligibility not inferred,"Registration availability not observed; Public event (official page, 2026-09-10)",2026-09-10 (this pass),6,Candidate-pending-verification,Registration status/price/eligibility not verified.,lewis-mumford-lecture-from-crisis-to-proximity-a-new-social-contract-for-cities-featuring-carlos-moreno,,,directory-tag only (description not retrieved),no
CW-0275,official-838,"Circular By Design: MIT Alumni Shaping the Future of Cities, Materials, Products and Systems",2026-09-22,06:00pm-08:30pm,America/New_York (assumed; NYC listing),12-16,,Manhattan,"MIT Alumni Energy, Environment and Sustainability Network (EESN), MIT Club of NY, MIT Sloan Club of NY",https://www.climateweeknyc.org/event-search/circular-by-design-mit-alumni-shaping-the-future-of-cities-materials-products-and-systems?hsLang=en,https://alumcommunity.mit.edu/topics/28487/events/283992,climateweeknyc.org/event-search (official),In-person,strong,6,built world / data centers / real estate; industrial decarbonization / manufacturing  [secondary: cities / urban systems; transport / mobility],,Not stated on official listing (unverified),unknown,Private event on official directory; eligibility not inferred,"Registration availability not observed; Private event (official page, 2026-09-10)",2026-09-10 (this pass),8,Candidate-pending-verification,Registration status/price/eligibility not verified.,circular-by-design-mit-alumni-shaping-the-future-of-cities-materials-products-and-systems,,,directory-tag only (description not retrieved),yes
CW-0172,official-838,The Nest Campus,2026-09-22,07:30am,America/New_York (assumed; NYC listing),North Javits Center  - 445 11th Ave,,Manhattan,The Nest Campus,https://www.climateweeknyc.org/event-search/the-nest-campus?hsLang=en,https://www.thenestclimatecampus.com/register?utm_campaign=43858591-TNC-Attendees-Free-2026&utm_source=Climate%20Group&utm_term=Directory%20Listing&utm_content=ClimateWeekNYC,climateweeknyc.org/event-search (official),In-person,none,0,,,Not stated on official listing (unverified),unknown,Public event on official directory; eligibility not inferred,"Registration availability not observed; Public event (official page, 2026-09-10)",2026-09-10 (this pass),-2,Candidate-pending-verification,Registration status/price/eligibility not verified.,the-nest-campus,"07:30am, Tuesday, September 22, 2026 North Javits Center - 445 11th Ave, Manhattan, New York, New York, 10001, United States Public event Register now THE NEXUS OF THE RESILIENCE ECONOMY During Climate Week NYC, the right people are in the city — but rarely in the same room. The Nest Campus changes that. One high-density environment where decision-makers across sectors gather to define and accelerate the resilience economy.",,primary-page (official description parsed 2026-09-10),no
CW-0170,official-838,Reforest the Future Summit,2026-09-22,08:00am-02:00pm,America/New_York (assumed; NYC listing),Manhattan,,Manhattan,,https://www.climateweeknyc.org/event-search/reforest-the-future-summit?hsLang=en,https://luma.com/db8gacv3,climateweeknyc.org/event-search (official),In-person,medium,2,climate finance / investment,,Not stated on official listing (unverified),unknown,Private event on official directory; eligibility not inferred,"Registration availability not observed; Private event (official page, 2026-09-10)",2026-09-10 (this pass),3,Candidate-pending-verification,Registration status/price/eligibility not verified.,reforest-the-future-summit,,,directory-tag only (description not retrieved),no
CW-0235,official-838,State and Local Climate Policy Symposium,2026-09-22,09:00am-03:00pm,America/New_York (assumed; NYC listing),113 W. 60th St,,Manhattan,Environmental Advocates NY and Fordham University,https://www.climateweeknyc.org/event-search/state-and-local-climate-policy-symposium?hsLang=en,https://luma.com/climateweekpolicysymposium,climateweeknyc.org/event-search (official),In-person,medium,4,built world / data centers / real estate; energy / grid / power markets,,Not stated on official listing (unverified),unknown,Public event on official directory; eligibility not inferred,"Registration availability not observed; Public event (official page, 2026-09-10)",2026-09-10 (this pass),5,Candidate-pending-verification,Registration status/price/eligibility not verified.,state-and-local-climate-policy-symposium,,,directory-tag only (description not retrieved),no
CW-0177,official-838,The Cool House: The Unofficial Cooling Destination of Climate Week NYC,2026-09-22,09:00am-05:30pm,America/New_York (assumed; NYC listing),Oasis by Workville,,Manhattan,Refrigerant Emissions Elimination Forum (REEF),https://www.climateweeknyc.org/event-search/the-cool-house-the-unofficial-cooling-destination-of-climate-week-nyc?hsLang=en,https://luma.com/x9325kwa,climateweeknyc.org/event-search (official),In-person,medium,2,built world / data centers / real estate,,Not stated on official listing (unverified),unknown,Public event on official directory; eligibility not inferred,"Registration availability not observed; Public event (official page, 2026-09-10)",2026-09-10 (this pass),3,Candidate-pending-verification,Registration status/price/eligibility not verified.,the-cool-house-the-unofficial-cooling-destination-of-climate-week-nyc,,,directory-tag only (description not retrieved),no
CW-0215,official-838,Transit Abundance is a Climate Solution,2026-09-22,09:00am-10:30am,America/New_York (assumed; NYC listing),49 Elizabeth St. 6th Floor,,Manhattan,"Metropolitan Abundance Project, Institute for Progress, and Parking Reform Network",https://www.climateweeknyc.org/event-search/transportation-abundance?hsLang=en,https://luma.com/parking-qmu7,climateweeknyc.org/event-search (official),In-person,strong,2,  [secondary: cities / urban systems; transport / mobility],,Not stated on official listing (unverified),unknown,Public event on official directory; eligibility not inferred,"Registration availability not observed; Public event (official page, 2026-09-10)",2026-09-10 (this pass),4,Candidate-pending-verification,Registration status/price/eligibility not verified.,transportation-abundance,,,directory-tag only (description not retrieved),no
CW-0270,official-838,Pancakes* with PENSA: A Forum for Leaders of Hardware Startups,2026-09-22,09:00am-11:00am,America/New_York (assumed; NYC listing),TBA,,Brooklyn,Pensa,https://www.climateweeknyc.org/event-search/pancakes-with-pensa-a-forum-for-leaders-of-hardware-startups?hsLang=en,https://pensa.co/pancakes,climateweeknyc.org/event-search (official),In-person,medium,10,built world / data centers / real estate; energy / grid / power markets; industrial decarbonization / manufacturing; software / data / AI infrastructure  [secondary: cities / urban systems; transport / mobility],,Not stated on official listing (unverified),unknown,Public event on official directory; eligibility not inferred,"Registration availability not observed; Public event (official page, 2026-09-10)",2026-09-10 (this pass),11,Candidate-pending-verification,Registration status/price/eligibility not verified.,pancakes-with-pensa-a-forum-for-leaders-of-hardware-startups,,,directory-tag only (description not retrieved),yes
CW-0311,official-838,Pathways to Power: Building Sustainable Careers,2026-09-22,11:30am-05:00am,America/New_York (assumed; NYC listing),466 Grand Street,,Manhattan,Henry Street Settlement;Stacks+Joules;Willdan Clean Energy Academy;The Green Launchpad;Lower East Side Employment Network;Energy Economic Development Corporation,https://www.climateweeknyc.org/event-search/pathways-to-power-building-sustainable-careers?hsLang=en,https://abronsartscenter.app.getcuebox.com/o/C5XTY485/shows/QLJZTGJV,climateweeknyc.org/event-search (official),In-person,strong,2,built world / data centers / real estate,,Not stated on official listing (unverified),unknown,Public event on official directory; eligibility not inferred,"Registration availability not observed; Public event (official page, 2026-09-10)",2026-09-10 (this pass),4,Candidate-pending-verification,Registration status/price/eligibility not verified.,pathways-to-power-building-sustainable-careers,"11:30am - 05:00am, Tuesday, September 22, 2026 466 Grand Street, Manhattan, New York, New York, 10002, United States Public event Register now We are bringing together workforce development professionals, building operators and property solutions companies, clean energy and decarbonization companies, city and state agency leaders, clean energy industry training parners, community organizations and regional economic development agencies for conversations. Topics include workforce development stra",,primary-page (official description parsed 2026-09-10),yes
CW-0326,official-838,CSO Roundtable with Tim Mohin: Realizing and Communicating the Value of Sustainability and Carbon Management,2026-09-22,12:00pm-02:00pm,America/New_York (assumed; NYC listing),,,,Covington & Burling,https://www.climateweeknyc.org/event-search/cso-roundtable-with-tim-mohin-realizing-and-communicating-the-value-of-sustainability-and-carbon-management?hsLang=en,https://forms.cloud.microsoft/pages/responsepage.aspx?id=wbmMV0W0HkqkXXn82_Gl0xNpYB0QJEZFuxh11n9Y9SxUMUIzS0tRTjg1QkNGUE9HTUQyNldGUzRPUC4u&route=shorturl,climateweeknyc.org/event-search (official),In-person,strong,1,  [secondary: cities / urban systems],,Not stated on official listing (unverified),unknown,Private event on official directory; eligibility not inferred,"Registration availability not observed; Private event (official page, 2026-09-10)",2026-09-10 (this pass),3,Candidate-pending-verification,Registration status/price/eligibility not verified.,cso-roundtable-with-tim-mohin-realizing-and-communicating-the-value-of-sustainability-and-carbon-management,,,directory-tag only (description not retrieved),no
CW-0209,official-838,Resilience Action Lab: Building an Integrated Just Transition for Our Communities,2026-09-22,12:00pm-02:30pm,America/New_York (assumed; NYC listing),Cornell Club 6 E 44th St,,Manhattan,Dartmouth Climate Collaborative,https://www.climateweeknyc.org/event-search/resilience-action-lab-building-an-integrated-just-transition-for-our-communities?hsLang=en,https://climate.dartmouth.edu/news-events/climate-week-new-york-city-2026,climateweeknyc.org/event-search (official),In-person,medium,2,energy / grid / power markets,,Not stated on official listing (unverified),unknown,Private event on official directory; eligibility not inferred,"Registration availability not observed; Private event (official page, 2026-09-10)",2026-09-10 (this pass),3,Candidate-pending-verification,Registration status/price/eligibility not verified.,resilience-action-lab-building-an-integrated-just-transition-for-our-communities,"12:00pm - 02:30pm, Tuesday, September 22, 2026 Cornell Club 6 E 44th St, Manhattan, New York, New York, 10017, United States Private event Register now This interactive, train-the-trainers workshop explores how communities and organizations can build more resilient, equitable futures by addressing multiple challenges at once. Through a facilitated World Café process, Dartmouth insight briefings, peer learning, and hands-on activities, participants will apply systems thinking, multisolving, and a",,primary-page (official description parsed 2026-09-10),yes
CW-0297,official-838,"The Collision - AI's Sustainability Challenge: A  Case Study on Data Centers, Emissions, and the Future of Climate Accountability",2026-09-22,12:00pm-03:00pm,America/New_York (assumed; NYC listing),1345 Avenue of the Americas,,Manhattan,"AICPA and CIMA and Oxford University, Said Business School",https://www.climateweeknyc.org/event-search/the-collision-ais-sustainability-challenge-a-case-study-on-data-centers-emissions-and-the-future-of-climate-accountability?hsLang=en,https://27aicpa-esg.epwebsite.com/,climateweeknyc.org/event-search (official),In-person,medium,4,climate finance / investment; software / data / AI infrastructure,,Not stated on official listing (unverified),unknown,Public event on official directory; eligibility not inferred,"Registration availability not observed; Public event (official page, 2026-09-10)",2026-09-10 (this pass),5,Candidate-pending-verification,Registration status/price/eligibility not verified.,the-collision-ais-sustainability-challenge-a-case-study-on-data-centers-emissions-and-the-future-of-climate-accountability,,,directory-tag only (description not retrieved),yes
CW-0355,official-838,"Human Planet: ​Climate, Care, Children and Innovative Finance",2026-09-22,12:00pm-03:00pm,America/New_York (assumed; NYC listing),Jay Conference Chelsea,,Manhattan,Human Planet and Partners,https://www.climateweeknyc.org/event-search/human-planet-climate-care-children-and-innovative-finance?hsLang=en,https://luma.com/shfxsx7g,climateweeknyc.org/event-search (official),In-person,medium,2,built world / data centers / real estate,,Not stated on official listing (unverified),unknown,Public event on official directory; eligibility not inferred,"Registration availability not observed; Public event (official page, 2026-09-10)",2026-09-10 (this pass),3,Candidate-pending-verification,Registration status/price/eligibility not verified.,human-planet-climate-care-children-and-innovative-finance,,,directory-tag only (description not retrieved),yes
CW-0524,official-838,Swiss Climatetech Showcase,2026-09-23,01:00pm-02:30pm,America/New_York (assumed; NYC listing),150 1st Ave,,Manhattan,Swissnex,https://www.climateweeknyc.org/event-search/swiss-climatetech-showcase?hsLang=en,https://swissnex.org/boston/event/assembly-swiss-climate-showcase/,climateweeknyc.org/event-search (official),In-person,strong,6,built world / data centers / real estate; energy / grid / power markets; industrial decarbonization / manufacturing,,Not stated on official listing (unverified),unknown,Public event on official directory; eligibility not inferred,"Registration availability not observed; Public event (official page, 2026-09-10)",2026-09-10 (this pass),8,Candidate-pending-verification,Registration status/price/eligibility not verified.,swiss-climatetech-showcase,,,directory-tag only (description not retrieved),yes
CW-0434,official-838,Following the Money to Climate Justice: A Practical Workshop for Climate Strategists,2026-09-23,01:00pm-03:00pm,America/New_York (assumed; NYC listing),109 W 39th St 2nd Fl (London Room),,Manhattan,Inclusive Development International (IDI),https://www.climateweeknyc.org/event-search/following-the-money-to-climate-justice-a-practical-workshop-for-climate-strategists?hsLang=en,https://luma.com/0uf31i74,climateweeknyc.org/event-search (official),In-person,medium,4,climate finance / investment; industrial decarbonization / manufacturing,,Not stated on official listing (unverified),unknown,Public event on official directory; eligibility not inferred,"Registration availability not observed; Public event (official page, 2026-09-10)",2026-09-10 (this pass),5,Candidate-pending-verification,Registration status/price/eligibility not verified.,following-the-money-to-climate-justice-a-practical-workshop-for-climate-strategists,"01:00pm - 03:00pm, Wednesday, September 23, 2026 109 W 39th St 2nd Fl (London Room), Manhattan, New York, New York, 10018, United States Public event Register now Inclusive Development International (IDI) invites funders, researchers, advocates, and campaigners to a hands-on demonstration of our Follow the Money methodology and open-source data tools that reveal the lenders, shareholders, buyers, and development finance institutions behind large-scale investment projects. Learn how our methodolo",,primary-page (official description parsed 2026-09-10),yes
CW-0395,official-838,What is Shaping Data Center Energy? | Panel & Networking Lunch,2026-09-23,01:00pm-04:00pm,America/New_York (assumed; NYC listing),285 Fulton St,,Manhattan,GO2 Markets,https://www.climateweeknyc.org/event-search/what-is-shaping-data-center-energy-panel-networking-lunch?hsLang=en,https://luma.com/m1avo0bz,climateweeknyc.org/event-search (official),In-person,strong,6,energy / grid / power markets; industrial decarbonization / manufacturing; software / data / AI infrastructure,,Not stated on official listing (unverified),unknown,Private event on official directory; eligibility not inferred,"Registration availability not observed; Private event (official page, 2026-09-10)",2026-09-10 (this pass),8,Candidate-pending-verification,Registration status/price/eligibility not verified.,what-is-shaping-data-center-energy-panel-networking-lunch,,,directory-tag only (description not retrieved),yes
CW-0405,official-838,From Data to Decarbonization: AI-Powered Climate Action Across the Value Chain,2026-09-23,01:00pm-06:00pm,America/New_York (assumed; NYC listing),432 W 45th St,,Manhattan,ASUENE Inc.,https://www.climateweeknyc.org/event-search/from-data-to-decarbonization-ai-powered-climate-action-across-the-value-chain?hsLang=en,https://luma.com/k7xjtird,climateweeknyc.org/event-search (official),In-person,none,6,energy / grid / power markets; industrial decarbonization / manufacturing; software / data / AI infrastructure,,Not stated on official listing (unverified),unknown,Public event on official directory; eligibility not inferred,"Registration availability not observed; Public event (official page, 2026-09-10)",2026-09-10 (this pass),4,Candidate-pending-verification,Registration status/price/eligibility not verified.,from-data-to-decarbonization-ai-powered-climate-action-across-the-value-chain,,,directory-tag only (description not retrieved),yes
CW-0544,official-838,Honest Conversation on the Insurability Crisis,2026-09-23,02:30pm-04:30pm,America/New_York (assumed; NYC listing),25 11TH Ave AT Hudson River Park,,Manhattan,"New York Communities for Change, Rainforest Action Network, Stop the Money Pipeline, Urgewald",https://www.climateweeknyc.org/event-search/honest-conversation-on-the-insurability-crisis?hsLang=en,https://www.eventbrite.com/e/an-honest-conversation-on-the-insurability-crisis-tickets-1999273993333?aff=oddtdtcreator&keep_tld=true,climateweeknyc.org/event-search (official),In-person,strong,2,climate finance / investment,,Not stated on official listing (unverified),unknown,Official directory access type not stated.,Not individually observed in this pass,2026-09-10 (this pass),4,Candidate-pending-verification,Registration status/price/eligibility not verified.,honest-conversation-on-the-insurability-crisis,,,directory-tag only (description not retrieved),no
CW-0425,official-838,Making the Case for Climate-Aligned Abundance and Urbanism,2026-09-23,03:00pm-04:15pm,America/New_York (assumed; NYC listing),395 Hudson Street,,Manhattan,"World Resources Institute, Metropolitan Abundance Project, Climate Cabinet, Parking Reform Network",https://www.climateweeknyc.org/event-search/making-the-case-for-climate-aligned-abundance-and-urbanism?hsLang=en,https://luma.com/parking-tpr0,climateweeknyc.org/event-search (official),In-person,strong,3,built world / data centers / real estate  [secondary: cities / urban systems],,Not stated on official listing (unverified),unknown,Public event on official directory; eligibility not inferred,"Registration availability not observed; Public event (official page, 2026-09-10)",2026-09-10 (this pass),5,Candidate-pending-verification,Registration status/price/eligibility not verified.,making-the-case-for-climate-aligned-abundance-and-urbanism,,,directory-tag only (description not retrieved),no
CW-0489,official-838,Nuclear Symposium,2026-09-23,03:00pm-07:00pm,America/New_York (assumed; NYC listing),Wed Sep 23rd: NY City Bar Association (42 West 44 St),,Manhattan,Nuclear New York,https://www.climateweeknyc.org/event-search/nuclear-symposium?hsLang=en,https://nuclearsymposium.com/tickets,climateweeknyc.org/event-search (official),In-person,medium,6,energy / grid / power markets; climate finance / investment; industrial decarbonization / manufacturing,,Not stated on official listing (unverified),unknown,Public event on official directory; eligibility not inferred,"Registration availability not observed; Public event (official page, 2026-09-10)",2026-09-10 (this pass),7,Candidate-pending-verification,Registration status/price/eligibility not verified.,nuclear-symposium,"03:00pm - 07:00pm, Wednesday, September 23, 2026 Wed Sep 23rd: NY City Bar Association (42 West 44 St), Thu Sep 24th: Verizon Executive Education Center at Cornell Tech (Roosevelt Island), Manhattan, New York, New York Public event Register now Building on New York’s push for a clean energy future, the 2026 Nuclear Symposium focuses on delivering clean, safe, reliable, and affordable power at scale. For the first time, the communities, the developers, the buyers, the regulators, and the capital ",,primary-page (official description parsed 2026-09-10),yes
CW-0495,official-838,Throw me some Shade - Demos and Drinks with Clean Tech startups,2026-09-23,06:00pm-09:00pm,America/New_York (assumed; NYC listing),117 Barrow St,,Manhattan,Out In Tech,https://www.climateweeknyc.org/event-search/throw-me-some-shade-demos-and-drinks-with-clean-tech-startups?hsLang=en,https://outintech.com/event/out-in-tech-ny-demos-and-drinks-with-clean-tech-startups/,climateweeknyc.org/event-search (official),In-person,strong,4,climate finance / investment; software / data / AI infrastructure,,Not stated on official listing (unverified),unknown,Private event on official directory; eligibility not inferred,"Registration availability not observed; Private event (official page, 2026-09-10)",2026-09-10 (this pass),6,Candidate-pending-verification,Registration status/price/eligibility not verified.,throw-me-some-shade-demos-and-drinks-with-clean-tech-startups,,,directory-tag only (description not retrieved),yes
CW-0455,official-838,Artist Talk & Panel: 100 Practices for a Changing Climate,2026-09-23,06:30pm-07:30pm,America/New_York (assumed; NYC listing),Wagner Pavilion Classroom,,Manhattan,Battery Park City Authority,https://www.climateweeknyc.org/event-search/artist-talk-for-the-long-now?hsLang=en,https://bpca.ny.gov/event/artist-talk-for-the-long-now/,climateweeknyc.org/event-search (official),In-person,medium,3,built world / data centers / real estate  [secondary: cities / urban systems],,Not stated on official listing (unverified),unknown,Public event on official directory; eligibility not inferred,"Registration availability not observed; Public event (official page, 2026-09-10)",2026-09-10 (this pass),4,Candidate-pending-verification,Registration status/price/eligibility not verified.,artist-talk-for-the-long-now,"06:30pm - 07:30pm, Wednesday, September 23, 2026 Wagner Pavilion Classroom, 20 Battery Place, Manhattan, New York, New York, 10280, United States Public event Register now Artist Sarah Cameron Sunde will lead a participatory ritual to practice raising a new flood gate, followed by an artist talk and panel on public art and climate change. They will discuss the role of art, ritual, and listening in preparing for extreme weather events, and how they can reveal invisible infrastructure all around u",,primary-page (official description parsed 2026-09-10),yes
CW-0422,official-838,Infill Development: Market-Based Climate Solution,2026-09-23,09:00am-10:15am,America/New_York (assumed; NYC listing),395 Hudson Street,,Manhattan,"Gehl Architects, Pew, Parking Reform Network, World Resources Institute, and the Metropolitan Abundance Project",https://www.climateweeknyc.org/event-search/infill-development-market-based-climate-solution?hsLang=en,https://luma.com/parking-t19x,climateweeknyc.org/event-search (official),In-person,strong,4,built world / data centers / real estate  [secondary: cities / urban systems; transport / mobility],,Not stated on official listing (unverified),unknown,Public event on official directory; eligibility not inferred,"Registration availability not observed; Public event (official page, 2026-09-10)",2026-09-10 (this pass),6,Candidate-pending-verification,Registration status/price/eligibility not verified.,infill-development-market-based-climate-solution,,,directory-tag only (description not retrieved),yes
CW-0559,official-838,Catalytic Philanthropy: When Capital Never Stops Working | An AWE FutureMakers Session,2026-09-23,09:00am-10:30am,America/New_York (assumed; NYC listing),Address Upon Registration Confirmation,,Manhattan,AWE Foundation & AWE Funds,https://www.climateweeknyc.org/event-search/catalytic-philanthropy-when-capital-never-stops-working-an-awe-futuremakers-session?hsLang=en,https://luma.com/qtgvmmup,climateweeknyc.org/event-search (official),In-person,weak,4,industrial decarbonization / manufacturing; software / data / AI infrastructure,,Not stated on official listing (unverified),unknown,Private event on official directory; eligibility not inferred,"Registration availability not observed; Private event (official page, 2026-09-10)",2026-09-10 (this pass),4,Candidate-pending-verification,Registration status/price/eligibility not verified.,catalytic-philanthropy-when-capital-never-stops-working-an-awe-futuremakers-session,"09:00am - 10:30am, Wednesday, September 23, 2026 Address Upon Registration Confirmation, Manhattan, New York, New York, United States Private event Register now AWE Foundation & AWE Funds convene 30 leaders for an invitation-only working session on catalytic philanthropy - how evergreen, first-risk capital crowds in private investment for gender-smart climate action. Case study: the Bayer-anchored AWE Evergreen Fund",,primary-page (official description parsed 2026-09-10),yes
CW-0474,official-838,"FOOD FOR HEALTH, FOOD FOR EARTH - The Mediterranean Diet at the Crossroads of Public Health, Climate Action, and Cultural Diplomacy",2026-09-23,09:30am-12:00pm,America/New_York (assumed; NYC listing),Pless Hall,,Manhattan,"NYU Steinhardt, Future Food Institute, Food and Agriculture Organization of the United Nations – FAO, Mediterranean Diet Study Center of Pollica - Permanent Secretariat of the Network of UNESCO Emblematic Communities of the Mediterranean Diet",https://www.climateweeknyc.org/event-search/food-for-health-food-for-earth-the-mediterranean-diet-at-the-crossroads-of-public-health-climate-action-and-cultural-diplomacy?hsLang=en,https://FOOD_FOR_HEALTH_FOOD_FOR_EARTH.eventbrite.com?hsLang=en,climateweeknyc.org/event-search (official),In-person,strong,1,  [secondary: cities / urban systems],,Not stated on official listing (unverified),unknown,Public event on official directory; eligibility not inferred,"Registration availability not observed; Public event (official page, 2026-09-10)",2026-09-10 (this pass),3,Candidate-pending-verification,Registration status/price/eligibility not verified.,food-for-health-food-for-earth-the-mediterranean-diet-at-the-crossroads-of-public-health-climate-action-and-cultural-diplomacy,,,directory-tag only (description not retrieved),no
CW-0467,official-838,The Jewish Climate Reception - Brought to you by The Jewish Green Business Network and Jewish Climate Trust,2026-09-23,10:00am-01:00pm,America/New_York (assumed; NYC listing),Manhattan,,Manhattan,Adamah's Jewish Green Business Network and the Jewish Climate Trust,https://www.climateweeknyc.org/event-search/the-jewish-climate-reception-brought-to-you-by-the-jewish-green-business-network-and-jewish-climate-trust?hsLang=en,https://adamah.org/event/ny-jewish-climate-reception/,climateweeknyc.org/event-search (official),In-person,strong,4,energy / grid / power markets; climate finance / investment,,Not stated on official listing (unverified),unknown,Public event on official directory; eligibility not inferred,"Registration availability not observed; Public event (official page, 2026-09-10)",2026-09-10 (this pass),6,Candidate-pending-verification,Registration status/price/eligibility not verified.,the-jewish-climate-reception-brought-to-you-by-the-jewish-green-business-network-and-jewish-climate-trust,,,directory-tag only (description not retrieved),no
CW-0480,official-838,FUSION FASHION TECH SUMMIT | THE REIMAGINATION OF GOOD CLOTHES & NO PERMISSION DINNER,2026-09-23,10:00am-05:00pm,America/New_York (assumed; NYC listing),216 E. 45th St.,,Manhattan,FUSION FASHION TECH SOCIETY | HELD IN COLLABORATION WITH LIM COLLEGE,https://www.climateweeknyc.org/event-search/fusion-fashion-tech-summit-the-reimagination-of-good-clothes-no-permission-dinner?hsLang=en,https://luma.com/pa81wmtb,climateweeknyc.org/event-search (official),In-person,strong,5,industrial decarbonization / manufacturing; software / data / AI infrastructure  [secondary: cities / urban systems],,Not stated on official listing (unverified),unknown,Public event on official directory; eligibility not inferred,"Registration availability not observed; Public event (official page, 2026-09-10)",2026-09-10 (this pass),7,Candidate-pending-verification,Registration status/price/eligibility not verified.,fusion-fashion-tech-summit-the-reimagination-of-good-clothes-no-permission-dinner,,,directory-tag only (description not retrieved),no
CW-0420,official-838,"Build More, Electrify Faster: Aligning Housing Abundance and Building Decarbonization",2026-09-23,10:30am-11:45am,America/New_York (assumed; NYC listing),395 Hudson Street,,Manhattan,"Urban Land Institute, World Resources Institute, Housing-Climate Project, and The Parking Reform Network",https://www.climateweeknyc.org/event-search/build-more-electrify-faster-aligning-housing-abundance-and-building-decarbonization?hsLang=en,https://luma.com/parking-mgwo,climateweeknyc.org/event-search (official),In-person,strong,3,built world / data centers / real estate  [secondary: cities / urban systems],,Not stated on official listing (unverified),unknown,Public event on official directory; eligibility not inferred,"Registration availability not observed; Public event (official page, 2026-09-10)",2026-09-10 (this pass),5,Candidate-pending-verification,Registration status/price/eligibility not verified.,build-more-electrify-faster-aligning-housing-abundance-and-building-decarbonization,,,directory-tag only (description not retrieved),yes
CW-0396,official-838,The Scope 3 Control Paradox | Panel & Networking Lunch,2026-09-23,11:00am-01:00pm,America/New_York (assumed; NYC listing),285 Fulton St,,Manhattan,GO2 Markets,https://www.climateweeknyc.org/event-search/the-scope-3-control-paradox-panel-networking-lunch?hsLang=en,https://luma.com/kep171yi,climateweeknyc.org/event-search (official),In-person,strong,6,energy / grid / power markets; industrial decarbonization / manufacturing; software / data / AI infrastructure,,Not stated on official listing (unverified),unknown,Public event on official directory; eligibility not inferred,"Registration availability not observed; Public event (official page, 2026-09-10)",2026-09-10 (this pass),8,Candidate-pending-verification,Registration status/price/eligibility not verified.,the-scope-3-control-paradox-panel-networking-lunch,,,directory-tag only (description not retrieved),no
CW-0454,official-838,2026 State of Supply Chain Sustainability Report Launch - MIT,2026-09-23,11:00am-12:00pm,America/New_York (assumed; NYC listing),355 West 16th Street,,Manhattan,MIT Sustainable Supply Chain Lab,https://www.climateweeknyc.org/event-search/2026-state-of-supply-chain-sustainability-report-launch?hsLang=en,https://luma.com/0abvqxra,climateweeknyc.org/event-search (official),In-person,medium,4,industrial decarbonization / manufacturing; software / data / AI infrastructure,,Not stated on official listing (unverified),unknown,Public event on official directory; eligibility not inferred,"Registration availability not observed; Public event (official page, 2026-09-10)",2026-09-10 (this pass),5,Candidate-pending-verification,Registration status/price/eligibility not verified.,2026-state-of-supply-chain-sustainability-report-launch,,,directory-tag only (description not retrieved),yes
CW-0553,official-838,Who’s Investing in Adaptation? A Family Office Roundtable,2026-09-23,11:00am-12:30pm,America/New_York (assumed; NYC listing),134 West 29th Street,,Manhattan,The Sidebar,https://www.climateweeknyc.org/event-search/whos-investing-in-adaptation-a-family-office-roundtable?hsLang=en,https://luma.com/y4rr9vy1,climateweeknyc.org/event-search (official),In-person,strong,2,climate finance / investment,,Not stated on official listing (unverified),unknown,Public event on official directory; eligibility not inferred,"Registration availability not observed; Public event (official page, 2026-09-10)",2026-09-10 (this pass),4,Candidate-pending-verification,Registration status/price/eligibility not verified.,whos-investing-in-adaptation-a-family-office-roundtable,,,directory-tag only (description not retrieved),no
CW-0400,official-838,"AEG NYC Health, Energy & Prosperity Action Challenge @ Climate Week NYC",2026-09-23,11:30am-04:30pm,America/New_York (assumed; NYC listing),250 W 34th St.,,,Advanced Energy Group,https://www.climateweeknyc.org/event-search/aeg-nyc-health-energy-equity-action-challenge-climate-week-nyc?hsLang=en,https://luma.com/nychep-cwnyc26,climateweeknyc.org/event-search (official),In-person,medium,3,energy / grid / power markets  [secondary: cities / urban systems],,Not stated on official listing (unverified),unknown,Private event on official directory; eligibility not inferred,"Registration availability not observed; Private event (official page, 2026-09-10)",2026-09-10 (this pass),4,Candidate-pending-verification,Registration status/price/eligibility not verified.,aeg-nyc-health-energy-equity-action-challenge-climate-week-nyc,"11:30am - 04:30pm, Wednesday, September 23, 2026 250 W 34th St., New York, New York, 10119, United States Private event Register now 💡 The Mission Move from high-level strategy to immediate, collective action. This interactive session brings together NYC energy stakeholders, civic leaders, and sustainability innovators to address pressing climate and equity challenges, with a localized focus starting in the Bronx. 🎯 The Core Challenge Rather than a traditional seminar, this event focuses on coll",,primary-page (official description parsed 2026-09-10),yes
CW-0521,official-838,Towards COP31 Event with Neste and Outokumpu,2026-09-23,12:00pm-01:30pm,America/New_York (assumed; NYC listing),633 3rd Ave,,Manhattan,"UN Global Compact Network Finland, Neste, Outokumpu & Miltton",https://www.climateweeknyc.org/event-search/towards-cop31-event-with-neste-and-outokumpu?hsLang=en,https://tapahtumat.globalcompact.fi/expression-of-interest-towards-cop-31,climateweeknyc.org/event-search (official),In-person,strong,2,industrial decarbonization / manufacturing,,Not stated on official listing (unverified),unknown,Private event on official directory; eligibility not inferred,"Registration availability not observed; Private event (official page, 2026-09-10)",2026-09-10 (this pass),4,Candidate-pending-verification,Registration status/price/eligibility not verified.,towards-cop31-event-with-neste-and-outokumpu,,,directory-tag only (description not retrieved),no
CW-0516,official-838,Sovereignty and Liberation Summit,2026-09-23,12:00pm-03:00pm,America/New_York (assumed; NYC listing),NYU School of Law,,Manhattan,"Taproot Earth, the Just Transition Lawyering Network (JTLN), the Global Justice Clinic at NYU School of Law, and the Bernstein Institute for Human Rights at NYU School of Law",https://www.climateweeknyc.org/event-search/sovereignty-and-liberation-summit?hsLang=en,https://secure.everyaction.com/Gl7Y0HOJyUav-zWOtKtLOA2,climateweeknyc.org/event-search (official),In-person,strong,2,climate finance / investment,,Not stated on official listing (unverified),unknown,Public event on official directory; eligibility not inferred,"Registration availability not observed; Public event (official page, 2026-09-10)",2026-09-10 (this pass),4,Candidate-pending-verification,Registration status/price/eligibility not verified.,sovereignty-and-liberation-summit,,,directory-tag only (description not retrieved),no
CW-0716,official-838,Indonesia Solar Investment Forum 2026,2026-09-24,01:00pm-05:00pm,America/New_York (assumed; NYC listing),5 E 68th St,,Manhattan,SANARA Indonesia (Sustainability Network of Nusantara),https://www.climateweeknyc.org/event-search/indonesia-solar-investment-forum-2026?hsLang=en,https://luma.com/hpml01ar,climateweeknyc.org/event-search (official),In-person,strong,4,energy / grid / power markets; climate finance / investment,,Not stated on official listing (unverified),unknown,Public event on official directory; eligibility not inferred,"Registration availability not observed; Public event (official page, 2026-09-10)",2026-09-10 (this pass),6,Candidate-pending-verification,Registration status/price/eligibility not verified.,indonesia-solar-investment-forum-2026,,,directory-tag only (description not retrieved),yes
CW-0598,official-838,Preparing for Emerging Mobility: Autonomous Vehicles and Mobility Horizons,2026-09-24,03:00pm-05:00pm,America/New_York (assumed; NYC listing),Main Event Space,,Manhattan,The NYU Rudin Center and the Parking Reform Network,https://www.climateweeknyc.org/event-search/preparing-for-emerging-mobility-autonomous-vehicles-and-mobility-horizons?hsLang=en,https://luma.com/parking-bfim,climateweeknyc.org/event-search (official),In-person,strong,4,software / data / AI infrastructure  [secondary: cities / urban systems; transport / mobility],,Not stated on official listing (unverified),unknown,Public event on official directory; eligibility not inferred,"Registration availability not observed; Public event (official page, 2026-09-10)",2026-09-10 (this pass),6,Candidate-pending-verification,Registration status/price/eligibility not verified.,preparing-for-emerging-mobility-autonomous-vehicles-and-mobility-horizons,,,directory-tag only (description not retrieved),no
CW-0673,official-838,"Rooted in Faith: Action for Food, Health, and Climate Resilience",2026-09-24,04:00pm-06:00pm,America/New_York (assumed; NYC listing),229 E 60th St.,,Manhattan,"Bread for the World, Interfaith Public Health Network, Buddhist Tzu Chi Foundation, Mercy For Animals, Chilis on Wheels",https://www.climateweeknyc.org/event-search/rooted-in-faith-action-for-food-health-and-climate-resilience?hsLang=en,https://luma.com/ehnjflul,climateweeknyc.org/event-search (official),In-person,strong,1,  [secondary: cities / urban systems],,Not stated on official listing (unverified),unknown,Public event on official directory; eligibility not inferred,"Registration availability not observed; Public event (official page, 2026-09-10)",2026-09-10 (this pass),3,Candidate-pending-verification,Registration status/price/eligibility not verified.,rooted-in-faith-action-for-food-health-and-climate-resilience,,,directory-tag only (description not retrieved),no
CW-0733,official-838,"Creative Climate Forum Keynote and Closing — A Big, Bold, and Beautiful New World",2026-09-24,05:00pm-06:00pm,America/New_York (assumed; NYC listing),25 11th Avenue,,Manhattan,Human Impacts Institute,https://www.climateweeknyc.org/event-search/creative-climate-forum-keynote-and-closing-a-big-bold-and-beautiful-new-world?hsLang=en,https://www.eventbrite.com/e/keynote-and-closing-a-big-bold-and-beautiful-new-world-tickets-1996309483404?aff=odcleoeventsincollection,climateweeknyc.org/event-search (official),In-person,medium,5,energy / grid / power markets; climate finance / investment  [secondary: cities / urban systems],,Not stated on official listing (unverified),unknown,Public event on official directory; eligibility not inferred,"Registration availability not observed; Public event (official page, 2026-09-10)",2026-09-10 (this pass),6,Candidate-pending-verification,Registration status/price/eligibility not verified.,creative-climate-forum-keynote-and-closing-a-big-bold-and-beautiful-new-world,,,directory-tag only (description not retrieved),no
CW-0644,official-838,Network and Learn with RLC: The Future of Tech in Food Rescue,2026-09-24,06:15pm-08:00pm,America/New_York (assumed; NYC listing),25 Broadway,,Manhattan,Rescuing Leftover Cuisine,https://www.climateweeknyc.org/event-search/network-and-learn-with-rlc-the-role-of-tech-in-surplus-food-rescue?hsLang=en,https://www.eventbrite.com/e/network-and-learn-with-rlc-the-future-of-tech-in-food-rescue-tickets-1997156285211,climateweeknyc.org/event-search (official),In-person,strong,4,energy / grid / power markets; software / data / AI infrastructure,,Not stated on official listing (unverified),unknown,Public event on official directory; eligibility not inferred,"Registration availability not observed; Public event (official page, 2026-09-10)",2026-09-10 (this pass),6,Candidate-pending-verification,Registration status/price/eligibility not verified.,network-and-learn-with-rlc-the-role-of-tech-in-surplus-food-rescue,,,directory-tag only (description not retrieved),no
CW-0609,official-838,Climate Solutions Investing: A Systems Perspective,2026-09-24,08:00am-02:00pm,America/New_York (assumed; NYC listing),Input Physical Address,,,The Global Impact Investing Network (GIIN) and HSBC,https://www.climateweeknyc.org/event-search/climate-solutions-investing-a-systems-perspective?hsLang=en,https://luma.com/ywk36rzi,climateweeknyc.org/event-search (official),In-person,strong,4,energy / grid / power markets; climate finance / investment,,Not stated on official listing (unverified),unknown,Private event on official directory; eligibility not inferred,"Registration availability not observed; Private event (official page, 2026-09-10)",2026-09-10 (this pass),6,Candidate-pending-verification,Registration status/price/eligibility not verified.,climate-solutions-investing-a-systems-perspective,,,directory-tag only (description not retrieved),yes
CW-0681,official-838,Climate Week Roundtable & Panel Series hosted by AP & AP Fund for Journalism,2026-09-24,09:00am-12:00pm,America/New_York (assumed; NYC listing),200 Liberty Street,,Manhattan,Associated Press,https://www.climateweeknyc.org/event-search/climate-week-roundtable-panel-series-hosted-by-ap-ap-fund-for-journalism?hsLang=en,https://www.eventbrite.com/e/1999110626699?aff=oddtdtcreator,climateweeknyc.org/event-search (official),Hybrid,strong,2,energy / grid / power markets,,Not stated on official listing (unverified),unknown,Private event on official directory; eligibility not inferred,"Registration availability not observed; Private event (official page, 2026-09-10)",2026-09-10 (this pass),4,Candidate-pending-verification,Registration status/price/eligibility not verified.,climate-week-roundtable-panel-series-hosted-by-ap-ap-fund-for-journalism,,,directory-tag only (description not retrieved),yes
CW-0664,official-838,Fashioning Impact: DEPLOY Founder's Talk Celebrating 20 years of Pioneering Circular Fashion,2026-09-24,10:00am-11:00am,America/New_York (assumed; NYC listing),176 9th Avenue,,Manhattan,DEPLOY,https://www.climateweeknyc.org/event-search/fashioning-impact-deploy-founders-talk-celebrating-20-years-of-pioneering-circular-fashion?hsLang=en,https://luma.com/apcx1bx5,climateweeknyc.org/event-search (official),In-person,strong,1,  [secondary: cities / urban systems],,Not stated on official listing (unverified),unknown,Public event on official directory; eligibility not inferred,"Registration availability not observed; Public event (official page, 2026-09-10)",2026-09-10 (this pass),3,Candidate-pending-verification,Registration status/price/eligibility not verified.,fashioning-impact-deploy-founders-talk-celebrating-20-years-of-pioneering-circular-fashion,,,directory-tag only (description not retrieved),yes
CW-0586,official-838,IMPACT SUMMIT AMERICA | Impact Investing Conference for Asset Allocators,2026-09-24,11:30am-05:30pm,America/New_York (assumed; NYC listing),Harvard Club of New York City,,Manhattan,Phenix Capital Group,https://www.climateweeknyc.org/event-search/impact-summit-america?hsLang=en,https://impactevents.phenixcapitalgroup.com/impact-summit-america,climateweeknyc.org/event-search (official),In-person,medium,2,climate finance / investment,,Not stated on official listing (unverified),unknown,Private event on official directory; eligibility not inferred,"Registration availability not observed; Private event (official page, 2026-09-10)",2026-09-10 (this pass),3,Candidate-pending-verification,Registration status/price/eligibility not verified.,impact-summit-america,,,directory-tag only (description not retrieved),no
CW-0667,official-838,"13th Annual Alumni in Energy Symposium ""Planning During a Turbulent Energy Transition""",2026-09-24,12:30pm-05:45pm,America/New_York (assumed; NYC listing),31 W 52nd - St Ste 1900,,Manhattan,Vermont Law and Graduate School,https://www.climateweeknyc.org/event-search/13th-annual-alumni-in-energy-symposium-planning-during-a-turbulent-energy-transition?hsLang=en,https://nysba.org/events/institute-for-energy-and-the-environment-alumni-in-energy-symposium/,climateweeknyc.org/event-search (official),Hybrid,medium,2,energy / grid / power markets,,Not stated on official listing (unverified),unknown,Public event on official directory; eligibility not inferred,"Registration availability not observed; Public event (official page, 2026-09-10)",2026-09-10 (this pass),3,Candidate-pending-verification,Registration status/price/eligibility not verified.,13th-annual-alumni-in-energy-symposium-planning-during-a-turbulent-energy-transition,"12:30pm - 05:45pm, Thursday, September 24, 2026 31 W 52nd - St Ste 1900, Manhattan, New York, New York, 10019, United States Public event Register now Schedule of events include: 12:00-1:00 Doors Open – Networking 1:00-1:10 Opening Remarks 1:10-2:20 PANEL #1: Optimizing the Electric Transmission Grid – FERC Order 1920 and Beyond 2:20-2:35 Networking Break 2:35-3:45 PANEL #2: FERC’s Changing Policies and Practices for Approving Natural Gas Infrastructure 3:45-4:00 Networking Break 4:00-5:10 PANEL",,primary-page (official description parsed 2026-09-10),yes
CW-0781,official-838,Pilina Across the Pae'āina: A Climate Week Gathering,2026-09-25,02:00pm-06:00pm,America/New_York (assumed; NYC listing),58 Park Avenue,,Manhattan,Hawai'i Green Growth and Causeway Impact,https://www.climateweeknyc.org/event-search/pilina-across-the-paeaina-a-climate-week-gathering?hsLang=en,https://luma.com/kmrafvwb,climateweeknyc.org/event-search (official),In-person,strong,3,climate finance / investment  [secondary: cities / urban systems],,Not stated on official listing (unverified),unknown,Private event on official directory; eligibility not inferred,"Registration availability not observed; Private event (official page, 2026-09-10)",2026-09-10 (this pass),5,Candidate-pending-verification,Registration status/price/eligibility not verified.,pilina-across-the-paeaina-a-climate-week-gathering,,,directory-tag only (description not retrieved),no
CW-0760,official-838,Scaling Global Climate Solutions through Culture and Heritage: The Plan to Accelerate Heritage-Informed Decarbonization,2026-09-25,08:00am-11:30am,America/New_York (assumed; NYC listing),11 E Loop Rd,,Manhattan,"Climate Heritage Network, Cornell Atkinson Center for Sustainability, Cornell Gensler Family AAP NYC Center, Cornell AAP",https://www.climateweeknyc.org/event-search/scaling-global-climate-solutions-through-culture-and-heritage-the-plan-to-accelerate-heritage-informed-decarbonization?hsLang=en,https://www.eventbrite.com/e/scaling-global-climate-solutions-through-culture-and-heritage-tickets-1997803730738,climateweeknyc.org/event-search (official),In-person,strong,3,built world / data centers / real estate  [secondary: cities / urban systems],,Not stated on official listing (unverified),unknown,Public event on official directory; eligibility not inferred,"Registration availability not observed; Public event (official page, 2026-09-10)",2026-09-10 (this pass),5,Candidate-pending-verification,Registration status/price/eligibility not verified.,scaling-global-climate-solutions-through-culture-and-heritage-the-plan-to-accelerate-heritage-informed-decarbonization,,,directory-tag only (description not retrieved),yes
CW-0765,official-838,Korea Climate Tech Summit 2026,2026-09-25,08:30am-05:00pm,America/New_York (assumed; NYC listing),2 Pennsylvania Plaza,,Manhattan,Witness Creative Partners,https://www.climateweeknyc.org/event-search/korea-climate-tech-summit-2026?hsLang=en,https://luma.com/l2n9q5id,climateweeknyc.org/event-search (official),In-person,medium,6,energy / grid / power markets; climate finance / investment; software / data / AI infrastructure,,Not stated on official listing (unverified),unknown,Public event on official directory; eligibility not inferred,"Registration availability not observed; Public event (official page, 2026-09-10)",2026-09-10 (this pass),7,Candidate-pending-verification,Registration status/price/eligibility not verified.,korea-climate-tech-summit-2026,,,directory-tag only (description not retrieved),no
CW-0753,official-838,"Global Forum on Circular Economy and Urban Resilience (Initiated by City of Yokohama, Japan)",2026-09-25,09:00am-04:00am,America/New_York (assumed; NYC listing),135 W 50th St,,Manhattan,City of Yokohama,https://www.climateweeknyc.org/event-search/global-forum-on-circular-economy-and-urban-resilience-initiated-by-city-of-yokohama?hsLang=en,https://luma.com/ohk6hfn7,climateweeknyc.org/event-search (official),In-person,medium,3,industrial decarbonization / manufacturing  [secondary: cities / urban systems],,Not stated on official listing (unverified),unknown,Public event on official directory; eligibility not inferred,"Registration availability not observed; Public event (official page, 2026-09-10)",2026-09-10 (this pass),4,Candidate-pending-verification,Registration status/price/eligibility not verified.,global-forum-on-circular-economy-and-urban-resilience-initiated-by-city-of-yokohama,,,directory-tag only (description not retrieved),no
CW-0757,official-838,"Climate TechWalk | NYC, 9/25 w/ GrandResolve",2026-09-25,09:00am-10:00am,America/New_York (assumed; NYC listing),Central Park,,Manhattan,TechWalk w/ GrandResolve,https://www.climateweeknyc.org/event-search/climate-techwalk-nyc-925-w-grandresolve?hsLang=en,https://luma.com/pffisc1x,climateweeknyc.org/event-search (official),In-person,none,5,industrial decarbonization / manufacturing; software / data / AI infrastructure  [secondary: cities / urban systems],,Not stated on official listing (unverified),unknown,Public event on official directory; eligibility not inferred,"Registration availability not observed; Public event (official page, 2026-09-10)",2026-09-10 (this pass),3,Candidate-pending-verification,Registration status/price/eligibility not verified.,climate-techwalk-nyc-925-w-grandresolve,,,directory-tag only (description not retrieved),no
CW-0780,official-838,Mental Health in a Disastrous Climate: Catalyzing Our Feelings to Mobilize Action for a Better Tomorrow,2026-09-25,11:00am-01:00pm,America/New_York (assumed; NYC listing),406A Comfort Road,,Manhattan,"Climate Cafe NYC, Climate Imaginarium, Climate Mental Health Network, Climate Psychology Alliance of North America, Good Grief Network, Humanity&Planet, Climate Junction",https://www.climateweeknyc.org/event-search/mental-health-in-a-disastrous-climate-catalyzing-our-feelings-to-mobilize-action-for-a-better-tomorrow?hsLang=en,https://luma.com/1u9h5u2m,climateweeknyc.org/event-search (official),In-person,strong,1,  [secondary: cities / urban systems],,Not stated on official listing (unverified),unknown,Public event on official directory; eligibility not inferred,"Registration availability not observed; Public event (official page, 2026-09-10)",2026-09-10 (this pass),3,Candidate-pending-verification,Registration status/price/eligibility not verified.,mental-health-in-a-disastrous-climate-catalyzing-our-feelings-to-mobilize-action-for-a-better-tomorrow,,,directory-tag only (description not retrieved),no
CW-0776,official-838,Musical Chairs as Commons: The Resource Challenge,2026-09-25,12:30pm-02:00pm,America/New_York (assumed; NYC listing),150 1st Ave,,Manhattan,"Swissnex, DISSCO Dissemination–Science–Communication, Swiss Federal Office of Energy, Paul Scherrer Institut",https://www.climateweeknyc.org/event-search/musical-chairs-as-commons-the-resource-challenge?hsLang=en,https://swissnex.org/boston/event/assembly-musical-chairs-as-commons/,climateweeknyc.org/event-search (official),In-person,medium,1,  [secondary: cities / urban systems],,Not stated on official listing (unverified),unknown,Public event on official directory; eligibility not inferred,"Registration availability not observed; Public event (official page, 2026-09-10)",2026-09-10 (this pass),2,Candidate-pending-verification,Registration status/price/eligibility not verified.,musical-chairs-as-commons-the-resource-challenge,,,directory-tag only (description not retrieved),no
CW-0802,official-838,BIPOC Climate Justice Summit,2026-09-26,09:30am-06:30pm,America/New_York (assumed; NYC listing),200 Central Park W,,Manhattan,"HBCU Green Fund, ACE Observatory, National Technical Association, Columbia Climate School, American Museum of Natural History",https://www.climateweeknyc.org/event-search/bipoc-climate-justice-summit?hsLang=en,https://events.humanitix.com/climatejusticesummit2026,climateweeknyc.org/event-search (official),In-person,medium,1,  [secondary: cities / urban systems],,Not stated on official listing (unverified),unknown,Public event on official directory; eligibility not inferred,"Registration availability not observed; Public event (official page, 2026-09-10)",2026-09-10 (this pass),2,Candidate-pending-verification,Registration status/price/eligibility not verified.,bipoc-climate-justice-summit,,,directory-tag only (description not retrieved),no
ECO-ny-climate-week-kick-off,ecosystem-luma,NY Climate Week Kick-off,unknown,,America/New_York,860 Washington St,Midtown,,Ex-Tesla leaders,,https://partiful.com/e/N78BMVP7EcwQlLKKzIqM,CTVC guide (luma.com/nycwguide2026),Social,medium,4,Social,,Not stated (unverified),unknown,Registration/approval required (Luma); eligibility not verified.,Not observed,2026-09-10 (this pass),5,Candidate-pending-verification,Registration status/eligibility not fully verified.,,,,ecosystem-primary (Luma registration page),no
ECO-fwyj13ky,ecosystem-luma,Future Currence,unknown,,America/New_York,,Midtown Manhattan,Manhattan,Currence Events,,https://luma.com/fwyj13ky,CTVC guide (luma.com/nycwguide2026),Conference,medium,6,Conference,,Not stated (unverified),unknown,Registration/approval required (Luma); eligibility not verified.,Not observed,2026-09-10 (this pass),7,Candidate-pending-verification,Registration status/eligibility not fully verified.,fwyj13ky,"Full agenda on the event website: future.currence.ai
Imagine the power system in 2030 What does it look like? How is it shaped for, and by, AI? How does it…",,"ecosystem-primary (Luma registration page, 2026-09-10)",no
ECO-mtyh1vsw,ecosystem-luma,NYCW: Rewiring User Habits for Product-Market-Earth Fit,unknown,,America/New_York,,Manhattan,Manhattan,Climate Conscious Leaders,,https://luma.com/mtyh1vsw,CTVC guide (luma.com/nycwguide2026),Panel,medium,5,Panel,,Not stated (unverified),$10,Registration/approval required (Luma); eligibility not verified.,Not observed,2026-09-10 (this pass),6,Candidate-pending-verification,Registration status/eligibility not fully verified.,mtyh1vsw,"When building sustainable products, energy usage and supply chains only tell half the story. A significant part of a product’s environmental footprint can come…",,"ecosystem-primary (Luma registration page, 2026-09-10)",yes
ECO-yg28ttv9,ecosystem-luma,Advancing Energy Innovation for a Resilient Urban Future,unknown,,America/New_York,Peter Cooper Village,East Village,,The New York Climate Exchange,,https://luma.com/yg28ttv9,CTVC guide (luma.com/nycwguide2026),Panel,medium,6,Panel,,Not stated (unverified),unknown,Registration/approval required (Luma); eligibility not verified.,Not observed,2026-09-10 (this pass),7,Candidate-pending-verification,Registration status/eligibility not fully verified.,yg28ttv9,"Join climate innovators, investors, policymakers, ecosystem enablers and industry experts at The Brant, Solar One's waterfront event space, for an exclusive…",,"ecosystem-primary (Luma registration page, 2026-09-10)",yes
ECO-3d8g6aro,ecosystem-luma,A new West: The power of electricity markets to drive clean energy innovation and deployment,unknown,,America/New_York,"EDF New York City Office, 257 Park Ave S, 17th Floor",Gramercy,,EDF,,https://luma.com/3d8g6aro,CTVC guide (luma.com/nycwguide2026),Panel,medium,6,Panel,,Not stated (unverified),unknown,Registration/approval required (Luma); eligibility not verified.,Not observed,2026-09-10 (this pass),7,Candidate-pending-verification,Registration status/eligibility not fully verified.,3d8g6aro,The Western U.S. is entering a once-in-a-generation moment that will shape how electricity is shared across the region for decades to come. As electricity…,,"ecosystem-primary (Luma registration page, 2026-09-10)",no
ECO-931iahvl,ecosystem-luma,Sea Change: How the Ocean Anchors American Re-industrialization,unknown,,America/New_York,,Midtown East,,Propeller and J.P. Morgan,,https://luma.com/931iahvl,CTVC guide (luma.com/nycwguide2026),Panel,medium,6,Panel,,Not stated (unverified),unknown,Registration/approval required (Luma); eligibility not verified.,Not observed,2026-09-10 (this pass),7,Candidate-pending-verification,Registration status/eligibility not fully verified.,931iahvl,"Is the ocean the platform for rebuilding the American economy?
Come engage with experts working on grid-scale nuclear built in shipyards, wind powered data…",,"ecosystem-primary (Luma registration page, 2026-09-10)",yes
ECO-making-better-climate-bets,ecosystem-luma,Making Better Climate Bets,unknown,,America/New_York,WSA,,,"TEA Commons, Bakar Labs for Energy & Materials, CLEAR",,https://teacommons.itm.studio/m/making-better-climate-bets,CTVC guide (luma.com/nycwguide2026),Workshop,medium,4,Workshop,,Not stated (unverified),unknown,Registration/approval required (Luma); eligibility not verified.,Not observed,2026-09-10 (this pass),5,Candidate-pending-verification,Registration status/eligibility not fully verified.,,,,ecosystem-primary (Luma registration page),no
ECO-86kuxkmb,ecosystem-luma,Becoming a Climate Angel with E8,unknown,,America/New_York,Zoom (virtual),,,E8 Angels,,https://luma.com/86kuxkmb,CTVC guide (luma.com/nycwguide2026),Panel / virtual,medium,5,Panel / virtual,,Not stated (unverified),unknown,Registration/approval required (Luma); eligibility not verified.,Not observed,2026-09-10 (this pass),6,Candidate-pending-verification,Registration status/eligibility not fully verified. Also on official directory (row CW-0100) but not auto-qualified by the theme/format filter; retained on ecosystem evidence.,86kuxkmb,"Thinking about your first climate investment?
Join E8 for a working session on how to start or accelerate your climate investing. We'll cover cleantech…",,"ecosystem-primary (Luma registration page, 2026-09-10)",yes
ECO-2573ugow,ecosystem-luma,Retrofits for Resilience: From Policy to Implementation,unknown,,America/New_York,Register to see location,,,Urban Future Lab,,https://luma.com/2573ugow,CTVC guide (luma.com/nycwguide2026),,medium,6,,,Not stated (unverified),unknown,Registration/approval required (Luma); eligibility not verified.,Not observed,2026-09-10 (this pass),7,Candidate-pending-verification,Registration status/eligibility not fully verified.,2573ugow,"For Climate Week 2026, the Urban Future Lab at NYU Tandon School of Engineering presents Retrofits for Resilience: From Policy to Implementation in partnership…",,"ecosystem-primary (Luma registration page, 2026-09-10)",no
ECO-enduring-71ie,ecosystem-luma,NYCW 2026: Fundraising for Climate Hardware and Deeptech,unknown,,America/New_York,,Midtown South,,"Dimitry Gershenson, Hannah Friedman, Elke Trilla, Daniel Wanjira",,https://luma.com/enduring-71ie,CTVC guide (luma.com/nycwguide2026),Workshop,medium,7,Workshop,,Not stated (unverified),unknown,Registration/approval required (Luma); eligibility not verified.,Not observed,2026-09-10 (this pass),8,Candidate-pending-verification,Registration status/eligibility not fully verified.,enduring-71ie,"Context: A half-day fundraising workshop built specifically for hardware and durable-asset climate startups. Bringing together the founders, CFOs, and…",,"ecosystem-primary (Luma registration page, 2026-09-10)",yes
ECO-ztju6mc0,ecosystem-luma,The Future of Carbon Finance: Scaling Finance for Nature-based Climate Solutions,unknown,,America/New_York,,Midtown South,,,,https://luma.com/ztju6mc0,CTVC guide (luma.com/nycwguide2026),Panel,medium,6,Panel,,Not stated (unverified),unknown,Registration/approval required (Luma); eligibility not verified.,Not observed,2026-09-10 (this pass),7,Candidate-pending-verification,Registration status/eligibility not fully verified.,ztju6mc0,"Financing for nature-based climate solutions needs to look a lot more like infrastructure project finance
Presented by Stanford Woods Institute for the…",,"ecosystem-primary (Luma registration page, 2026-09-10)",yes
ECO-axgd6tdy,ecosystem-luma,AI for Good NYC x Dev Days with Microsoft Frontier Company (Climate Week Edition),unknown,,America/New_York,,Times Square,,AI for Good NYC / Microsoft Frontier Company,,https://luma.com/axgd6tdy,ClimateTechList calendar (lu.ma/climate-week),Meetup / product demos,medium,7,Meetup / product demos,,Not stated (unverified),unknown,Registration/approval required (Luma); eligibility not verified.,Not observed,2026-09-10 (this pass),8,Candidate-pending-verification,Registration status/eligibility not fully verified.,axgd6tdy,Join the AI for Good NYC community x Microsoft Frontier Company to put AI to work on the world's most pressing problems. We invite mission-driven organizations…,,"ecosystem-primary (Luma registration page, 2026-09-10)",yes
ECO-ka3uxc6b,ecosystem-luma,Health in Climate AI Hackathon NYC,unknown,,America/New_York,,Roosevelt Island,,Seema Wadhwa et al.,,https://luma.com/ka3uxc6b,ClimateTechList calendar (lu.ma/climate-week),Hackathon,medium,5,Hackathon,,Not stated (unverified),unknown,Registration/approval required (Luma); eligibility not verified.,Not observed,2026-09-10 (this pass),6,Candidate-pending-verification,Registration status/eligibility not fully verified.,ka3uxc6b,"Health in Climate with the United Nations Climate Change Global Innovation Hub is back with our third Hackathon on September 19–20, 2026 at Cornell Tech in New…",,"ecosystem-primary (Luma registration page, 2026-09-10)",no
ECO-ayvvedjh,ecosystem-luma,Resilience Without Borders,unknown,,America/New_York,,Murray Hill,,Aga Khan Foundation USA - Northeast,,https://luma.com/ayvvedjh,ClimateTechList calendar (lu.ma/climate-week),,medium,3,,,Not stated (unverified),unknown,Registration/approval required (Luma); eligibility not verified.,Not observed,2026-09-10 (this pass),4,Candidate-pending-verification,Registration status/eligibility not fully verified. Also on official directory (row CW-0027) but not auto-qualified by the theme/format filter; retained on ecosystem evidence.,ayvvedjh,"Community-Led Coastal Regeneration Through Nature, Innovation, and Local Action
A Panel Discussion in Partnership with Aga Khan Foundation USA, Waterfront…",,"ecosystem-primary (Luma registration page, 2026-09-10)",no
ECO-vobfc7ro,ecosystem-luma,"Power, Data, Planet: An AI for Good NYC Climate Week Meetup",unknown,,America/New_York,OCabanon,Midtown,,Angela Ng; Paulina Munoz (AI for Good),,https://luma.com/vobfc7ro,CTVC/Currence/Planeteer NYCW guide (luma.com/nycwguide2026) + prior shortlist,Networking meetup,medium,8,AI + power/data meetup for climate,,Not stated (unverified),Unknown,Registration/approval required (Luma); eligibility not verified.,Not observed,2026-09-10 (this pass),9,Candidate-pending-verification,Registration status/eligibility not fully verified.,vobfc7ro,,,ecosystem-primary (Luma registration page),yes
ECO-1mmre84p,ecosystem-luma,Industrial and Climate Tech Hangout | NoHo,unknown,,America/New_York,Not stated,NoHo,,Not stated on listing,,https://luma.com/1mmre84p,Prior shortlist (public Luma),Social / networking,medium,6,Social / networking,,Not stated (unverified),Unknown,Registration/approval required (Luma); eligibility not verified.,Not observed,2026-09-10 (this pass),7,Candidate-pending-verification,Registration status/eligibility not fully verified.,1mmre84p,,,ecosystem-primary (Luma registration page),no
ECO-6ms3yebh,ecosystem-luma,Climate Hackathon for NYC Climate Week: Adaptation & Resilience,unknown,,America/New_York,Not stated,Manhattan (unconfirmed),Manhattan,Not stated on listing,,https://luma.com/6ms3yebh,Prior shortlist (public Luma),Hackathon,medium,4,Hackathon,,Not stated (unverified),Unknown,Registration/approval required (Luma); eligibility not verified.,Not observed,2026-09-10 (this pass),5,Candidate-pending-verification,Registration status/eligibility not fully verified.,6ms3yebh,,,ecosystem-primary (Luma registration page),no
