record_id,origin,title,date_local,time_local,timezone,venue,neighborhood,borough,host,official_url,registration_url,source_calendars,format,net_signal,icp_score,icp_fit_rationale,confirmed_people_orgs,target_audience,price_currency,access_requirements,observed_registration_status,observation_time,rank_score,rank_tier,remaining_uncertainty,slug,official_desc_snippet,networking_evidence,evidence_level,desc_has_commercial
ECO-yc-app-review-sept26,ecosystem-luma,YC Pitch & Roast by NYC Founders Club & Corgi,2026-09-15,19:00-21:00,America/New_York,Rose Hill (obfuscated),,,NYC Founders Club,,https://luma.com/yc-app-review-sept26,Luma public search (query: founders),GENERAL-TECH,strong,2,GENERAL-TECH,,Not stated (unverified),Free,Registration requires approval,Registration requires approval,2026-09-10 (this pass),4,Excluded-general-tech,Registration status/eligibility not fully verified.,yc-app-review-sept26,"Think you have a good YC application? Think again. Even better, come find out in front of a room full of other founders 👀
Two pre-seed founders get up, pitch,…",pitch,"ecosystem-primary (Luma registration page, 2026-09-10)",yes
ECO-wxew0x7y,ecosystem-luma,Women Founders Social,2026-09-16,17:00-19:30,America/New_York,East Village (obfuscated),,,Tison Events; BuildHer Labs,,https://luma.com/wxew0x7y,Luma public search (query: founders),GENERAL-TECH (not climate-specific),strong,3,GENERAL-TECH (not climate-specific),,Not stated (unverified),Free,Registration/approval required (Luma); eligibility not verified.,Open/free registration,2026-09-10 (this pass),5,Excluded-general-tech,Registration status/eligibility not fully verified.,wxew0x7y,"Looking to connect with your crowd?
BuildHer Labs, Yorkseed, and Tison.io are hosting an evening of genuine connection with no panels, no pitches, just…",connect; pitch,"ecosystem-primary (Luma registration page, 2026-09-10)",yes
ECO-40ce9qfo,ecosystem-luma,Danish Founder Breakfast - Small World Sommerfest,2026-09-17,08:00-10:00,America/New_York,SoHo (obfuscated),,,Small World Capital,,https://luma.com/40ce9qfo,Luma public search (query: founders),GENERAL-TECH (not climate-specific),strong,3,GENERAL-TECH (not climate-specific),,Not stated (unverified),Free,Registration requires approval,Registration requires approval,2026-09-10 (this pass),5,Excluded-general-tech,Registration status/eligibility not fully verified.,40ce9qfo,Just got back from two weeks in Copenhagen. Landed for vacation with no idea it was Copenhagen Tech Week — it really is a small world in Denmark and we ended…,,"ecosystem-primary (Luma registration page, 2026-09-10)",no
ECO-4x1rb3bm,ecosystem-luma,NYC Founders & Operators: Breakfast Club,2026-09-17,08:00-10:00,America/New_York,West Village (obfuscated),,,NYC Founders & Operators,,https://luma.com/4x1rb3bm,Luma public search (query: founders),GENERAL-TECH,strong,3,GENERAL-TECH,,Not stated (unverified),Free,Registration requires approval,Registration requires approval,2026-09-10 (this pass),5,Excluded-general-tech,Registration status/eligibility not fully verified.,4x1rb3bm,"Join us at one of the best cafés in West Village for coffee & co-working with local founders, operators and investors. Whether you're building your first…",,"ecosystem-primary (Luma registration page, 2026-09-10)",yes
ECO-i4p265jc,ecosystem-luma,Founder confessions: Building the right business for you,2026-09-17,16:00-18:00,America/New_York,New York,,,"Founders, Funders, & Fractionals",,https://luma.com/i4p265jc,Luma public search (query: founders),GENERAL-TECH,medium,3,GENERAL-TECH,,Not stated (unverified),Free,Registration requires approval,"Waitlist (Luma page, 2026-09-10)",2026-09-10 (this pass),4,Excluded-general-tech,Registration status/eligibility not fully verified.,i4p265jc,"Building a business that enables the life you want is harder than it looks.
There’s no universal benchmark for founders. It can be hard to know whether you’re…",,"ecosystem-primary (Luma registration page, 2026-09-10)",yes
ECO-d2h0v5qy,ecosystem-luma,Founders After Hours,2026-09-17,20:00-22:00,America/New_York,Lower Manhattan (obfuscated),,,Lillyanna McCue,,https://luma.com/d2h0v5qy,Luma public search (query: founders),GENERAL-TECH,medium,3,GENERAL-TECH,,Not stated (unverified),Free,Registration/approval required (Luma); eligibility not verified.,"Waitlist (Luma page, 2026-09-10)",2026-09-10 (this pass),4,Excluded-general-tech,Registration status/eligibility not fully verified.,d2h0v5qy,"What you’re creating is exciting - and it’s worth getting a whole lot louder about.
This is capped at 30 to make sure the ones in the room are meant to be here…",,"ecosystem-primary (Luma registration page, 2026-09-10)",no
ECO-aec93244,ecosystem-luma,(pre)NY Climate Week Founder Speed Matching,2026-09-18,08:30–10:30,America/New_York,,East Village,,C2FM (Climate Co-Founder Matching),,https://luma.com/aec93244,CTVC guide (luma.com/nycwguide2026),Networking / speed matching,strong,6,Networking / speed matching,,Not stated (unverified),Free (listed ticket),Host approval required; eligibility not independently established.,Registration open; approval required (Luma primary page),2026-09-10T22:13:01.474475+00:00,8,Strong-qualified,Registration status/eligibility not fully verified.,aec93244,"Looking for a co-founder to build a climate startup with? C2FM's founder speed matching format is going NYC-wide for the first time.
Here's how it works:
You'll apply by answering a few quick questions, and C2FM's founder matching algorithm will decide who you are most compatible with as a co-founder.
You'll go through 10 rounds of 5-minute conversations with founders who could be a real fit.
After each round, you mark yes or no on the people you met.
When it's a mutual yes, we make the intro.
This one's built for solo founders looking for a co-founder, operators with the itch to build somethi",,ecosystem-primary (Luma structured event data independently verified 2026-09-10),yes
ECO-l99e5v88,ecosystem-luma,"Climate Tech Demo Series - Collab Fund, Streetlife Ventures",2026-09-21,09:00–11:30,America/New_York,New York (obfuscated),,,Collaborative Fund; Streetlife Ventures,,https://luma.com/l99e5v88,Luma public search (query: climate tech),demo/venture,strong,4,founder/investor demo series (Collab Fund & Streetlife Ventures),,Not stated (unverified),Free (listed ticket),Host approval required; eligibility not independently established.,Registration open; approval required (Luma primary page),2026-09-10T22:13:01.474475+00:00,6,Qualified,Registration status/eligibility not fully verified.,l99e5v88,"Come see the freshest Climate Tech demos.
This NY Climate Week edition of the quarterly Climate Tech Demo Series will feature climate tech startups solving tough urban issues with the most advanced technology. Six startups will do live demos of their technology and share how they build from high performance computing to material science, hardware, and other innovations.
This is not a pitch night, but a chance to go deeper into the tech of climate solutions that can make tangible differences to the livability of our cities and planet. Demos will start at 9:30am:
🔋 Every Electric - Base Power bu",demo,ecosystem-primary (Luma structured event data independently verified 2026-09-10),yes
ECO-pkn0pfug,ecosystem-luma,"Investing in Change: Climate, Biodiversity, and the Agri-Food Future",2026-09-21,13:00-14:30,America/New_York,"Scandinavia House, 58 Park Ave, Murray Hill",,,The Nature Conservancy,,https://luma.com/pkn0pfug,Luma public search (query: climate investor),investor/agri-food,medium,4,investor/agri-food,,Not stated (unverified),Free,Registration requires approval,Registration requires approval,2026-09-10 (this pass),5,Candidate-pending-verification,Registration status/eligibility not fully verified.,pkn0pfug,"Climate change and nature loss are reshaping agricultural production around the world, altering water availability, shifting crop viability, and creating new…",,"ecosystem-primary (Luma registration page, 2026-09-10)",no
ECO-fff-nycw,ecosystem-luma,Female Founders & Funders Gathering @ NY Climate Week,2026-09-21,13:30–16:00,America/New_York,Midtown South (obfuscated),,,Planeteer Capital; Elemental Impact; SE Ventures,,https://luma.com/fff-nycw,Luma public search (query: founders),founder/funder,medium,7,founder/funder,,Not stated (unverified),Free (listed ticket),Host approval required; eligibility not independently established.,Registration open; approval required (Luma primary page),2026-09-10T22:13:01.474475+00:00,8,Strong-qualified,Registration status/eligibility not fully verified.,fff-nycw,"FFF returns to New York for Climate Week's most impactful networking event!
We're bringing together hundreds of venture investors and startup operators across energy, AI, mobility, resilience, food systems, deep tech, and infrastructure... all of whom happen to be women! 🙋‍♀️ 💸
Space is limited - please RSVP to request an invitation.
Hosted at our most epic rooftop venue yet, with a DJ spinning live beats 🪩 Plus, fan-favorite founder speed pitches.
Co-hosted by Planeteer Capital & Earthshot Ventures.
Thank you to our sponsors: SE Ventures, Breakthrough Energy, Elemental Impact, Justworks, East",network,ecosystem-primary (Luma structured event data independently verified 2026-09-10),yes
ECO-h43bxx1f,ecosystem-luma,When AI Meets the Physical World: Reinventing the Infrastructure Behind the Intelligence,2026-09-21,14:00-16:00,America/New_York,Manhattan (obfuscated),,,Climate Investment,,https://luma.com/h43bxx1f,Luma public search (query: climate tech),ai-infrastructure/vc,medium,8,ai-infrastructure/vc,,Not stated (unverified),Free,Registration requires approval,Registration requires approval,2026-09-10 (this pass),9,Candidate-pending-verification,Registration status/eligibility not fully verified.,h43bxx1f,"AI is driving a step-change in demand for power, compute, cooling and critical infrastructure at a time when those systems are already under strain. Grids need…",,"ecosystem-primary (Luma registration page, 2026-09-10)",yes
ECO-tbo854x6,ecosystem-luma,NY Tech Meetup - Climate Tech Edition,2026-09-21,17:00–21:30,America/New_York,"Civic Hall, 124 E 14th St, Union Square",,,NY Tech Alliance; Campus Deep Tech; Columbia,,https://luma.com/tbo854x6,Luma public search (query: climate tech),founders/vc/pitch,medium,9,founder/VC pitch + networking reception,"Panelists: Vanessa Chan (Penn Engineering); Gernot Wagner (Columbia Business School); Anastasia O'Rourke (Carbon Containment Lab / Yale). Judges: Priyanka Bakaya (ARPA-E); Rachel Slaybaugh (DCVC); Noah Sumait (Energy Impact Partners). Hosts: NY Tech Alliance, Campus Deep Tech, Columbia Lenfest Center, Columbia Climate Fund. 6 startup pitches + reception.",Not stated (unverified),USD 20.00 (listed paid ticket; check ticket-specific conditions),Registration available subject to listed capacity/status; eligibility not independently established.,Registration open (Luma primary page),2026-09-10T22:13:01.474475+00:00,10,Strong-qualified,Registration status/eligibility not fully verified. Also on official directory (row CW-0070) but not auto-qualified by the theme/format filter; retained on ecosystem evidence.,tbo854x6,"Join us for the September edition of the NY Tech Meetup, where we’re partnering with Campus Deep Tech.
This NY Tech Meetup includes a few special elements including an expert panel on resilience and the future of climate tech and one of the largest startup pitch competitions during Climate Week NYC.
See the investors that will be in the room listed below!
Each competing startup demoer is developing moonshot innovations originating in university research labs that will help address pressing resilience challenges across:
Climate & Natural Disasters
Energy, Water, Telecom, and AI Infrastructure
I",meetup,ecosystem-primary (Luma structured event data independently verified 2026-09-10),yes
ECO-p4hl3mtu,ecosystem-luma,Carbon Removal Community Reception: Climate Week NYC Edition!,2026-09-21,18:00–20:00,America/New_York,New York (address obfuscated until approval),,,Carbon Business Council,,https://luma.com/p4hl3mtu,Luma public search (query: climate week),carbon-removal/reception,strong,5,carbon-removal/reception,,Not stated (unverified),Free (listed ticket),Host approval required; eligibility not independently established.,Registration open; approval required (Luma primary page),2026-09-10T22:13:01.474475+00:00,7,Qualified,Registration status/eligibility not fully verified.,p4hl3mtu,"Come join The Carbon Business Council, Carbon180, Carbon Capture Coalition, Carbon Removal Canada, Carbon Removal Alliance,  Carbon to Sea, Remove, and XPRIZE on Monday, September 21 for a carbon removal community reception at the opening of Climate Week NYC! Connect with other people passionate about carbon removal and get excited for the week ahead.
The event kicks off at 6pm.",,ecosystem-primary (Luma structured event data independently verified 2026-09-10),yes
ECO-yaleclimateweek2026,ecosystem-luma,Yale @ Climate Week NYC 2026,2026-09-22,08:00-21:00,America/New_York,"The Yale Club, 50 Vanderbilt Ave, Midtown East",,,Yale Planetary Solutions,,https://luma.com/yaleclimateweek2026,Luma public search (query: climate week),ecosystem/university,medium,6,ecosystem/university,,Not stated (unverified),Free,Registration/approval required (Luma); eligibility not verified.,"Waitlist (Luma page, 2026-09-10)",2026-09-10 (this pass),7,Candidate-pending-verification,Registration status/eligibility not fully verified.,yaleclimateweek2026,"Yale @ Climate Week NYC 2026 will take place on Tuesday, September 22, from 8:00 AM to 9:00 PM. Click ""Register,"" then use the form to indicate which sessions…",,"ecosystem-primary (Luma registration page, 2026-09-10)",no
ECO-2150-nth0,ecosystem-luma,NYCW Innovation Showcase & Rooftop Breakfast,2026-09-22,08:30–12:00,America/New_York,Hudson Square (obfuscated),,,2150; Extantia,,https://luma.com/2150-nth0,Luma public search (query: climate investor),showcase/breakfast,strong,7,showcase/breakfast,,Not stated (unverified),Free (listed ticket),Host approval required; eligibility not independently established.,Registration open; approval required (Luma primary page),2026-09-10T22:13:01.474475+00:00,9,Strong-qualified,Registration status/eligibility not fully verified.,2150-nth0,"Start your morning with a view and a front-row seat to the future of climate tech.
Join 2150, Azolla Ventures, Blue Bear Capital, Extantia, KOMPAS VC, The Clean Fight, and HSBC Innovation Banking for a morning celebrating NYCW’s climate-tech community.
When: Tuesday, September 22nd
Who: 300 investors and founders tackling the planet’s biggest sustainability challenges
Where: Lower Manhattan
We’re bringing together standout portfolio companies and a select group of climate-focused investors for a fast-paced morning of connection and discovery.
The morning will spotlight companies from each fund",,ecosystem-primary (Luma structured event data independently verified 2026-09-10),yes
ECO-amse0fiu,ecosystem-luma,The Scaling Playbook: Roadmaps for Climate Tech's Next Chapter,2026-09-22,10:00-11:30,America/New_York,Financial District (obfuscated),,,Venture Climate Alliance; Jack Fritzinger,,https://luma.com/amse0fiu,Luma public search (query: climate tech),founder/scaling,medium,7,founder/scaling,,Not stated (unverified),Free,Registration/approval required (Luma); eligibility not verified.,"Waitlist (Luma page, 2026-09-10)",2026-09-10 (this pass),8,Candidate-pending-verification,Registration status/eligibility not fully verified.,amse0fiu,"Scaling climate technology from first-of-a-kind project to bankable, repeatable infrastructure is one of the hardest problems in the climate transition, and…",,"ecosystem-primary (Luma registration page, 2026-09-10)",yes
ECO-3py9lr35,ecosystem-luma,From Lab to Scale: Building the Northeast's Climate Innovation Pipeline,2026-09-22,12:30-13:30,America/New_York,"The Biome (SOSV), 7 Penn Plaza",Midtown,,Greentown Labs,,https://luma.com/3py9lr35,SOSV hub (sosv.com/join-sosv-at-climate-week-nyc-2026),Discussion + lunch,medium,7,Discussion + lunch,,Not stated (unverified),unknown,Registration/approval required (Luma); eligibility not verified.,Not observed,2026-09-10 (this pass),8,Candidate-pending-verification,Registration status/eligibility not fully verified.,3py9lr35,,,ecosystem-primary (Luma registration page),no
ECO-l93409yl,ecosystem-luma,Climatetech Startup Showcase,2026-09-22,13:00–15:30,America/New_York,"The Biome (SOSV), 7 Penn Plaza",Midtown,,Greentown Labs,,https://luma.com/l93409yl,SOSV hub (sosv.com/join-sosv-at-climate-week-nyc-2026),Pitch / showcase,strong,7,Pitch / showcase,,Not stated (unverified),Free (listed ticket),Registration available subject to listed capacity/status; eligibility not independently established.,Waitlist (Luma primary page),2026-09-10T22:13:01.474475+00:00,9,Strong-qualified,Registration status/eligibility not fully verified.,l93409yl,"Greentown is home to 300+ climate, energy, and industrial startups innovating for a better world. These startups, working across key verticals like energy and power, manufacturing and processing, transportation and logistics, infrastructure and construction, and food, water, and land, are developing the technologies that will pave the way to a low-carbon, abundant, and resilient economy. Now, it's your turn to meet them!Join us for a pitch and showcase event bringing together founders, investors, corporate leaders, policymakers, philanthropists, and beyond at New York Climate Week. Our founder",,ecosystem-primary (Luma structured event data independently verified 2026-09-10),yes
ECO-qkfpli2p,ecosystem-luma,The Data Center Dilemma: Building Smart Policy for the AI Era,2026-09-22,14:00-15:00,America/New_York,"140 W 62nd St, Manhattan",,,State and Local Climate Policy Symposium,,https://luma.com/qkfpli2p,Luma public search (query: energy data center),data-center/policy,medium,5,data-center/policy,,Not stated (unverified),Free,Registration/approval required (Luma); eligibility not verified.,Open/free registration,2026-09-10 (this pass),6,Candidate-pending-verification,Registration status/eligibility not fully verified.,qkfpli2p,The rapid expansion of artificial intelligence is fueling an unprecedented boom in data center construction—but the costs are increasingly being borne by the…,,"ecosystem-primary (Luma registration page, 2026-09-10)",yes
ECO-jnh0lxve,ecosystem-luma,"Investing in Resilience: Capital, Risk & Return",2026-09-22,14:00-16:00,America/New_York,"The Ned NoMad, 1170 Broadway, NoMad",,,Top Tier Impact,,https://luma.com/jnh0lxve,Luma public search (query: climate investor),investor/resilience,medium,6,investor/resilience,,Not stated (unverified),USD 150,Registration requires approval,Registration requires approval,2026-09-10 (this pass),7,Candidate-pending-verification,Registration status/eligibility not fully verified. Also on official directory (row CW-0347) but not auto-qualified by the theme/format filter; retained on ecosystem evidence.,jnh0lxve,"Climate Week brings thousands of investors, executives, and founders to New York. Far fewer events are designed specifically around the people making capital…",,"ecosystem-primary (Luma registration page, 2026-09-10)",yes
ECO-2x5j1bwk,ecosystem-luma,UTA Foundation Climate Week Cocktail,2026-09-22,16:30–18:30,America/New_York,"230 Fifth Rooftop Bar, 1150 Broadway, NoMad",,,The Impact Lounge,,https://luma.com/2x5j1bwk,Luma public search (query: climate week),cocktail/networking,medium,4,cocktail/networking,,Not stated (unverified),Free (listed ticket),Host approval required; eligibility not independently established.,Registration open; approval required (Luma primary page),2026-09-10T22:13:01.474475+00:00,5,Qualified,Registration status/eligibility not fully verified.,2x5j1bwk,"The UTA Foundation and The Impact Lounge invite you to join us in honor of Climate Week NYC. Gather with leaders across entertainment and philanthropy for an evening of connection, conversation, and community-building around a more sustainable future.",,ecosystem-primary (Luma structured event data independently verified 2026-09-10),no
ECO-rsra440j,ecosystem-luma,WaterTech Futures 2.0: Unlocking Critical Minerals From Industrial Water,2026-09-22,17:00-19:00,America/New_York,Manhattan (obfuscated),,,ClimateHaven,,https://luma.com/rsra440j,Luma public search (query: climate tech),water/minerals/startup,medium,6,water/minerals/startup,,Not stated (unverified),Free,Registration requires approval,Registration requires approval,2026-09-10 (this pass),7,Candidate-pending-verification,Registration status/eligibility not fully verified. Also on official directory (row CW-0263) but not auto-qualified by the theme/format filter; retained on ecosystem evidence.,rsra440j,"Hosted by ClimateHaven’s Water Innovation Hub, in collaboration with Wilson Sonsini, Xylem, Burnt Island Ventures, and Echo River Capital.
WaterTech Futures…",,"ecosystem-primary (Luma registration page, 2026-09-10)",yes
ECO-jggg3713,ecosystem-luma,NYCW Founder & Investor Happy Hour,2026-09-22,17:00–19:00,America/New_York,Midtown South (obfuscated),,,Daniel Kriozere et al.,,https://luma.com/jggg3713,Luma public search (query: founders),founder/investor mix,strong,6,founder/investor mix,,Not stated (unverified),Free (listed ticket),Host approval required; eligibility not independently established.,Waitlist; approval required (Luma primary page),2026-09-10T22:13:01.474475+00:00,8,Strong-qualified,Registration status/eligibility not fully verified.,jggg3713,"Join Venture For ClimateTech and ClimateTech Expertise Network during NY Climate Week for an evening of drinks, food, and connection with the people building, funding, and supporting the future of climate technology.
This happy hour is an opportunity for Venture For ClimateTech founders, alumni, investors, partners, and members of our broader community to get together, catch your breath, and meet up with new and familiar faces across the climate tech ecosystem.What to expect:
🍸 Drinks and food
🤝 Founders, investors, and climate tech community members
💡 Casual conversations and new connections
",connect; drinks; network,ecosystem-primary (Luma structured event data independently verified 2026-09-10),yes
ECO-pwgqfblm,ecosystem-luma,Women and Climate Climate Week NYC Happy Hour,2026-09-22,17:30–20:00,America/New_York,New York (obfuscated),,,Women and Climate,,https://luma.com/pwgqfblm,Luma public search (query: climate investor),happy hour/community,strong,5,happy hour/community,,Not stated (unverified),Free (listed ticket),Registration available subject to listed capacity/status; eligibility not independently established.,Waitlist (Luma primary page),2026-09-10T22:13:01.474475+00:00,7,Qualified,Registration status/eligibility not fully verified.,pwgqfblm,"Welcome to our NYC Climate Week Event for 2026!
Women and Climate's Climate Week NYC Happy Hour is a special space for women and non-binary individuals to network, make new friends! As always, no climate experience necessary!
Our Board Members and Volunteers will also be attending and eager to meet our community, new and existing!
A cash bar will be available for purchase of drinks.
We’re also excited to share our program for the evening:
Susan McPherson and Julie Potyraj will deliver special remarks.
Carter Schmitt and Simran Heer will return as our Masters of Ceremonies.
Women and Climate Bo",happy hour,ecosystem-primary (Luma structured event data independently verified 2026-09-10),no
ECO-72nytunj,ecosystem-luma,What's Next in Deep Tech? (Honda Xcelerator Ventures x SOSV),2026-09-22,18:00–20:00,America/New_York,"The Biome (SOSV), 7 Penn Plaza",Midtown,,Honda Xcelerator Ventures & SOSV,,https://luma.com/72nytunj,SOSV hub (sosv.com/join-sosv-at-climate-week-nyc-2026),Fireside + networking,medium,8,deep-tech venture fireside + networking,SOSV founder Sean O'Sullivan (fireside).,Not stated (unverified),Free (listed ticket),Registration available subject to listed capacity/status; eligibility not independently established.,Registration open (Luma primary page),2026-09-10T22:13:01.474475+00:00,9,Strong-qualified,Registration status/eligibility not fully verified.,72nytunj,"As Climate Week NYC brings together the people and ideas shaping the future of climate innovation, join Honda Xcelerator Ventures and SOSV for a fireside chat with SOSV founder Sean O’Sullivan.
Sean will reflect on SOSV’s journey, lessons learned along the way, and how its approach to backing emerging technologies has evolved.
Looking ahead, Sean will share his perspective on climate and deep tech, the opportunities he sees emerging, and the technologies and ideas he believes are worth betting on next.
The conversation will be moderated by Hyundo Kwon, Principal - Honda Xcelerator Ventures.",fireside,ecosystem-primary (Luma structured event data independently verified 2026-09-10),yes
ECO-0x2srxfd,ecosystem-luma,The Race to Recover America's Critical Minerals: When Startups and Industry Team Up,2026-09-23,08:00-11:00,America/New_York,"The Biome (SOSV), 7 Penn Plaza",Midtown,,"KOMPAS VC, SOSV, At One Ventures",,https://luma.com/0x2srxfd,SOSV hub (sosv.com/join-sosv-at-climate-week-nyc-2026),Breakfast fireside + networking,medium,7,critical minerals / industrials breakfast,"KOMPAS VC, SOSV, At One Ventures; Helios Matters and Atalco named as participants.",Not stated (unverified),unknown,Registration/approval required (Luma); eligibility not verified.,"Waitlist (Luma page, 2026-09-10)",2026-09-10 (this pass),8,Candidate-pending-verification,Registration status/eligibility not fully verified.,0x2srxfd,"The US imports the vast majority of the critical minerals that power its defense, aerospace, and semiconductor industries — but a meaningful share of what it…",,"ecosystem-primary (Luma registration page, 2026-09-10)",yes
ECO-e8angels-ohxt,ecosystem-luma,Capital for Resilience: Investing in Climate's Next Wave,2026-09-23,09:00-11:00,America/New_York,Midtown West (obfuscated),,,E8 Angels; Coeus Collective Ventures,,https://luma.com/e8angels-ohxt,Luma public search (query: climate investor),investor/resilience,medium,6,investor/resilience,,Not stated (unverified),Free,Registration/approval required (Luma); eligibility not verified.,"Waitlist (Luma page, 2026-09-10)",2026-09-10 (this pass),7,Candidate-pending-verification,Registration status/eligibility not fully verified. Also on official directory (row CW-0483) but not auto-qualified by the theme/format filter; retained on ecosystem evidence.,e8angels-ohxt,"Most climate capital still flows to mitigation. In 2023, adaptation and resilience drew roughly $65 billion worldwide against $1.78 trillion for mitigation,…",,"ecosystem-primary (Luma registration page, 2026-09-10)",yes
ECO-xmuiv8bw,ecosystem-luma,Carbon Newbie Summit at Climate Week NYC 2026,2026-09-23,09:00–12:30,America/New_York,"Debevoise & Plimpton LLP, 66 Hudson Blvd E",,,Carbon Newbie; Michelle Li,,https://luma.com/xmuiv8bw,Luma public search (query: climate week),carbon/summit,strong,4,carbon/summit,,Not stated (unverified),Free (listed ticket),Host approval required; eligibility not independently established.,Registration open; approval required (Luma primary page),2026-09-10T22:13:01.474475+00:00,6,Qualified,Registration status/eligibility not fully verified.,xmuiv8bw,"The Carbon Newbie Summit is back for its 6th edition! 🎉
What can whales teach us about economics? How is AI transforming the way buildings use energy? And how are global investors and insurers preparing for a changing climate?
Hear fresh perspectives from senior leaders at Mubadala Investment Company, London Stock Exchange Group, Trane Technologies, ServiceNow, American Family Insurance, BrainBox AI and more—alongside renowned scientists, entrepreneurs and changemakers from Columbia Climate School, the University of Toronto, Rutgers University and the Clean Air Task Force.
We’ll explore everyt",,ecosystem-primary (Luma structured event data independently verified 2026-09-10),yes
ECO-hpyciizr,ecosystem-luma,Common Denominator: How Philanthropy Unlocks and Scales Climate Innovation,2026-09-23,10:00-12:30,America/New_York,Chelsea (obfuscated),,,LabStart Innovations et al.,,https://luma.com/hpyciizr,Luma public search (query: climate tech),innovation/philanthropy,medium,4,innovation/philanthropy,,Not stated (unverified),Free,Registration requires approval,Registration requires approval,2026-09-10 (this pass),5,Candidate-pending-verification,Registration status/eligibility not fully verified.,hpyciizr,"You're invited to join LabStart, Activate, The Engine, and Azolla Ventures on Wednesday, September 23 from 10am - 12:30pm during Climate Week NYC.
We're…",,"ecosystem-primary (Luma registration page, 2026-09-10)",yes
ECO-kxgknkyb,ecosystem-luma,"The State of Climate Storytelling: Media Panel with the Financial Times, Washington Post and Canary Media",2026-09-23,10:40-11:25,America/New_York,"LUME Studios, 393 Broadway, Lower Manhattan",,,Antenna Group,,https://luma.com/kxgknkyb,Luma public search (query: climate week),media/climate-communications,medium,4,media/climate-communications,,Not stated (unverified),Free,Registration requires approval,Registration requires approval,2026-09-10 (this pass),5,Excluded-non-commercial,Registration status/eligibility not fully verified. Also on official directory (row CW-0461) but not auto-qualified by the theme/format filter; retained on ecosystem evidence.,kxgknkyb,"Has climate storytelling entered a new phase amidst the virtual disappearance of ""net zero"" goals and a more uncertain period for electrification,…",,"ecosystem-primary (Luma registration page, 2026-09-10)",no
ECO-69gbd51y,ecosystem-luma,Climate Solutions Showcase,2026-09-23,12:00–16:00,America/New_York,The Arts Center at Governors Island (Bldg 110),,,Governors Island,,https://luma.com/69gbd51y,Luma public search (query: climate tech),showcase,strong,6,showcase,,Not stated (unverified),Free (listed ticket),Registration available subject to listed capacity/status; eligibility not independently established.,Registration open (Luma primary page),2026-09-10T22:13:01.474475+00:00,8,Strong-qualified,Registration status/eligibility not fully verified.,69gbd51y,"Extreme heat and chronic flooding have become a new normal in New York City. On Governors Island, novel adaptation solutions that New Yorkers will depend on aren’t only concepts; they're reality. From recycleable flood barriers to passive cooling technology, the Trust's Climate Piloting Program supports more than two dozen innovative solutions that are paving the way for more resilient and sustainable cities.
Join us on Wednesday, September 23, to see emerging tech in action, hear the founders pitch, and connect with the dynamic climate piloting ecosystem on Governors Island.
Event Details
12-",,ecosystem-primary (Luma structured event data independently verified 2026-09-10),no
ECO-auyw9d6z,ecosystem-luma,Swiss Climatetech Showcase,2026-09-23,13:00–14:30,America/New_York,"Performance Space New York, 150 1st Ave",,,Swissnex in Boston and New York,,https://luma.com/auyw9d6z,Luma public search (query: climate tech),startup/showcase,strong,6,startup/showcase,,Not stated (unverified),Free (listed ticket),Host approval required; eligibility not independently established.,Registration open; approval required (Luma primary page),2026-09-10T22:13:01.474475+00:00,8,Strong-qualified,Registration status/eligibility not fully verified.,auyw9d6z,"Meet the next generation of Swiss climatetech founders as the Climate Collider 2026 cohort comes to Climate Week NYC. Eight Swiss startups — spanning carbon removal, geothermal drilling, sustainable agriculture, clean hydrogen, industrial efficiency, circular construction materials, advanced membranes, biomaterials, and textile recycling — will pitch their solutions to investors, researchers, and industry leaders shaping the future of climate innovation.
Climate Collider is a startup camp powered by Innosuisse and managed by Swissnex, designed to strengthen transatlantic collaboration and conn",,ecosystem-primary (Luma structured event data independently verified 2026-09-10),yes
ECO-mgw71g15,ecosystem-luma,The Future of Data Centers: Technologies to Change the Paradigm,2026-09-23,13:00–15:00,America/New_York,Chelsea (obfuscated),,,MIT Climate Project,,https://luma.com/mgw71g15,Luma public search (query: energy data center),data-center/tech,medium,7,data-center/tech,,Not stated (unverified),Free (listed ticket),Host approval required; eligibility not independently established.,Registration open; approval required (Luma primary page),2026-09-10T22:13:01.474475+00:00,8,Strong-qualified,Registration status/eligibility not fully verified.,mgw71g15,"Data centers are at an inflection point, facing interconnected technical, operational, economic, and community constraints that demand cross-sector dialogue and innovation. The program will feature presentations from MIT researchers and spinouts developing technologies that will reshape the future of data centers, followed by a panel discussion exploring the sector’s most pressing opportunities and challenges.
The session will also bring together a panel of leaders from technology, infrastructure, capital, and policy to explore how a systems approach can reveal pathways to reshape data center ",connect,ecosystem-primary (Luma structured event data independently verified 2026-09-10),yes
ECO-evigo33o,ecosystem-luma,Shaping the Data Center Narrative,2026-09-23,14:30-15:10,America/New_York,"LUME Studios, 393 Broadway, Lower Manhattan",,,Antenna Group,,https://luma.com/evigo33o,Luma public search (query: energy data center),data-center/media,medium,5,data-center/media,,Not stated (unverified),Free,Registration requires approval,Registration requires approval,2026-09-10 (this pass),6,Candidate-pending-verification,Registration status/eligibility not fully verified. Also on official directory (row CW-0533) but not auto-qualified by the theme/format filter; retained on ecosystem evidence.,evigo33o,"As AI, electrification, and digital infrastructure reshape the global economy, the companies building and powering these systems are facing greater scrutiny…",,"ecosystem-primary (Luma registration page, 2026-09-10)",yes
ECO-0o9bivsv,ecosystem-luma,Heatmap House: Climate Tech's New Era,2026-09-23,14:30-16:15,America/New_York,"22 Vanderbilt, 335 Madison Ave, Midtown East",,,Heatmap News,,https://luma.com/0o9bivsv,Luma public search (query: climate tech),media/climate-tech,medium,7,media/climate-tech,,Not stated (unverified),Free,Registration/approval required (Luma); eligibility not verified.,"Waitlist (Luma page, 2026-09-10)",2026-09-10 (this pass),8,Candidate-pending-verification,Registration status/eligibility not fully verified.,0o9bivsv,"IPOs. Booming energy demand. Weird capital stacks. Climate tech has entered a new era of explosive growth and simmering uncertainty. We talk to investors,…",,"ecosystem-primary (Luma registration page, 2026-09-10)",yes
ECO-c2es-scaleup-summit,ecosystem-luma,C2ES Scale-Up Summit,2026-09-23,14:30–17:30,America/New_York,"GH on the Park, 54 W 40th St, Midtown South",,,C2ES (Center for Climate and Energy Solutions),,https://luma.com/C2ES-ScaleUp-Summit,Luma public search (query: climate tech),policy/scaleup,strong,4,policy/scaleup,,Not stated (unverified),Free (listed ticket),Host approval required; eligibility not independently established.,Registration open; approval required (Luma primary page),2026-09-10T22:13:01.474475+00:00,6,Qualified,Registration status/eligibility not fully verified.,c2es-scaleup-summit,"Commercializing climate technologies requires both world-class innovation and effective strategies to close the financing gap between successful pilots and full-scale deployment. This Summit will bring together leading climate technology startups with investors, corporate buyers, and other key sources of capital to explore how strategic milestones, partnerships, and blended capital approaches can accelerate commercialization, strengthen U.S. competitiveness, and scale climate solutions.
The Summit will feature three key sessions:
1) A startup showcase highlighting leading climate tech companie",,ecosystem-primary (Luma structured event data independently verified 2026-09-10),yes
ECO-a3dxuies,ecosystem-luma,India's Clean Energy Transformation: Delivering 24/7 Clean Power at Scale,2026-09-23,16:30-18:30,America/New_York,"Consulate General of India, 3 E 64th St",,,India Energy & Climate Center,,https://luma.com/a3dxuies,Luma public search (query: energy data center),energy/scale,medium,5,energy/scale,,Not stated (unverified),Free,Registration/approval required (Luma); eligibility not verified.,"Waitlist (Luma page, 2026-09-10)",2026-09-10 (this pass),6,Candidate-pending-verification,Registration status/eligibility not fully verified. Also on official directory (row CW-0512) but not auto-qualified by the theme/format filter; retained on ecosystem evidence.,a3dxuies,"As the world grapples with rapidly growing electricity demand from data centers, advanced manufacturing, and industry, India’s emerging model of firm,…",,"ecosystem-primary (Luma registration page, 2026-09-10)",yes
ECO-x3n9yz9d,ecosystem-luma,Powering AI: Data Centers and the Subsea Infrastructure Race,2026-09-23,17:00-20:00,America/New_York,Manhattan (obfuscated),,,ECOncrete,,https://luma.com/x3n9yz9d,Luma public search (query: energy data center),ai-infrastructure/infra,medium,6,ai-infrastructure/infra,,Not stated (unverified),Free,Registration requires approval,Registration requires approval,2026-09-10 (this pass),7,Candidate-pending-verification,Registration status/eligibility not fully verified.,x3n9yz9d,"AI is becoming one of the biggest (and fastest) infrastructure scale-up challenges of the decade.
As data centers expand exponentially, so is the demand for…",,"ecosystem-primary (Luma registration page, 2026-09-10)",yes
ECO-regen-house-party-cwnyc26,ecosystem-luma,Regen House Party,2026-09-23,22:00–01:00 (ends 2026-09-24),America/New_York,Midtown South (obfuscated),,,REGEN HOUSE,,https://luma.com/regen-house-party-cwnyc26,Luma public search (query: climate week),party/social,medium,4,party/social,,Not stated (unverified),Free (listed ticket),Host approval required; eligibility not independently established.,Registration open; approval required (Luma primary page),2026-09-10T22:13:01.474475+00:00,5,Qualified,Registration status/eligibility not fully verified.,regen-house-party-cwnyc26,"Join us for a celebratory evening to wrap Climate Week NYC. A dynamic space to connect with regenerative food and ag systems leaders, innovators, and change-makers. Raise a glass to the climate impact we’ve achieved—and help envision the next steps toward regenerating our planet. Expect vibrant conversations, inspiring company, and a shared commitment to climate-positive action.",connect,ecosystem-primary (Luma structured event data independently verified 2026-09-10),yes
ECO-1imw4eyv,ecosystem-luma,Port Powerhouse @ Climate Week NYC,2026-09-24,08:30-14:30,America/New_York,Manhattan (obfuscated),,,High Ambition Climate Collective,,https://luma.com/1imw4eyv,Luma public search (query: climate week),ports/industry,medium,4,ports/industry,,Not stated (unverified),Free,Registration/approval required (Luma); eligibility not verified.,"Waitlist (Luma page, 2026-09-10)",2026-09-10 (this pass),5,Candidate-pending-verification,Registration status/eligibility not fully verified. Also on official directory (row CW-0597) but not auto-qualified by the theme/format filter; retained on ecosystem evidence.,1imw4eyv,"Join us on UN World Maritime Day, Thursday, September 24, for the second annual convening at Climate Week NYC.
Port Powerhouse: Ports powering a…",,"ecosystem-primary (Luma registration page, 2026-09-10)",no
ECO-5dvqzg8m,ecosystem-luma,Nature-Based Carbon Forum (Climate Week 2026),2026-09-24,08:30–16:15,America/New_York,Midtown South (obfuscated),,,Kanop; PUR; Removall,,https://luma.com/5dvqzg8m,Luma public search (query: climate week),carbon/forum,medium,6,carbon/forum,,Not stated (unverified),Free (listed ticket),Host approval required; eligibility not independently established.,Registration open; approval required (Luma primary page),2026-09-10T22:13:01.474475+00:00,7,Qualified,Registration status/eligibility not fully verified.,5dvqzg8m,"Organized by Kanop, PUR and Removall, the Nature-Based Carbon Forum brings together leading stakeholders from across the carbon market to explore what it will take to scale high-integrity, tree- and forest-based carbon projects.
Through expert discussions and peer exchange, the Forum will examine the latest developments, opportunities and challenges across restoration and conservation - from project integrity and implementation to market demand, finance and long-term impact.
The programme will focus on four key areas:
ARR - REDD+ - Agroforestry - Mangroves
Designed as a highly interactive foru",,ecosystem-primary (Luma structured event data independently verified 2026-09-10),yes
ECO-climate-capital-2026,ecosystem-luma,2026 Climate Capital Summit,2026-09-24,09:00–18:00,America/New_York,Financial District (obfuscated),,,Equal Ventures,,https://luma.com/climate-capital-2026,Luma public search (query: climate investor),investor summit,strong,7,investor summit,,Not stated (unverified),Free (listed ticket),Host approval required; eligibility not independently established.,Registration open; approval required (Luma primary page),2026-09-10T22:13:01.474475+00:00,9,Strong-qualified,Registration status/eligibility not fully verified. Also on official directory (row CW-0591) but not auto-qualified by the theme/format filter; retained on ecosystem evidence.,climate-capital-2026,"Climate is entering a new era.
We’re at a critical moment in climate—one defined by urgency and a tougher set of questions: What’s actually working? Where is capital flowing? And how do we scale solutions in a durable and equitable way?
What to bring
A government-issued ID for check-in
Plan your day
Check-in begins at 9:00 AM. Programming will start at 9:30 AM.
Please arrive early to secure your seat for the sessions you care about most.
Coffee, refreshments, and light bites provided throughout the day.
Join us for the 4th Annual Climate Capital Summit during Climate Week NYC.
This invite-only",,ecosystem-primary (Luma structured event data independently verified 2026-09-10),no
ECO-3tddgrxo,ecosystem-luma,Impact State of Mind: Investor Day,2026-09-24,09:00-20:30,America/New_York,Manhattan (obfuscated),,,Impact State of Mind,,https://luma.com/3tddgrxo,Luma public search (query: climate investor),investor day,strong,6,investor day,,Not stated (unverified),USD 20-24,Registration requires approval,Registration requires approval,2026-09-10 (this pass),8,Candidate-pending-verification,Registration status/eligibility not fully verified.,3tddgrxo,"Join us in Midtown Manhattan for “Impact State of Mind 2026: Investor Day,” a full day of programming created for investors, funders, business leaders, and…",,"ecosystem-primary (Luma registration page, 2026-09-10)",yes
ECO-bvctdu9t,ecosystem-luma,Communities Take Charge: Launching the Data Center Policy Toolkit,2026-09-24,12:00-15:00,America/New_York,Manhattan (obfuscated),,,We Build Progress,,https://luma.com/bvctdu9t,Luma public search (query: energy data center),data-center/policy,medium,5,data-center/policy,,Not stated (unverified),Free,Registration/approval required (Luma); eligibility not verified.,Open/free registration,2026-09-10 (this pass),6,Candidate-pending-verification,Registration status/eligibility not fully verified.,bvctdu9t,"We Build Progress, Public Citizen, Climate Justice Alliance and partners will convene state and local policymakers, advocates, organizers, and policy experts…",,"ecosystem-primary (Luma registration page, 2026-09-10)",no
ECO-1zcptbcu,ecosystem-luma,The Invisible Crisis: Innovating for the Age of Extreme Heat,2026-09-24,12:00–16:00,America/New_York,"The Biome (SOSV), 7 Penn Plaza",Midtown,,"Campus Deep Tech, Anywhere Ventures, The Hazelwood Network",,https://luma.com/1zcptbcu,SOSV hub (sosv.com/join-sosv-at-climate-week-nyc-2026),Curated roundtable / reverse pitches,medium,7,Curated roundtable / reverse pitches,"Campus Deep Tech, Anywhere Ventures, The Hazelwood Network; reverse-pitch format.",Not stated (unverified),Free (listed ticket),Host approval required; eligibility not independently established.,Waitlist; approval required (Luma primary page),2026-09-10T22:13:01.474475+00:00,8,Strong-qualified,Registration status/eligibility not fully verified.,1zcptbcu,"Campus Deep Tech, Anywhere Ventures, The Hazelwood Network, and Tailwind Futures are bringing together a curated group of startups, investors, industry leaders, and academics during Climate Week NYC to explore the mounting challenges posed by extreme heat globally and novel technologies being developed to help people and industries adapt.
Why Attend:
Discover breakthrough technologies
Engage directly with innovators working at the frontier of extreme heat resilience and cooling technologies
Identify investment and partnership opportunities
Become part of the region's growing deep tech ecosyste",network,ecosystem-primary (Luma structured event data independently verified 2026-09-10),yes
ECO-vtc6kw7k,ecosystem-luma,"Climate Week, but on a Boat",2026-09-24,13:30–15:30,America/New_York,"Whitehall Terminal, Financial District",,,Urban Future Lab; Austin Evarts,,https://luma.com/vtc6kw7k,Luma public search (query: climate week),networking/social,medium,5,networking/social,,Not stated (unverified),Free (listed ticket),Host approval required; eligibility not independently established.,Registration open; approval required (Luma primary page),2026-09-10T22:13:01.474475+00:00,6,Qualified,Registration status/eligibility not fully verified.,vtc6kw7k,"Come ride a boat.
Climate Week has rooftop receptions, invite-only dinners, and panels with the word ""nexus"" in the title. This is not that. This is the Staten Island Ferry: free, runs 24/7, sails directly past the Statue of Liberty, and is quietly the best harbor cruise in the city. We take the 2:00 boat, look at the skyline, get off at Staten Island, immediately get back on (this is the intermission), and ride home. Back on land by 3:15, in time for whatever evening reception you're pretending you might skip.
Who's this for? Founders, investors, operators, students, policy people, and anyone",dinner; reception,ecosystem-primary (Luma structured event data independently verified 2026-09-10),no
ECO-ope4jako,ecosystem-luma,Clean Energy x Data Center Happy Hour,2026-09-24,17:30–19:30,America/New_York,Manhattan (obfuscated),,,Dennis Cha,,https://luma.com/ope4jako,Luma public search (query: energy data center),data-center/networking,strong,7,data-center/networking,,Not stated (unverified),Free (listed ticket),Host approval required; eligibility not independently established.,Waitlist; approval required (Luma primary page),2026-09-10T22:13:01.474475+00:00,9,Strong-qualified,Registration status/eligibility not fully verified.,ope4jako,come hang out with cool people working on clean energy and data center power!,,ecosystem-primary (Luma structured event data independently verified 2026-09-10),yes
ECO-ek5kwae4,ecosystem-luma,"The Energy Transition Deferred: Dr. Jesse Jenkins (SOSV, In-Person)",2026-09-24,18:00–20:00,America/New_York,Manhattan (obfuscated),,,SOSV,,https://luma.com/ek5kwae4,Luma public search (query: energy data center),energy-research/vc,medium,6,energy-research/vc,Dr. Jesse Jenkins (Princeton).,Not stated (unverified),Free (listed ticket),Host approval required; eligibility not independently established.,Registration open; approval required (Luma primary page),2026-09-10T22:13:01.474475+00:00,7,Qualified,Registration status/eligibility not fully verified. Also on official directory (row CW-0602) but not auto-qualified by the theme/format filter; retained on ecosystem evidence.,ek5kwae4,"The AI buildout has a bottleneck, and it isn't chips. It's power. Interconnection queues stretch for years, deals get signed under NDAs, and roughly 70% of Americans now oppose data centers in their own communities, with opposition crossing party lines. The energy transition everyone was promised keeps getting deferred by the race to feed the models.
Yet new Princeton research points to an escape hatch. A 500-megawatt data center able to flex its grid demand for less than 1% of the year can reach full operation three to five years sooner than one that can’t. Jesse Jenkins floated exactly that ",connect,ecosystem-primary (Luma structured event data independently verified 2026-09-10),yes
ECO-80fz2wvo,ecosystem-luma,Catalyzing Cities (NYC Edition),2026-09-25,09:00-13:00,America/New_York,"The Biome (SOSV), 7 Penn Plaza",Midtown,,Climate Vine & Cool Climate Collective,,https://luma.com/80fz2wvo,SOSV hub (sosv.com/join-sosv-at-climate-week-nyc-2026),Interactive session,medium,6,Interactive session,,Not stated (unverified),unknown,Registration/approval required (Luma); eligibility not verified.,Not observed,2026-09-10 (this pass),7,Candidate-pending-verification,Registration status/eligibility not fully verified.,80fz2wvo,"Cities are increasingly expected to deliver climate resilience while navigating constrained budgets, aging infrastructure, and growing complexity. Yet many of…",,"ecosystem-primary (Luma registration page, 2026-09-10)",yes
ECO-adsrzpdf,ecosystem-luma,NYC Founders Social Mix,2026-09-29,18:30-21:30,America/New_York,Midtown Manhattan (obfuscated),,,Nebula Founders,,https://luma.com/adsrzpdf,Luma public search (query: founders),GENERAL-TECH post-week,strong,2,GENERAL-TECH post-week,,Not stated (unverified),Free,Registration requires approval,Registration requires approval,2026-09-10 (this pass),4,Excluded-general-tech,Registration status/eligibility not fully verified.,adsrzpdf,"Nebula Founders (nebulafounders.com) is a founder-built community where entrepreneurs connect, share real experiences, and help each other grow.",connect,"ecosystem-primary (Luma registration page, 2026-09-10)",yes
CW-0008,official-838,Wallet Max Emerald Summit and Awards,2026-09-18,09:00am-05:00pm,America/New_York (assumed; NYC listing),124 E 14th St,,Manhattan,Wallet Max™,https://www.climateweeknyc.org/event-search/wallet-max-emerald-summit-and-awards?hsLang=en,https://luma.com/EmeraldSummitWM26,climateweeknyc.org/event-search (official),In-person,medium,2,climate finance / investment,,Not stated on official listing (unverified),unknown,Public event on official directory; eligibility not inferred,"Registration availability not observed; Public event (official page, 2026-09-10)",2026-09-10 (this pass),3,Candidate-pending-verification,Registration status/price/eligibility not verified.,wallet-max-emerald-summit-and-awards,,,directory-tag only (description not retrieved),no
CW-0007,official-838,NYPH Regenerative Metropolis Symposium 2026,2026-09-18,09:00am-07:00pm,America/New_York (assumed; NYC listing),63 Fifth Ave.,,Manhattan,New York Passive House,https://www.climateweeknyc.org/event-search/nyph-regenerative-metropolis-symposium-2026?hsLang=en,https://members.nypassivehouse.org/main-calendar/Details/regenerative-metropolis-symposium-2026-1847153?sourceTypeId=Website,climateweeknyc.org/event-search (official),In-person,medium,6,built world / data centers / real estate; energy / grid / power markets; climate finance / investment,,Not stated on official listing (unverified),unknown,Public event on official directory; eligibility not inferred,"Registration availability not observed; Public event (official page, 2026-09-10)",2026-09-10 (this pass),7,Candidate-pending-verification,Registration status/price/eligibility not verified.,nyph-regenerative-metropolis-symposium-2026,,,directory-tag only (description not retrieved),no
CW-0017,official-838,"Preciously, the Planet: A Climate Week Opening Gathering | Plastic & Clothing Upcycling Workshop",2026-09-19,11:00am-05:00pm,America/New_York (assumed; NYC listing),406A Comfort Road,,Manhattan,"Climate Cafe NYC, Climate Imaginarium, Precious Plastic NYC, Juliana Castaneda",https://www.climateweeknyc.org/event-search/preciously-the-planet-a-climate-week-opening-gathering-plastic-clothing-upcycling-workshop?hsLang=en,https://luma.com/l69s330g,climateweeknyc.org/event-search (official),In-person,strong,3,industrial decarbonization / manufacturing  [secondary: cities / urban systems],,Not stated on official listing (unverified),unknown,Public event on official directory; eligibility not inferred,"Registration availability not observed; Public event (official page, 2026-09-10)",2026-09-10 (this pass),5,Excluded-non-commercial,Registration status/price/eligibility not verified.,preciously-the-planet-a-climate-week-opening-gathering-plastic-clothing-upcycling-workshop,,,directory-tag only (description not retrieved),no
CW-0041,official-838,Climate Cafe + Ribbon Upcycling Workshop At Street Works Earth Festival,2026-09-20,01:00pm-03:00pm,America/New_York (assumed; NYC listing),76-09 34th Ave.,,Queens,"Climate Cafe NYC, Climate Imaginarium & Climate Psychology Alliance of North America",https://www.climateweeknyc.org/event-search/climate-cafe-ribbon-upcycling-workshop-at-street-works-earth-festival?hsLang=en,https://luma.com/climate-dc7c,climateweeknyc.org/event-search (official),In-person,medium,3,industrial decarbonization / manufacturing  [secondary: cities / urban systems],,Not stated on official listing (unverified),unknown,Public event on official directory; eligibility not inferred,"Registration availability not observed; Public event (official page, 2026-09-10)",2026-09-10 (this pass),4,Excluded-non-commercial,Registration status/price/eligibility not verified.,climate-cafe-ribbon-upcycling-workshop-at-street-works-earth-festival,"01:00pm - 03:00pm, Sunday, September 20, 2026 76-09 34th Ave., Queens, Jackson Heights, New York, 11372, United States Public event Register now ​Join Climate Cafe NYC × Climate Psychology Alliance of North America × Climate Imaginarium for a climate cafe and ribbon upcycling workshop! We'll have a meaningful conversation to process climate emotions and our feelings about consumerism as we hand craft gorgeous accessories. No experience necessary — we'll provide all of the materials. Fabric will ",,primary-page (official description parsed 2026-09-10),no
CW-0036,official-838,"Reawakening Humanity’s Sacred Connection with Earth- - Encounters to co-create a future with greater love, courage, and action",2026-09-20,08:00am-05:30pm,America/New_York (assumed; NYC listing),Columbia University,,Manhattan,Fetzer Institute's Environment Collaborative,https://www.climateweeknyc.org/event-search/reawakening-humanitys-sacred-connection-with-earth-encounters-to-co-create-a-future-with-greater-love-courage-and-action?hsLang=en,https://fetzer.org/climate-week/?preview=true,climateweeknyc.org/event-search (official),In-person,medium,1,  [secondary: cities / urban systems],,Not stated on official listing (unverified),unknown,Public event on official directory; eligibility not inferred,"Registration availability not observed; Public event (official page, 2026-09-10)",2026-09-10 (this pass),2,Excluded-non-commercial,Registration status/price/eligibility not verified.,reawakening-humanitys-sacred-connection-with-earth-encounters-to-co-create-a-future-with-greater-love-courage-and-action,"08:00am - 05:30pm, Sunday, September 20, 2026 Columbia University, The Lee Bollinger Forum 601 W 125th St., Manhattan, New York, New York, 10027, United States Public event Register now An invitation to experience the presence of the spiritual/sacred within ourselves, with each other, all living things, and the Earth, as a vital component of our efforts to address the climate crisis. The agenda has been intentionally and thoughtfully crafted in reverence, hope, and collective wisdom both from an",breakfast; gathering; lunch,primary-page (official description parsed 2026-09-10),no
CW-0035,official-838,Lucid Award- Winning Electric Vehicle Demo Drives,2026-09-20,10:00am-01:00pm,America/New_York (assumed; NYC listing),2 9th Avenue,,Manhattan,Lucid Motors,https://www.climateweeknyc.org/event-search/lucid-award-winning-electric-vehicle-demo-drives?hsLang=en,https://tinyurl.com/5bchm8b7,climateweeknyc.org/event-search (official),In-person,strong,3,software / data / AI infrastructure  [secondary: transport / mobility],,Not stated on official listing (unverified),unknown,Public event on official directory; eligibility not inferred,"Registration availability not observed; Public event (official page, 2026-09-10)",2026-09-10 (this pass),5,Qualified,Registration status/price/eligibility not verified.,lucid-award-winning-electric-vehicle-demo-drives,"10:00am - 01:00pm, Sunday, September 20, 2026 2 9th Avenue, Manhattan, New York, New York, 10014, United States Public event Register now In support of Climate Week, Lucid is delighted to invite you for an exclusive demo drive experience in our award-winning electric Lucid Air and Lucid Gravity SUV vehicles. Experience the Lucid difference: a rare combination of exceptional range, space, performance, and technology like nothing else on the road. Electric vehicles are a critical component of redu",demo,primary-page (official description parsed 2026-09-10),yes
CW-0046,official-838,First Timers at Climate Week NYC,2026-09-20,12:00pm-03:00pm,America/New_York (assumed; NYC listing),,,,"The Climate Chain Reaction - Founder, Dr. Neha Arora",https://www.climateweeknyc.org/event-search/first-timers-at-climate-week-nyc?hsLang=en,https://luma.com/ugwwqdfa,climateweeknyc.org/event-search (official),In-person,strong,6,energy / grid / power markets; climate finance / investment; software / data / AI infrastructure,,Not stated on official listing (unverified),unknown,Public event on official directory; eligibility not inferred,"Registration availability not observed; Public event (official page, 2026-09-10)",2026-09-10 (this pass),8,Candidate-pending-verification,Registration status/price/eligibility not verified.,first-timers-at-climate-week-nyc,"12:00pm - 03:00pm, Sunday, September 20, 2026 Public event Register now Climate Week NYC has more than 1,000 events, many of them invite-only, and no playbook for how to navigate it. First Timers at Climate Week NYC is the event for people arriving without one. No panels. No keynotes. Just small-group introductions, practical guidance from Climate Week veterans — what to prioritize and how to get into the right rooms, and time to find your people before the week starts. Who this event is for: Pr",,primary-page (official description parsed 2026-09-10),no
CW-0062,official-838,Food Tank at Climate Week NYC: Mission Driven Brands Sustainability Summit,2026-09-21,01:30pm-04:30pm,America/New_York (assumed; NYC listing),44 Charlton St,,Manhattan,Food Tank,https://www.climateweeknyc.org/event-search/food-tank-at-climate-week-nyc-mission-driven-brands-sustainability-summit?hsLang=en,https://www.eventbrite.com/e/climate-week-nyc-mission-driven-brands-sustainability-summit-tickets-1993707545939?aff=oddtdtcreator&keep_tld=true,climateweeknyc.org/event-search (official),Hybrid,medium,2,industrial decarbonization / manufacturing,,Not stated on official listing (unverified),unknown,Private event on official directory; eligibility not inferred,"Registration availability not observed; Private event (official page, 2026-09-10)",2026-09-10 (this pass),3,Qualified,Registration status/price/eligibility not verified.,food-tank-at-climate-week-nyc-mission-driven-brands-sustainability-summit,"01:30pm - 04:30pm, Monday, September 21, 2026 44 Charlton St, Manhattan, New York, New York, 10014, United States Private event Register now The afternoon of Monday, September 21st, join Food Tank, Bel US, Northstar Recycling, Global Traceability Framework for Beef and Leather, and Bonterra Organic Estates at WNYC-NPR Studios’ The Greene Space in New York City. ""Mission Driven Brands Sustainability Summit"" is the annual gathering of CSOs, mission driven brand leaders, impact directors, and found",gathering,primary-page (official description parsed 2026-09-10),no
CW-0049,official-838,[Official] Family Offices & Investors Summit - Climate Week NYC (+LPs/GPs Matchmaking),2026-09-21,02:00pm-07:00pm,America/New_York (assumed; NYC listing),3W 51st,,Manhattan,WeTheAtlas,https://www.climateweeknyc.org/event-search/official-family-offices-investors-summit-climate-week-nyc-lpsgps-matchmaking?hsLang=en,https://luma.com/4tgu4cmw,climateweeknyc.org/event-search (official),In-person,strong,6,energy / grid / power markets; climate finance / investment; industrial decarbonization / manufacturing,,Not stated on official listing (unverified),unknown,Private event on official directory; eligibility not inferred,"Registration availability not observed; Private event (official page, 2026-09-10)",2026-09-10 (this pass),8,Candidate-pending-verification,Registration status/price/eligibility not verified.,official-family-offices-investors-summit-climate-week-nyc-lpsgps-matchmaking,,,directory-tag only (description not retrieved),yes
CW-0121,official-838,Protecting Workers on the Frontlines of Extreme Heat: What Changemakers and Investors Need to Know,2026-09-21,02:30pm-04:30pm,America/New_York (assumed; NYC listing),40 W 20th St,,Manhattan,NRDC (Natural Resources Defense Council) and Trillium Asset Management,https://www.climateweeknyc.org/event-search/protecting-workers-on-the-frontlines-of-extreme-heat-what-changemakers-and-investors-need-to-know?hsLang=en,https://tinyurl.com/3rbmzx5n,climateweeknyc.org/event-search (official),In-person,medium,2,industrial decarbonization / manufacturing,,Not stated on official listing (unverified),unknown,Public event on official directory; eligibility not inferred,"Registration availability not observed; Public event (official page, 2026-09-10)",2026-09-10 (this pass),3,Qualified,Registration status/price/eligibility not verified.,protecting-workers-on-the-frontlines-of-extreme-heat-what-changemakers-and-investors-need-to-know,"02:30pm - 04:30pm, Monday, September 21, 2026 40 W 20th St, 6th floor conference room, Manhattan, New York, New York, 10011, United States Public event Register now Panel discussion with social mixer to follow",mixer; social,primary-page (official description parsed 2026-09-10),no
CW-0096,official-838,The South is On Fire,2026-09-21,02:30pm-06:00pm,America/New_York (assumed; NYC listing),United States,,,Southeast Sustainability Directors Network (SSDN) + New York University (NYU) School of Professional Studies,https://www.climateweeknyc.org/event-search/the-south-is-on-fire?hsLang=en,https://luma.com/vfzpnnae,climateweeknyc.org/event-search (official),In-person,strong,1,  [secondary: cities / urban systems],,Not stated on official listing (unverified),unknown,Public event on official directory; eligibility not inferred,"Registration availability not observed; Public event (official page, 2026-09-10)",2026-09-10 (this pass),3,Candidate-pending-verification,Registration status/price/eligibility not verified.,the-south-is-on-fire,,,directory-tag only (description not retrieved),no
CW-0114,official-838,The Challenges We Don't Publish: A Sustainability Benchmarking Roundtable,2026-09-21,03:00pm-04:00pm,America/New_York (assumed; NYC listing),888 7th Ave 13th Floor,,Manhattan,Protiviti,https://www.climateweeknyc.org/event-search/the-challenges-we-dont-publish-a-sustainability-benchmarking-roundtable?hsLang=en,https://events.protiviti.com/Sustainability_RT_NYClimateWeek2026,climateweeknyc.org/event-search (official),In-person,strong,2,industrial decarbonization / manufacturing,,Not stated on official listing (unverified),unknown,Private event on official directory; eligibility not inferred,"Registration availability not observed; Private event (official page, 2026-09-10)",2026-09-10 (this pass),4,Qualified,Registration status/price/eligibility not verified.,the-challenges-we-dont-publish-a-sustainability-benchmarking-roundtable,"03:00pm - 04:00pm, Monday, September 21, 2026 888 7th Ave 13th Floor, Manhattan, New York, New York, 10106, United States Private event Register now Organizations rarely disclose where implementation is falling short. This closed-door discussion brings together sustainability leaders from similar industries to openly share challenges, compare approaches, and exchange lessons learned around compliance, strategy development, and business integration. Rather than showcasing accomplishments, partici",,primary-page (official description parsed 2026-09-10),no
CW-0131,official-838,Powering Forward: Sustainable Sports & Entertainment,2026-09-21,03:00pm-07:00pm,America/New_York (assumed; NYC listing),The Forum at Columbia University - 601 W. 125th St,,Manhattan,"Sustainability, Energy, and Entertainment Network (SEEN) at Columbia's Climate School, Green Sports Alliance, Hollywood Climate Summit, Music Sustainability Alliance, Sustainable Entertainment Alliance, and Broadway Green Alliance",https://www.climateweeknyc.org/event-search/powering-forward-sustainable-sports-entertainment?hsLang=en,https://luma.com/t1jnhm78,climateweeknyc.org/event-search (official),In-person,strong,2,  [secondary: cities / urban systems; transport / mobility],,Not stated on official listing (unverified),unknown,Public event on official directory; eligibility not inferred,"Registration availability not observed; Public event (official page, 2026-09-10)",2026-09-10 (this pass),4,Candidate-pending-verification,Registration status/price/eligibility not verified.,powering-forward-sustainable-sports-entertainment,,,directory-tag only (description not retrieved),no
CW-0154,official-838,From pledge to panel: How Indonesia can deliver on its 100GW solar ambition,2026-09-21,03:30pm-05:00pm,America/New_York (assumed; NYC listing),New York City,,,Climate Group,https://www.climateweeknyc.org/event-search/from-pledge-to-panel-how-indonesia-can-deliver-on-its-100gw-solar-ambition?hsLang=en,https://eur.cvent.me/9aR2QV?rt=V0Ac6ckJMkOxbM_kz8XScw&RefId=CrprtNnmbrsCWNYCStHLOPdApp,climateweeknyc.org/event-search (official),In-person,medium,2,energy / grid / power markets,,Not stated on official listing (unverified),unknown,Official directory access type not stated.,Not individually observed in this pass,2026-09-10 (this pass),3,Candidate-pending-verification,Registration status/price/eligibility not verified.,from-pledge-to-panel-how-indonesia-can-deliver-on-its-100gw-solar-ambition,,,directory-tag only (description not retrieved),no
CW-0079,official-838,Morningstar Sustainalytics Sustainable Investing Forum,2026-09-21,03:30pm-06:30pm,America/New_York (assumed; NYC listing),320 Park Avenue,,Manhattan,Morningstar Sustainalytics,https://www.climateweeknyc.org/event-search/morningstar-sustainalytics-sustainable-investing-forum?hsLang=en,https://morningstar.cventevents.com/event/90f5859e-e87f-4d54-9f68-2f0a3cf7b3a0/summary,climateweeknyc.org/event-search (official),In-person,medium,6,built world / data centers / real estate; energy / grid / power markets; climate finance / investment,,Not stated on official listing (unverified),unknown,Public event on official directory; eligibility not inferred,"Registration availability not observed; Public event (official page, 2026-09-10)",2026-09-10 (this pass),7,Candidate-pending-verification,Registration status/price/eligibility not verified.,morningstar-sustainalytics-sustainable-investing-forum,,,directory-tag only (description not retrieved),no
CW-0118,official-838,Built World Resiliency: From Data Centers to Materials (by Zacua Ventures and JLL Spark),2026-09-21,03:30pm-06:30pm,America/New_York (assumed; NYC listing),330 Madison Avenue,,Manhattan,Zacua Ventures and JLL,https://www.climateweeknyc.org/event-search/built-world-resiliency-from-data-centers-to-materials?hsLang=en,https://luma.com/hv33ltxq,climateweeknyc.org/event-search (official),In-person,none,6,built world / data centers / real estate; energy / grid / power markets; software / data / AI infrastructure,,Not stated on official listing (unverified),unknown,Public event on official directory; eligibility not inferred,"Registration availability not observed; Public event (official page, 2026-09-10)",2026-09-10 (this pass),4,Candidate-pending-verification,Registration status/price/eligibility not verified.,built-world-resiliency-from-data-centers-to-materials,,,directory-tag only (description not retrieved),yes
CW-0052,official-838,"Driving the Future of Climate Action: A Network USA, NYC Climate Week Convening",2026-09-21,04:00pm-06:00pm,America/New_York (assumed; NYC listing),United States,,,United Nations Global Compact Network USA,https://www.climateweeknyc.org/event-search/driving-the-future-of-climate-action-a-network-usa-nyc-climate-week-convening?hsLang=en,https://forms.office.com/r/9AZz6pyNpi,climateweeknyc.org/event-search (official),In-person,strong,8,built world / data centers / real estate; energy / grid / power markets; software / data / AI infrastructure  [secondary: cities / urban systems; transport / mobility],,Not stated on official listing (unverified),unknown,Private event on official directory; eligibility not inferred,"Registration availability not observed; Private event (official page, 2026-09-10)",2026-09-10 (this pass),10,Strong-qualified,Registration status/price/eligibility not verified.,driving-the-future-of-climate-action-a-network-usa-nyc-climate-week-convening,"04:00pm - 06:00pm, Monday, September 21, 2026 United States Private event Register now As climate change accelerates, so too must the pace and scale of innovation. U.S. companies have long been at the forefront of innovative climate solutions. Today, that innovation encompasses not only technology, but also new ways of thinking, from business models and investment frameworks to cross-sector collaborations that challenge traditional ways of doing business. Driving the Future of Climate Action wil",demo,primary-page (official description parsed 2026-09-10),yes
CW-0127,official-838,Catalyst Conversations of Consequence: The Leadership Challenge,2026-09-21,05:00pm-06:30pm,America/New_York (assumed; NYC listing),536 Myrtle Avenue,,Brooklyn,"Pratt Institute, Creative Enterprise Leadership",https://www.climateweeknyc.org/event-search/catalyst-conversations-of-consequence-the-leadership-challenge?hsLang=en,https://forms.gle/1gTDfSbrPqYvu5ey7,climateweeknyc.org/event-search (official),Hybrid,medium,3,software / data / AI infrastructure  [secondary: cities / urban systems],,Not stated on official listing (unverified),unknown,Public event on official directory; eligibility not inferred,"Registration availability not observed; Public event (official page, 2026-09-10)",2026-09-10 (this pass),4,Candidate-pending-verification,Registration status/price/eligibility not verified.,catalyst-conversations-of-consequence-the-leadership-challenge,,,directory-tag only (description not retrieved),no
CW-0132,official-838,Embodied Carbon Game Night,2026-09-21,05:00pm-06:30pm,America/New_York (assumed; NYC listing),11 W 42nd Street,,Manhattan,AIANY Committee on the Environment (COTE) and the Carbon Leadership Forum NYC,https://www.climateweeknyc.org/event-search/embodied-carbon-game-night?hsLang=en,https://aiany.my.site.com/community/evt__QuickEvent?id=a0bPO000006qbCv,climateweeknyc.org/event-search (official),In-person,medium,2,built world / data centers / real estate,,Not stated on official listing (unverified),unknown,Public event on official directory; eligibility not inferred,"Registration availability not observed; Public event (official page, 2026-09-10)",2026-09-10 (this pass),3,Candidate-pending-verification,Registration status/price/eligibility not verified.,embodied-carbon-game-night,,,directory-tag only (description not retrieved),no
CW-0129,official-838,South Asians in Climate Tech,2026-09-21,06:00pm-08:00pm,America/New_York (assumed; NYC listing),Manhattan,,Manhattan,American South Asian Network (ASAN),https://www.climateweeknyc.org/event-search/south-asians-in-climate-tech?hsLang=en,https://luma.com/asan-sact-0926,climateweeknyc.org/event-search (official),In-person,strong,2,energy / grid / power markets,,Not stated on official listing (unverified),unknown,Public event on official directory; eligibility not inferred,"Registration availability not observed; Public event (official page, 2026-09-10)",2026-09-10 (this pass),4,Qualified,Registration status/price/eligibility not verified.,south-asians-in-climate-tech,"06:00pm - 08:00pm, Monday, September 21, 2026 Manhattan, New York City, New York, 10001, United States Public event Register now South Asians are helping build, finance and scale many of the technologies shaping the global climate transition. Join the American South Asian Network during Climate Week NYC for a conversation with founders, investors and industry leaders working across clean energy, mobility, AI infrastructure, climate resilience and sustainable development. We will explore what it ",network,primary-page (official description parsed 2026-09-10),yes
CW-0139,official-838,Neste Energy Security Drinks Reception at the Residence of the Consul General of Finland in New York,2026-09-21,06:00pm-08:00pm,America/New_York (assumed; NYC listing),Residence of the Consul General of Finland in New York | Address to be shared with the attendees,,Manhattan,Neste,https://www.climateweeknyc.org/event-search/neste-energy-security-drinks-reception-at-the-residence-of-the-consul-general-of-finland-in-new-york?hsLang=en,https://www.lyyti.fi/reg/Energy_Security_drinks_reception_at_the_Official_Residence_of_the_Consul_General_of_Finland_4374,climateweeknyc.org/event-search (official),In-person,strong,5,built world / data centers / real estate; energy / grid / power markets  [secondary: transport / mobility],,Not stated on official listing (unverified),unknown,Private event on official directory; eligibility not inferred,"Registration availability not observed; Private event (official page, 2026-09-10)",2026-09-10 (this pass),7,Qualified,Registration status/price/eligibility not verified.,neste-energy-security-drinks-reception-at-the-residence-of-the-consul-general-of-finland-in-new-york,"06:00pm - 08:00pm, Monday, September 21, 2026 Residence of the Consul General of Finland in New York | Address to be shared with the attendees, Manhattan, New York City, United States Private event Register now Energy security and the energy transition are no longer parallel discussions, they are the exact same imperative. The next decade will not be defined by those who set the highest ambitions, but by those who deliver at scale. We need a decade of delivery. Neste, world’s leading producer of",cocktail; network; reception,primary-page (official description parsed 2026-09-10),yes
CW-0061,official-838,Bring a Film to Life! Seedlings Collective x Nightflower Happy Hour,2026-09-21,06:00pm-08:30pm,America/New_York (assumed; NYC listing),155 Suffolk St,,Manhattan,Seedlings Collective,https://www.climateweeknyc.org/event-search/happy-hour-seedlings-collective-x-nightflower-film-kickoff?hsLang=en,https://givebutter.com/happy-hour-seedlings-collective-x-nightflower-film-kickoff,climateweeknyc.org/event-search (official),In-person,strong,3,energy / grid / power markets  [secondary: cities / urban systems],,Not stated on official listing (unverified),unknown,Public event on official directory; eligibility not inferred,"Registration availability not observed; Public event (official page, 2026-09-10)",2026-09-10 (this pass),5,Candidate-pending-verification,Registration status/price/eligibility not verified.,happy-hour-seedlings-collective-x-nightflower-film-kickoff,,,directory-tag only (description not retrieved),no
CW-0125,official-838,"Nature x Infrastructure Mixer, Building for Biodiversity",2026-09-21,07:00pm-09:00pm,America/New_York (assumed; NYC listing),698 Manhattan Ave,,Manhattan,3FWILD,https://www.climateweeknyc.org/event-search/nature-x-infrastructure-mixer-building-for-biodiversity?hsLang=en,https://luma.com/yiuqn757,climateweeknyc.org/event-search (official),In-person,strong,3,built world / data centers / real estate  [secondary: cities / urban systems],,Not stated on official listing (unverified),unknown,Public event on official directory; eligibility not inferred,"Registration availability not observed; Public event (official page, 2026-09-10)",2026-09-10 (this pass),5,Qualified,Registration status/price/eligibility not verified.,nature-x-infrastructure-mixer-building-for-biodiversity,"07:00pm - 09:00pm, Monday, September 21, 2026 698 Manhattan Ave, Rooftop, Brooklyn, Brooklyn, New York, 11222, United States Public event Register now Join 3FWILD, Jamaica Bay Wetlands Fellows and Wild Seed Studio at Index's rooftop in Greenpoint for wilderness-inspired hors d'oeuvres and visuals that will transport you out of the City and into the landscapes that restore biodiversity. Whether you are an engineer, infrastructure manager, a scientist, wildlife advocate or a biodiversity enthusias",,primary-page (official description parsed 2026-09-10),yes
CW-0146,official-838,Climate Week NYC Opening Roundtable – Why electrification is good business,2026-09-21,07:30am-09:00am,America/New_York (assumed; NYC listing),New York City,,,Climate Group,https://www.climateweeknyc.org/event-search/climate-week-nyc-opening-roundtable-why-electrification-is-good-business?hsLang=en,https://eur.cvent.me/9aR2QV?rt=V0Ac6ckJMkOxbM_kz8XScw&RefId=CrprtNnmbrsCWNYCStHLOPdApp,climateweeknyc.org/event-search (official),In-person,strong,2,energy / grid / power markets,,Not stated on official listing (unverified),unknown,Private event on official directory; eligibility not inferred,"Registration availability not observed; Private event (official page, 2026-09-10)",2026-09-10 (this pass),4,Candidate-pending-verification,Registration status/price/eligibility not verified.,climate-week-nyc-opening-roundtable-why-electrification-is-good-business,,,directory-tag only (description not retrieved),no
CW-0134,official-838,Resilient Infrastructure: Planning for Tomorrow’s Climate Risks,2026-09-21,08:30am-10:00am,America/New_York (assumed; NYC listing),605 3rd Ave,,Manhattan,"The U.S. Conference of Mayors, AECOM Advisory, C2ES",https://www.climateweeknyc.org/event-search/resilient-infrastructure-planning-for-tomorrows-climate-risks?hsLang=en,https://luma.com/admho24l,climateweeknyc.org/event-search (official),In-person,medium,2,built world / data centers / real estate,,Not stated on official listing (unverified),unknown,Private event on official directory; eligibility not inferred,"Registration availability not observed; Private event (official page, 2026-09-10)",2026-09-10 (this pass),3,Qualified,Registration status/price/eligibility not verified.,resilient-infrastructure-planning-for-tomorrows-climate-risks,"08:30am - 10:00am, Monday, September 21, 2026 605 3rd Ave, Manhattan, New York, New York, 10158, United States Private event Register now ​Extreme heat, flooding, aging infrastructure, and constrained budgets are forcing cities to rethink how they plan and invest. ​Join the Alliance for a Sustainable Future, a collaboration between the U.S. Conference of Mayors, AECOM and C2ES, for a timely forum bringing together mayors, resilience leaders, investors, and industry experts to explore how data-dr",breakfast,primary-page (official description parsed 2026-09-10),yes
CW-0116,official-838,"Columbia Fashion, Energy, and Climate Summit",2026-09-21,09:00am-05:00pm,America/New_York (assumed; NYC listing),2950 Broadway,,Manhattan,"Fashion, Energy, and Climate Network, Columbia Climate School & Center on Global Energy Policy, School of International and Public Affairs",https://www.climateweeknyc.org/event-search/columbia-fashion-energy-and-climate-summit?hsLang=en,https://events.columbia.edu/go/fashionenergyclimatesummit,climateweeknyc.org/event-search (official),In-person,strong,4,energy / grid / power markets; industrial decarbonization / manufacturing,,Not stated on official listing (unverified),unknown,Public event on official directory; eligibility not inferred,"Registration availability not observed; Public event (official page, 2026-09-10)",2026-09-10 (this pass),6,Candidate-pending-verification,Registration status/price/eligibility not verified.,columbia-fashion-energy-and-climate-summit,,,directory-tag only (description not retrieved),yes
CW-0092,official-838,"Guidehouse Roundtable - From sustainability reporting to business control: data, risk, suppliers and AI",2026-09-21,09:00am-12:00pm,America/New_York (assumed; NYC listing),New York,,,Guidehouse,https://www.climateweeknyc.org/event-search/4th-guidehouse-climate-week-roundtable-meeting?hsLang=en,https://forms.cloud.microsoft/r/sFthiW2DqC,climateweeknyc.org/event-search (official),In-person,strong,3,software / data / AI infrastructure  [secondary: cities / urban systems],,Not stated on official listing (unverified),unknown,Private event on official directory; eligibility not inferred,"Registration availability not observed; Private event (official page, 2026-09-10)",2026-09-10 (this pass),5,Qualified,Registration status/price/eligibility not verified.,4th-guidehouse-climate-week-roundtable-meeting,"09:00am - 12:00pm, Monday, September 21, 2026 New York, NY, United States Private event Register now Join Guidehouse, its corporate clients, and partners for a focused Climate Week roundtable. We will focus on how sustainability programs are becoming core business infrastructure. In the session, we will explore how organizations are improving data quality, preparing for assurance, managing climate and supply chain risks, and engaging suppliers. We will examine how SaaS platforms and AI are reduc",roundtable,primary-page (official description parsed 2026-09-10),yes
CW-0144,official-838,Lithuania-U.S. Presidential Energy & Resilience Forum,2026-09-21,09:30am-01:00pm,America/New_York (assumed; NYC listing),Input Physical Address,,,Lithuania,https://www.climateweeknyc.org/event-search/lithuania-us-presidential-energy-resilience-forum?hsLang=en,https://luma.com/hnnimf1p,climateweeknyc.org/event-search (official),In-person,medium,4,energy / grid / power markets; software / data / AI infrastructure,,Not stated on official listing (unverified),unknown,Official directory access type not stated.,Not individually observed in this pass,2026-09-10 (this pass),5,Candidate-pending-verification,Registration status/price/eligibility not verified.,lithuania-us-presidential-energy-resilience-forum,,,directory-tag only (description not retrieved),yes
CW-0076,official-838,FABSCRAP Climate Week Warehouse Tours,2026-09-21,10:00am-11:00am,America/New_York (assumed; NYC listing),140 58th St,,Brooklyn,"Co-Founder, Camille Tagle",https://www.climateweeknyc.org/event-search/fabscrap-climate-week-warehouse-tours?hsLang=en,https://www.eventbrite.com/e/climate-week-warehouse-tours-tickets-1989681591200,climateweeknyc.org/event-search (official),In-person,strong,2,industrial decarbonization / manufacturing,,Not stated on official listing (unverified),unknown,Public event on official directory; eligibility not inferred,"Registration availability not observed; Public event (official page, 2026-09-10)",2026-09-10 (this pass),4,Candidate-pending-verification,Registration status/price/eligibility not verified.,fabscrap-climate-week-warehouse-tours,"10:00am - 11:00am, Monday, September 21, 2026 140 58th St, STE 5H-3, Brooklyn, Brooklyn, New York, 11220, United States Public event Register now Ever wondered how FABSCRAP works? This is your chance to see our process first-hand! On this behind-the-scenes tour, you’ll learn the full cycle of FABSCRAP's operations, and how we work with fashion brands to divert pre-consumer textile waste from landfills through reuse, recycling, and community action.",,primary-page (official description parsed 2026-09-10),no
CW-0117,official-838,Taming Traffic: How Congestion Pricing Became a Breath of Fresh Air for New York,2026-09-21,12:00pm-01:30pm,America/New_York (assumed; NYC listing),40 W 20th St,,Manhattan,"NRDC, C40 and Parking Reform Network",https://www.climateweeknyc.org/event-search/taming-traffic-how-congestion-pricing-became-a-breath-of-fresh-air-for-new-york?hsLang=en,https://docs.google.com/forms/d/e/1FAIpQLSf3W1dxs4VooecLY7Uxqgt8PjhBwaGcj-wl3Ehk2BTXaYDNEQ/viewform?usp=dialog,climateweeknyc.org/event-search (official),In-person,strong,4,energy / grid / power markets  [secondary: cities / urban systems; transport / mobility],,Not stated on official listing (unverified),unknown,Public event on official directory; eligibility not inferred,"Registration availability not observed; Public event (official page, 2026-09-10)",2026-09-10 (this pass),6,Candidate-pending-verification,Registration status/price/eligibility not verified.,taming-traffic-how-congestion-pricing-became-a-breath-of-fresh-air-for-new-york,,,directory-tag only (description not retrieved),no
CW-0147,official-838,Senior Leader Roundtable on AI Emissions Transparency,2026-09-21,12:00pm-02:00pm,America/New_York (assumed; NYC listing),New York City,,,Climate Group,https://www.climateweeknyc.org/event-search/senior-leader-roundtable-on-ai-emissions-transparency?hsLang=en,https://eur.cvent.me/9aR2QV?rt=V0Ac6ckJMkOxbM_kz8XScw&RefId=CrprtNnmbrsCWNYCStHLOPdApp,climateweeknyc.org/event-search (official),In-person,strong,4,energy / grid / power markets; software / data / AI infrastructure,,Not stated on official listing (unverified),unknown,Private event on official directory; eligibility not inferred,"Registration availability not observed; Private event (official page, 2026-09-10)",2026-09-10 (this pass),6,Qualified,Registration status/price/eligibility not verified.,senior-leader-roundtable-on-ai-emissions-transparency,"12:00pm - 02:00pm, Monday, September 21, 2026 New York City Private event Register now Companies buying AI at scale are uniquely positioned to reshape the trajectory of its growth, but so far, that opportunity is going untapped. With AI electricity demand projected to triple by 2035, corporate leaders urgently need visibility into the environmental footprint of the AI tools they purchase and the data centers that power them. Under the Chatham House Rule, this roundtable will bring together a sma",marketplace; roundtable,primary-page (official description parsed 2026-09-10),yes
CW-0119,official-838,Keep the River Liquid: A Finance Lab for the Colorado Basin,2026-09-21,12:00pm-03:30pm,America/New_York (assumed; NYC listing),Private - to be disclosed with invitation,,Manhattan,Thirst Foundation and Walton Family Foundation,https://www.climateweeknyc.org/event-search/keep-the-river-liquid-a-finance-lab-for-the-colorado-basin?hsLang=en,https://keeptheriverrunning.com/summit/new-york/,climateweeknyc.org/event-search (official),In-person,medium,5,built world / data centers / real estate; climate finance / investment  [secondary: cities / urban systems],,Not stated on official listing (unverified),unknown,Private event on official directory; eligibility not inferred,"Registration availability not observed; Private event (official page, 2026-09-10)",2026-09-10 (this pass),6,Qualified,Registration status/price/eligibility not verified.,keep-the-river-liquid-a-finance-lab-for-the-colorado-basin,"12:00pm - 03:30pm, Monday, September 21, 2026 Private - to be disclosed with invitation, Manhattan, New York, New York, 10017, United States Private event Register now This private lunch event and workshop brings together a mix of investors, family offices, and climate finance and infrastructure experts to take the most promising strategies from the starting gate to the finish line. Whether it's better risk assessment, capital allocation, water funds, resilience bonds, or public-private partners",lunch,primary-page (official description parsed 2026-09-10),yes
CW-0206,official-838,Beyond the Pilot: Securing Corporate Adoption,2026-09-22,01:00pm-03:00pm,America/New_York (assumed; NYC listing),80 58th Street,,Brooklyn,LACI at BATWorks and Urban Future Lab (UFL),https://www.climateweeknyc.org/event-search/beyond-the-pilot-securing-corporate-adoption?hsLang=en,https://events.laincubator.org/cwnyc26-beyond-pilot-corporate-adoption,climateweeknyc.org/event-search (official),In-person,medium,4,energy / grid / power markets; software / data / AI infrastructure,,Not stated on official listing (unverified),unknown,Public event on official directory; eligibility not inferred,"Registration availability not observed; Public event (official page, 2026-09-10)",2026-09-10 (this pass),5,Candidate-pending-verification,Registration status/price/eligibility not verified.,beyond-the-pilot-securing-corporate-adoption,"01:00pm - 03:00pm, Tuesday, September 22, 2026 80 58th Street, Brooklyn, Brooklyn, New York, 11220, United States Public event Register now Join LACI at BATWorks and Urban Future Lab (UFL) at NYU Tandon for Beyond the Pilot: Securing Corporate Adoption on Sept 22, 2026. For many climate startups, scaling beyond the pilot can represent a formidable valley of death. How can climate startups better learn how to master B2B customer engagement? And what do climate corporations wish startups understoo",,primary-page (official description parsed 2026-09-10),yes
CW-0290,official-838,Waterfront Alliance Office Hours,2026-09-22,01:30pm-03:30pm,America/New_York (assumed; NYC listing),11 Broadway,,Manhattan,Waterfront Alliance,https://www.climateweeknyc.org/event-search/waterfront-alliance-office-hours?hsLang=en,https://form.jotform.com/262183178975167,climateweeknyc.org/event-search (official),In-person,strong,2,  [secondary: cities / urban systems; transport / mobility],,Not stated on official listing (unverified),unknown,Public event on official directory; eligibility not inferred,"Registration availability not observed; Public event (official page, 2026-09-10)",2026-09-10 (this pass),4,Qualified,Registration status/price/eligibility not verified.,waterfront-alliance-office-hours,"01:30pm - 03:30pm, Tuesday, September 22, 2026 11 Broadway, Manhattan, New York, New York, 10004, United States Public event Register now Looking for a place to recharge during Climate Week NYC? Join the Waterfront Alliance team for open office hours throughout Climate Week. Whether you need a place to rest, charge your phone, use the restroom, connect with climate professionals, learn more about our work, or simply stop by and say hello, our doors are open. This is an informal opportunity to me",connect; network; office hours,primary-page (official description parsed 2026-09-10),no
CW-0339,official-838,Where AI Scales and the Grid Gets Cleaner: Australia's Opportunity - Afternoon Forum & Networking,2026-09-22,01:30pm-05:00pm,America/New_York (assumed; NYC listing),600 Third Avenue,,Manhattan,Australian Trade & Investment Commission in partnership with Fortescue,https://www.climateweeknyc.org/event-search/where-ai-scales-and-the-grid-gets-cleaner-australias-opportunity-afternoon-forum-networking?hsLang=en,https://luma.com/2uu2n368,climateweeknyc.org/event-search (official),In-person,strong,4,energy / grid / power markets; software / data / AI infrastructure,,Not stated on official listing (unverified),unknown,Public event on official directory; eligibility not inferred,"Registration availability not observed; Public event (official page, 2026-09-10)",2026-09-10 (this pass),6,Candidate-pending-verification,Registration status/price/eligibility not verified.,where-ai-scales-and-the-grid-gets-cleaner-australias-opportunity-afternoon-forum-networking,,,directory-tag only (description not retrieved),yes
CW-0368,official-838,NPUC UTILITY SOLUTIONS Forum,2026-09-22,01:30pm-12:30pm,America/New_York (assumed; NYC listing),445 11th Avenue,,Manhattan,Motive Power & The National Public Utilities Council (NPUC),https://www.climateweeknyc.org/event-search/npuc-utility-solutions-forum?hsLang=en,https://www.decarbforum.com,climateweeknyc.org/event-search (official),In-person,medium,6,built world / data centers / real estate; energy / grid / power markets; software / data / AI infrastructure,,Not stated on official listing (unverified),unknown,Private event on official directory; eligibility not inferred,"Registration availability not observed; Private event (official page, 2026-09-10)",2026-09-10 (this pass),7,Qualified,Registration status/price/eligibility not verified.,npuc-utility-solutions-forum,"01:30pm - 12:30pm, Tuesday, September 22, 2026 445 11th Avenue, Manhattan, New York, New York, 10001, United States Private event Register now The Utility Solutions Forum — presented by the National Public Utilities Council (NPUC) and driven by Motive Power — unites utility leaders for two focused half-days during New York Climate Week 2026. This year's theme, Utilities at the Center of America's Energy Expansion, reflects the moment: AI, data centers, electrification, and explosive load growth ",showcase,primary-page (official description parsed 2026-09-10),yes
CW-0274,official-838,Trading for Food Security in a Changing Climate,2026-09-22,02:00pm-03:00pm,America/New_York (assumed; NYC listing),Chelsea/Meatpacking District. Exact address provided upon RSVP approval,,Manhattan,​The Abdul Latif Jameel Water and Food Systems Lab (J-WAFS) at MIT,https://www.climateweeknyc.org/event-search/trading-for-food-security-in-a-changing-climate?hsLang=en,https://luma.com/5ap2c45e,climateweeknyc.org/event-search (official),In-person,medium,2,industrial decarbonization / manufacturing,,Not stated on official listing (unverified),unknown,Public event on official directory; eligibility not inferred,"Registration availability not observed; Public event (official page, 2026-09-10)",2026-09-10 (this pass),3,Candidate-pending-verification,Registration status/price/eligibility not verified.,trading-for-food-security-in-a-changing-climate,,,directory-tag only (description not retrieved),no
CW-0380,official-838,Trust by Design: Protecting Climate Information in the Age of AI”;a closed-door executive roundtable,2026-09-22,02:00pm-03:30pm,America/New_York (assumed; NYC listing),New York City,,,Climate Group,https://www.climateweeknyc.org/event-search/trust-by-design-protecting-climate-information-in-the-age-of-aia-closed-door-executive-roundtable?hsLang=en,https://eur.cvent.me/9aR2QV?rt=V0Ac6ckJMkOxbM_kz8XScw&RefId=CrprtNnmbrsCWNYCStHLOPdApp,climateweeknyc.org/event-search (official),In-person,strong,2,energy / grid / power markets,,Not stated on official listing (unverified),unknown,Private event on official directory; eligibility not inferred,"Registration availability not observed; Private event (official page, 2026-09-10)",2026-09-10 (this pass),4,Qualified,Registration status/price/eligibility not verified.,trust-by-design-protecting-climate-information-in-the-age-of-aia-closed-door-executive-roundtable,"02:00pm - 03:30pm, Tuesday, September 22, 2026 New York City Private event Register now AI, search and digital platforms are increasingly shaping how people discover and interpret information. This creates significant opportunities to make climate and clean energy information more accessible, but also raises new questions about accuracy, trust, discoverability and the role of authoritative sources. This closed-door roundtable will create space for senior leaders from technology, climate and clea",roundtable,primary-page (official description parsed 2026-09-10),yes
CW-0268,official-838,Resisting the Easy Fix: The Limits of Coal as a National Response to Geopolitical Shifts,2026-09-22,03:00pm-04:30pm,America/New_York (assumed; NYC listing),113 W 24 St,,Manhattan,"Crux Alliance, Forum Energii, and International Network of Energy Transition Think Tanks",https://www.climateweeknyc.org/event-search/resisting-the-easy-fix-the-limits-of-coal-as-a-national-response-to-geopolitical-shifts?hsLang=en,https://cruxalliance.org/event/climateweek2026/,climateweeknyc.org/event-search (official),In-person,strong,2,energy / grid / power markets,,Not stated on official listing (unverified),unknown,Public event on official directory; eligibility not inferred,"Registration availability not observed; Public event (official page, 2026-09-10)",2026-09-10 (this pass),4,Qualified,Registration status/price/eligibility not verified.,resisting-the-easy-fix-the-limits-of-coal-as-a-national-response-to-geopolitical-shifts,"03:00pm - 04:30pm, Tuesday, September 22, 2026 113 W 24 St, Manhattan, New York, New York, 10001, United States Public event Register now As global fuel market disruptions and geopolitical tensions revive interest in domestic energy resources, this side event examines whether coal can realistically serve as a pillar of energy security and economic resilience. Drawing on experiences from major coal regions—Poland, Türkiye, China, the United States, and South Africa—experts will discuss how recent",reception,primary-page (official description parsed 2026-09-10),yes
CW-0367,official-838,The Water–Flooding–Energy Nexus in New York;Inaugural Workshop of the NYC Water Environment Technology (W.E.T.) Lab,2026-09-22,03:00pm-05:00pm,America/New_York (assumed; NYC listing),140 Broadway,,Manhattan,Co-hosted by Pratt Institute Graduate Architecture/Landscape Architecture/Urban Design and Arup,https://www.climateweeknyc.org/event-search/the-waterfloodingenergy-nexus-in-new-yorkinaugural-workshop-of-the-nyc-water-environment-technology-wet-lab?hsLang=en,https://info.arup.com/3284-Water-Flooding-Energy-Nexus-NY_Register-Interest.html,climateweeknyc.org/event-search (official),In-person,medium,5,built world / data centers / real estate; energy / grid / power markets  [secondary: cities / urban systems],,Not stated on official listing (unverified),unknown,Public event on official directory; eligibility not inferred,"Registration availability not observed; Public event (official page, 2026-09-10)",2026-09-10 (this pass),6,Candidate-pending-verification,Registration status/price/eligibility not verified.,the-waterfloodingenergy-nexus-in-new-yorkinaugural-workshop-of-the-nyc-water-environment-technology-wet-lab,"03:00pm - 05:00pm, Tuesday, September 22, 2026 140 Broadway, Manhattan, New York, New York, 10005, United States Public event Register now Concept: This invite only workshop will have two primary goals structured in two lightning round sessions. They are to first assess compound integrated water and hydro-electric capacities for two specific NYC sites and second to identify a broader set of candidate sites that have active funding/investment streams which can foster catalytic adaptation at a “di",,primary-page (official description parsed 2026-09-10),yes
CW-0348,official-838,Clean Energy Finance Forum,2026-09-22,03:00pm-07:00pm,America/New_York (assumed; NYC listing),55 Hudson Yards,,,"CEART.io and Weaver and Cooley, organized by 1BusinessWorld",https://www.climateweeknyc.org/event-search/clean-energy-finance-forum?hsLang=en,https://1businessworld.com/event/2026-clean-energy-finance-forum/,climateweeknyc.org/event-search (official),In-person,medium,6,energy / grid / power markets; climate finance / investment; software / data / AI infrastructure,,Not stated on official listing (unverified),unknown,Private event on official directory; eligibility not inferred,"Registration availability not observed; Private event (official page, 2026-09-10)",2026-09-10 (this pass),7,Qualified,Registration status/price/eligibility not verified.,clean-energy-finance-forum,"03:00pm - 07:00pm, Tuesday, September 22, 2026 55 Hudson Yards, New York, New York, 10001, United States Private event Register now Clean-energy capital is available. The bottleneck is diligence readiness — on both sides of the transaction. Hosted by CEART.io and Weaver, and organized by 1BusinessWorld, the Clean Energy Finance Forum is a focused afternoon in New York City for the investors, lenders, sellers, advisors and insurers making those decisions. The program is built around the two chair",,primary-page (official description parsed 2026-09-10),yes
CW-0218,official-838,Climate Week NYC: Digital Activism Tech Lab @ Flushing Library - QPL,2026-09-22,03:30pm-04:30pm,America/New_York (assumed; NYC listing),41-17 Main Street,,Queens,Queens Public Library,https://www.climateweeknyc.org/event-search/climate-week-nyc-digital-activism-tech-lab-flushing-library-qpl?hsLang=en,https://www.queenslibrary.org/calendar/climate-week-nyc-digital-activism-tech-lab/001129-0726,climateweeknyc.org/event-search (official),In-person,medium,2,software / data / AI infrastructure,,Not stated on official listing (unverified),unknown,Public event on official directory; eligibility not inferred,"Registration availability not observed; Public event (official page, 2026-09-10)",2026-09-10 (this pass),3,Excluded-non-commercial,Registration status/price/eligibility not verified.,climate-week-nyc-digital-activism-tech-lab-flushing-library-qpl,"03:30pm - 04:30pm, Tuesday, September 22, 2026 41-17 Main Street, Queens, Flushing, New York, 11355, United States Public event Register now How can digital media inspire change? Through digital activism, teens will use Canva and Photoshop to create digital collages, posters, memes, and other visual media exploring topics such as sustainability, climate action, environmental issues, and AI. Along the way, they’ll learn how visual storytelling can raise awareness, encourage dialogue, and inspire ",,primary-page (official description parsed 2026-09-10),no
CW-0201,official-838,"Climate Under Pressure: A Corporate Fishbowl on Risk, Resilience, and Finance",2026-09-22,03:30pm-06:00pm,America/New_York (assumed; NYC listing),875 3rd Ave,,Manhattan,The Conference Board,https://www.climateweeknyc.org/event-search/climate-under-pressure-a-corporate-fishbowl-on-risk-resilience-and-finance?hsLang=en,https://www.conference-board.org/events/Climate-week,climateweeknyc.org/event-search (official),In-person,medium,4,climate finance / investment; industrial decarbonization / manufacturing,,Not stated on official listing (unverified),unknown,Private event on official directory; eligibility not inferred,"Registration availability not observed; Private event (official page, 2026-09-10)",2026-09-10 (this pass),5,Candidate-pending-verification,Registration status/price/eligibility not verified.,climate-under-pressure-a-corporate-fishbowl-on-risk-resilience-and-finance,"03:30pm - 06:00pm, Tuesday, September 22, 2026 875 3rd Ave, Manhattan, New York, New York, 10022, United States Private event Register now Whether you're leading sustainability, corporate citizenship, or ESG strategy, this discussion will provide practical insights into turning climate ambition into durable business action.",,primary-page (official description parsed 2026-09-10),no
CW-0161,official-838,Convening The Next-Gen Materials Transition,2026-09-22,03:30pm-07:30pm,America/New_York (assumed; NYC listing),227 W 27th St,,Manhattan,EcoAge,https://www.climateweeknyc.org/event-search/convening-the-next-gen-materials-transition?hsLang=en,https://nycw-nextgenmaterials.rsvpify.com,climateweeknyc.org/event-search (official),In-person,medium,2,industrial decarbonization / manufacturing,,Not stated on official listing (unverified),unknown,Private event on official directory; eligibility not inferred,"Registration availability not observed; Private event (official page, 2026-09-10)",2026-09-10 (this pass),3,Candidate-pending-verification,Registration status/price/eligibility not verified.,convening-the-next-gen-materials-transition,,,directory-tag only (description not retrieved),no
CW-0166,official-838,Datamaran's Executive Forum at Climate Week NYC,2026-09-22,03:30pm-10:00pm,America/New_York (assumed; NYC listing),267 5th Ave,,Manhattan,Datamaran,https://www.climateweeknyc.org/event-search/datamaran-at-climate-week?hsLang=en,https://datamaran.registration.goldcast.io/events/daf5efe1-e421-4d88-80c6-eb3b94b57cef,climateweeknyc.org/event-search (official),In-person,medium,4,industrial decarbonization / manufacturing; software / data / AI infrastructure,,Not stated on official listing (unverified),unknown,Private event on official directory; eligibility not inferred,"Registration availability not observed; Private event (official page, 2026-09-10)",2026-09-10 (this pass),5,Candidate-pending-verification,Registration status/price/eligibility not verified.,datamaran-at-climate-week,,,directory-tag only (description not retrieved),yes
CW-0222,official-838,Climate Week: Investors & Founders Connect,2026-09-22,04:00pm-07:00pm,America/New_York (assumed; NYC listing),620 8th Ave,,Manhattan,Innovation Space and Goodwin Procter,https://www.climateweeknyc.org/event-search/climate-week-investors-founders-connect?hsLang=en,https://share.hsforms.com/1BvI5HjkLR3SyPaC9wRw4Lg4bpzr,climateweeknyc.org/event-search (official),In-person,strong,6,energy / grid / power markets; climate finance / investment; industrial decarbonization / manufacturing,,Not stated on official listing (unverified),unknown,Private event on official directory; eligibility not inferred,"Registration availability not observed; Private event (official page, 2026-09-10)",2026-09-10 (this pass),8,Candidate-pending-verification,Registration status/price/eligibility not verified.,climate-week-investors-founders-connect,,,directory-tag only (description not retrieved),yes
CW-0387,official-838,"Fireside Chat & AMA with Andy Bowman, Jupiter Power",2026-09-22,05:00pm-07:30pm,America/New_York (assumed; NYC listing),88 Pine Street,,Manhattan,Modo Energy,https://www.climateweeknyc.org/event-search/fireside-chat-ama-with-andy-bowman-jupiter-power?hsLang=en,https://luma.com/modo-34z5,climateweeknyc.org/event-search (official),In-person,medium,2,energy / grid / power markets,,Not stated on official listing (unverified),unknown,Private event on official directory; eligibility not inferred,"Registration availability not observed; Private event (official page, 2026-09-10)",2026-09-10 (this pass),3,Candidate-pending-verification,Registration status/price/eligibility not verified.,fireside-chat-ama-with-andy-bowman-jupiter-power,,,directory-tag only (description not retrieved),no
CW-0296,official-838,Climate Week Networking Evening: Buildings as Grid Assets,2026-09-22,05:30pm-07:30pm,America/New_York (assumed; NYC listing),31 Chambers St. Suite 609,,Manhattan,Building Energy Exchange,https://www.climateweeknyc.org/event-search/climate-week-networking-evening-buildings-as-grid-assets?hsLang=en,https://be-exchange.org/buildings-as-grid-assets/,climateweeknyc.org/event-search (official),In-person,strong,4,built world / data centers / real estate; energy / grid / power markets,,Not stated on official listing (unverified),unknown,Public event on official directory; eligibility not inferred,"Registration availability not observed; Public event (official page, 2026-09-10)",2026-09-10 (this pass),6,Qualified,Registration status/price/eligibility not verified.,climate-week-networking-evening-buildings-as-grid-assets,"05:30pm - 07:30pm, Tuesday, September 22, 2026 31 Chambers St. Suite 609, Manhattan, New York City, New York, 10007, United States Public event Register now As New York’s electricity demand grows, buildings have a critical role to play in supporting a resilient, reliable grid. This Climate Week, join Building Energy Exchange and Energy by 5 for an evening bringing together building owners, energy professionals, and industry leaders to explore how buildings can move from passive energy consumers ",,primary-page (official description parsed 2026-09-10),yes
CW-0227,official-838,Nordic Investor Night - LP Reception,2026-09-22,05:30pm-08:30pm,America/New_York (assumed; NYC listing),300 Spring St,,Manhattan,"Helsinki Partners, Copenhagen Capacity, Stockholm Business Region, Oslo & Co and Business Iceland",https://www.climateweeknyc.org/event-search/nordic-investor-night-lp-reception?hsLang=en,https://luma.com/lle53hav,climateweeknyc.org/event-search (official),In-person,strong,2,software / data / AI infrastructure,,Not stated on official listing (unverified),unknown,Private event on official directory; eligibility not inferred,"Registration availability not observed; Private event (official page, 2026-09-10)",2026-09-10 (this pass),4,Qualified,Registration status/price/eligibility not verified.,nordic-investor-night-lp-reception,"05:30pm - 08:30pm, Tuesday, September 22, 2026 300 Spring St, Manhattan, New York City, New York, 10013, United States Private event Register now The Nordics have become a hotbed for the climate economy. Clean energy, green industry, the talent to build it, and the kind of public-private teamwork that actually move things ahead. It's a lot of opportunity for a corner of the world best known for dark winters and excellent coffee consumption. ​This evening is for the people deciding where the capi",dinner; drinks,primary-page (official description parsed 2026-09-10),yes
CW-0171,official-838,"Lewis Mumford Lecture: “From Crisis to Proximity: A New Social Contract for Cities,” Featuring Carlos Moreno",2026-09-22,06:00pm-07:30pm,America/New_York (assumed; NYC listing),160 Convent Avenue,,Manhattan,,https://www.climateweeknyc.org/event-search/lewis-mumford-lecture-from-crisis-to-proximity-a-new-social-contract-for-cities-featuring-carlos-moreno?hsLang=en,https://www.eventbrite.com/e/from-crisis-to-proximity-a-new-social-contract-for-cities-tickets-1992431402961?aff=oddtdtcreator#search,climateweeknyc.org/event-search (official),In-person,strong,4,built world / data centers / real estate; energy / grid / power markets,,Not stated on official listing (unverified),unknown,Public event on official directory; eligibility not inferred,"Registration availability not observed; Public event (official page, 2026-09-10)",2026-09-10 (this pass),6,Candidate-pending-verification,Registration status/price/eligibility not verified.,lewis-mumford-lecture-from-crisis-to-proximity-a-new-social-contract-for-cities-featuring-carlos-moreno,,,directory-tag only (description not retrieved),no
CW-0283,official-838,120th NY Hardware Meetup - Climate Tech Week at Antler VC,2026-09-22,06:00pm-08:00pm,America/New_York (assumed; NYC listing),,,,NY Hardware Meetup,https://www.climateweeknyc.org/event-search/120th-ny-hardware-meetup-climate-tech-week-at-antler-vc?hsLang=en,https://luma.com/021ztfq8,climateweeknyc.org/event-search (official),In-person,strong,4,built world / data centers / real estate; energy / grid / power markets,,Not stated on official listing (unverified),unknown,Public event on official directory; eligibility not inferred,"Registration availability not observed; Public event (official page, 2026-09-10)",2026-09-10 (this pass),6,Qualified,Registration status/price/eligibility not verified.,120th-ny-hardware-meetup-climate-tech-week-at-antler-vc,"06:00pm - 08:00pm, Tuesday, September 22, 2026 Public event Register now Climate technology is ultimately a hardware problem. Whether it’s energy, buildings, transportation, manufacturing, electrification, or infrastructure, many of the biggest climate challenges require new physical technologies—and founders willing to build them. On September 22, NY Hardware Meetup is joining Climate Tech Week for a founder-focused evening of climate tech lightning talks, networking, and conversations at Antle",happy hour; meetup,primary-page (official description parsed 2026-09-10),yes
CW-0178,official-838,Caribbean Energy Roundtable @ Climate Week,2026-09-22,06:00pm-08:30pm,America/New_York (assumed; NYC listing),3 E 28th St,,,Advanced Energy Group,https://www.climateweeknyc.org/event-search/caribbean-energy-roundtable-climate-week?hsLang=en,https://luma.com/caribbeanenergy-cwnyc26,climateweeknyc.org/event-search (official),In-person,strong,5,energy / grid / power markets; climate finance / investment  [secondary: cities / urban systems],,Not stated on official listing (unverified),unknown,Private event on official directory; eligibility not inferred,"Registration availability not observed; Private event (official page, 2026-09-10)",2026-09-10 (this pass),7,Qualified,Registration status/price/eligibility not verified.,caribbean-energy-roundtable-climate-week,"06:00pm - 08:30pm, Tuesday, September 22, 2026 3 E 28th St, New York, New York, 10016, United States Private event Register now 🌴 AEG Caribbean Energy Roundtable Catalyzing 12-month collaborative impact at the intersection of resilience, prosperity, and health in the Caribbean. The objective of this annual roundtable is to mobilize and deploy catalytic capital into vital energy projects across Caribbean nations and territories. We bring together key stakeholders—with a focus on leaders of Caribb",roundtable,primary-page (official description parsed 2026-09-10),yes
CW-0275,official-838,"Circular By Design: MIT Alumni Shaping the Future of Cities, Materials, Products and Systems",2026-09-22,06:00pm-08:30pm,America/New_York (assumed; NYC listing),12-16,,Manhattan,"MIT Alumni Energy, Environment and Sustainability Network (EESN), MIT Club of NY, MIT Sloan Club of NY",https://www.climateweeknyc.org/event-search/circular-by-design-mit-alumni-shaping-the-future-of-cities-materials-products-and-systems?hsLang=en,https://alumcommunity.mit.edu/topics/28487/events/283992,climateweeknyc.org/event-search (official),In-person,strong,6,built world / data centers / real estate; industrial decarbonization / manufacturing  [secondary: cities / urban systems; transport / mobility],,Not stated on official listing (unverified),unknown,Private event on official directory; eligibility not inferred,"Registration availability not observed; Private event (official page, 2026-09-10)",2026-09-10 (this pass),8,Candidate-pending-verification,Registration status/price/eligibility not verified.,circular-by-design-mit-alumni-shaping-the-future-of-cities-materials-products-and-systems,,,directory-tag only (description not retrieved),yes
CW-0327,official-838,Out in Climate | NYC Climate Week Social,2026-09-22,06:30pm-08:30pm,America/New_York (assumed; NYC listing),250 W 34th St.,,Manhattan,Out in Climate,https://www.climateweeknyc.org/event-search/out-in-climate-nyc-climate-week-social?hsLang=en,https://luma.com/ua097wwh,climateweeknyc.org/event-search (official),In-person,strong,2,energy / grid / power markets,,Not stated on official listing (unverified),unknown,Public event on official directory; eligibility not inferred,"Registration availability not observed; Public event (official page, 2026-09-10)",2026-09-10 (this pass),4,Qualified,Registration status/price/eligibility not verified.,out-in-climate-nyc-climate-week-social,"06:30pm - 08:30pm, Tuesday, September 22, 2026 250 W 34th St., Manhattan, New York, New York, 10019, United States Public event Register now The evening will feature welcoming remarks from Christian Jensby (CEO of Ramboll) before opening into a relaxed and social happy hour designed to spark new conversations and strengthen existing connections. ​Whether you're working in climate tech, corporate sustainability, finance, policy, clean energy, the built environment, other related industries, or si",happy hour; social,primary-page (official description parsed 2026-09-10),yes
CW-0363,official-838,Why just building factories isn't cutting it: a roundtable discussion.,2026-09-22,07:00am-10:30am,America/New_York (assumed; NYC listing),Input Physical Address,,,Opna,https://www.climateweeknyc.org/event-search/why-just-building-factories-isnt-cutting-it-a-roundtable-discussion?hsLang=en,https://luma.com/uboxbf73,climateweeknyc.org/event-search (official),In-person,strong,4,energy / grid / power markets; industrial decarbonization / manufacturing,,Not stated on official listing (unverified),unknown,Private event on official directory; eligibility not inferred,"Registration availability not observed; Private event (official page, 2026-09-10)",2026-09-10 (this pass),6,Qualified,Registration status/price/eligibility not verified.,why-just-building-factories-isnt-cutting-it-a-roundtable-discussion,"07:00am - 10:30am, Tuesday, September 22, 2026 Private event Register now Build the market, not just the factories. That's the idea this breakfast is built on. Grid connection will get named as the constraint in almost every energisation discussion in New York this week, but the constraint behind it gets named far less often: the transformers, switchgear and cables that physically connect clean power are running years late, and the cause is choreography as much as capacity. “The median [US] proj",breakfast; connect; pitch,primary-page (official description parsed 2026-09-10),yes
CW-0364,official-838,Risilience Private Equity Roundtable: Climate Alpha: Underwriting Risk & Driving PE Value Through Global Volatility,2026-09-22,07:00pm-10:00pm,America/New_York (assumed; NYC listing),New York,,,Risilience,https://www.climateweeknyc.org/event-search/risilience-private-equity-roundtable-climate-alpha-underwriting-risk-driving-pe-value-through-global-volatility?hsLang=en,https://risilience.com/resources/events/climate-week-nyc/,climateweeknyc.org/event-search (official),In-person,strong,4,climate finance / investment; software / data / AI infrastructure,,Not stated on official listing (unverified),unknown,Private event on official directory; eligibility not inferred,"Registration availability not observed; Private event (official page, 2026-09-10)",2026-09-10 (this pass),6,Qualified,Registration status/price/eligibility not verified.,risilience-private-equity-roundtable-climate-alpha-underwriting-risk-driving-pe-value-through-global-volatility,"07:00pm - 10:00pm, Tuesday, September 22, 2026 New York, United States Private event Register now Take Your Seat at the Executive Roundtable Join an exclusive, off-the-record roundtable of peer PE leaders to navigate the collision of macroeconomic shocks and the climate transition. Moving beyond compliance, we will focus on how forward-looking GPs are deploying climate resilience as a core lever for portfolio value creation and terminal value protection. Request to Attend.",roundtable,primary-page (official description parsed 2026-09-10),no
CW-0172,official-838,The Nest Campus,2026-09-22,07:30am,America/New_York (assumed; NYC listing),North Javits Center  - 445 11th Ave,,Manhattan,The Nest Campus,https://www.climateweeknyc.org/event-search/the-nest-campus?hsLang=en,https://www.thenestclimatecampus.com/register?utm_campaign=43858591-TNC-Attendees-Free-2026&utm_source=Climate%20Group&utm_term=Directory%20Listing&utm_content=ClimateWeekNYC,climateweeknyc.org/event-search (official),In-person,none,0,,,Not stated on official listing (unverified),unknown,Public event on official directory; eligibility not inferred,"Registration availability not observed; Public event (official page, 2026-09-10)",2026-09-10 (this pass),-2,Candidate-pending-verification,Registration status/price/eligibility not verified.,the-nest-campus,"07:30am, Tuesday, September 22, 2026 North Javits Center - 445 11th Ave, Manhattan, New York, New York, 10001, United States Public event Register now THE NEXUS OF THE RESILIENCE ECONOMY During Climate Week NYC, the right people are in the city — but rarely in the same room. The Nest Campus changes that. One high-density environment where decision-makers across sectors gather to define and accelerate the resilience economy.",,primary-page (official description parsed 2026-09-10),no
CW-0170,official-838,Reforest the Future Summit,2026-09-22,08:00am-02:00pm,America/New_York (assumed; NYC listing),Manhattan,,Manhattan,,https://www.climateweeknyc.org/event-search/reforest-the-future-summit?hsLang=en,https://luma.com/db8gacv3,climateweeknyc.org/event-search (official),In-person,medium,2,climate finance / investment,,Not stated on official listing (unverified),unknown,Private event on official directory; eligibility not inferred,"Registration availability not observed; Private event (official page, 2026-09-10)",2026-09-10 (this pass),3,Candidate-pending-verification,Registration status/price/eligibility not verified.,reforest-the-future-summit,,,directory-tag only (description not retrieved),no
CW-0164,official-838,MIT Solve Challenge Finals,2026-09-22,08:00am-07:00pm,America/New_York (assumed; NYC listing),450 E 29th Street,,Manhattan,,https://www.climateweeknyc.org/event-search/mit-solve-challenge-finals?hsLang=en,https://mitsolve.swoogo.com/solve-challenge-finals-2026,climateweeknyc.org/event-search (official),In-person,medium,4,energy / grid / power markets; industrial decarbonization / manufacturing,,Not stated on official listing (unverified),unknown,Public event on official directory; eligibility not inferred,"Registration availability not observed; Public event (official page, 2026-09-10)",2026-09-10 (this pass),5,Qualified,Registration status/price/eligibility not verified.,mit-solve-challenge-finals,"08:00am - 07:00pm, Tuesday, September 22, 2026 450 E 29th Street, Manhattan, New York, New York, 10016, United States Public event Register now Every year, Solve convenes over 300 social impact leaders in New York City, amidst the United Nations General Assembly and Climate Week, for a thrilling day of live pitches, prize announcements, and world-changing momentum. This year marks ten years of Solve. To celebrate, we’re doubling down on our commitment to finding and scaling world-changing innova",social,primary-page (official description parsed 2026-09-10),yes
CW-0235,official-838,State and Local Climate Policy Symposium,2026-09-22,09:00am-03:00pm,America/New_York (assumed; NYC listing),113 W. 60th St,,Manhattan,Environmental Advocates NY and Fordham University,https://www.climateweeknyc.org/event-search/state-and-local-climate-policy-symposium?hsLang=en,https://luma.com/climateweekpolicysymposium,climateweeknyc.org/event-search (official),In-person,medium,4,built world / data centers / real estate; energy / grid / power markets,,Not stated on official listing (unverified),unknown,Public event on official directory; eligibility not inferred,"Registration availability not observed; Public event (official page, 2026-09-10)",2026-09-10 (this pass),5,Candidate-pending-verification,Registration status/price/eligibility not verified.,state-and-local-climate-policy-symposium,,,directory-tag only (description not retrieved),no
CW-0199,official-838,Circular Supply Chain Summit,2026-09-22,09:00am-05:00pm,America/New_York (assumed; NYC listing),137 Grand St.,,Manhattan,Circular Supply Chain Network,https://www.climateweeknyc.org/event-search/circular-supply-chain-summit?hsLang=en,https://luma.com/axhd5qj2,climateweeknyc.org/event-search (official),In-person,strong,5,industrial decarbonization / manufacturing; software / data / AI infrastructure  [secondary: cities / urban systems],,Not stated on official listing (unverified),unknown,Public event on official directory; eligibility not inferred,"Registration availability not observed; Public event (official page, 2026-09-10)",2026-09-10 (this pass),7,Qualified,Registration status/price/eligibility not verified.,circular-supply-chain-summit,"09:00am - 05:00pm, Tuesday, September 22, 2026 137 Grand St., Manhattan, New York, New York, 10013, United States Public event Register now There are two summit pass options: ​1) Summit pass (9 - 1PM): Hear from and engage with industry leaders and practitioners shaping circular supply chains in real operations. ​2) Summit pass + workshop (9 - 5PM): Everything in the summit pass and you'll roll up your sleeves. Hands-on workshops led by experts and practitioners, built around real world circular",lunch,primary-page (official description parsed 2026-09-10),yes
CW-0177,official-838,The Cool House: The Unofficial Cooling Destination of Climate Week NYC,2026-09-22,09:00am-05:30pm,America/New_York (assumed; NYC listing),Oasis by Workville,,Manhattan,Refrigerant Emissions Elimination Forum (REEF),https://www.climateweeknyc.org/event-search/the-cool-house-the-unofficial-cooling-destination-of-climate-week-nyc?hsLang=en,https://luma.com/x9325kwa,climateweeknyc.org/event-search (official),In-person,medium,2,built world / data centers / real estate,,Not stated on official listing (unverified),unknown,Public event on official directory; eligibility not inferred,"Registration availability not observed; Public event (official page, 2026-09-10)",2026-09-10 (this pass),3,Candidate-pending-verification,Registration status/price/eligibility not verified.,the-cool-house-the-unofficial-cooling-destination-of-climate-week-nyc,,,directory-tag only (description not retrieved),no
CW-0196,official-838,The Urban Systems Symposium,2026-09-22,09:00am-06:00pm,America/New_York (assumed; NYC listing),40 Washington Square South,,Manhattan,New York University,https://www.climateweeknyc.org/event-search/the-urban-systems-symposium?hsLang=en,https://www.urbansystems.org/,climateweeknyc.org/event-search (official),In-person,medium,1,  [secondary: cities / urban systems],,Not stated on official listing (unverified),unknown,Private event on official directory; eligibility not inferred,"Registration availability not observed; Private event (official page, 2026-09-10)",2026-09-10 (this pass),2,Qualified,Registration status/price/eligibility not verified.,the-urban-systems-symposium,"09:00am - 06:00pm, Tuesday, September 22, 2026 40 Washington Square South, Manhattan, New York, New York, 10012, United States Private event Register now The Urban Systems Symposium include below sessions with short presentations followed by all participants discussions: - Climate Mitigation and Adaptation - Urban Health - Local Law and Policy - Living Architecture for Climate Resilience - Urban Housing - Placed based Innovation Lunch will be served and all are invited to the reception at the da",lunch; reception,primary-page (official description parsed 2026-09-10),yes
CW-0215,official-838,Transit Abundance is a Climate Solution,2026-09-22,09:00am-10:30am,America/New_York (assumed; NYC listing),49 Elizabeth St. 6th Floor,,Manhattan,"Metropolitan Abundance Project, Institute for Progress, and Parking Reform Network",https://www.climateweeknyc.org/event-search/transportation-abundance?hsLang=en,https://luma.com/parking-qmu7,climateweeknyc.org/event-search (official),In-person,strong,2,  [secondary: cities / urban systems; transport / mobility],,Not stated on official listing (unverified),unknown,Public event on official directory; eligibility not inferred,"Registration availability not observed; Public event (official page, 2026-09-10)",2026-09-10 (this pass),4,Candidate-pending-verification,Registration status/price/eligibility not verified.,transportation-abundance,,,directory-tag only (description not retrieved),no
CW-0180,official-838,Industrial Decarbonization & Urban Resilience,2026-09-22,09:00am-11:00am,America/New_York (assumed; NYC listing),250 W 55th St,,Manhattan,Climate Salon,https://www.climateweeknyc.org/event-search/industrial-decarbonization-urban-resilience?hsLang=en,https://luma.com/wfe5k1gi,climateweeknyc.org/event-search (official),In-person,strong,5,built world / data centers / real estate; software / data / AI infrastructure  [secondary: cities / urban systems],,Not stated on official listing (unverified),unknown,Public event on official directory; eligibility not inferred,"Registration availability not observed; Public event (official page, 2026-09-10)",2026-09-10 (this pass),7,Qualified,Registration status/price/eligibility not verified.,industrial-decarbonization-urban-resilience,"09:00am - 11:00am, Tuesday, September 22, 2026 250 W 55th St, Manhattan, New York, New York, 10019, United States Public event Register now Heat waves, domestic supply chains, data centers, and rising energy costs dominate headlines in 2026. While the challenges might seem distinct – many of the solutions are interdependent and already being deployed today. ​During NYC Climate Week, Suffolk Technologies, Morrison Foerster and Climate Salon are teaming up to discuss: How do we decarbonize our inf",roundtable; salon,primary-page (official description parsed 2026-09-10),yes
CW-0270,official-838,Pancakes* with PENSA: A Forum for Leaders of Hardware Startups,2026-09-22,09:00am-11:00am,America/New_York (assumed; NYC listing),TBA,,Brooklyn,Pensa,https://www.climateweeknyc.org/event-search/pancakes-with-pensa-a-forum-for-leaders-of-hardware-startups?hsLang=en,https://pensa.co/pancakes,climateweeknyc.org/event-search (official),In-person,medium,10,built world / data centers / real estate; energy / grid / power markets; industrial decarbonization / manufacturing; software / data / AI infrastructure  [secondary: cities / urban systems; transport / mobility],,Not stated on official listing (unverified),unknown,Public event on official directory; eligibility not inferred,"Registration availability not observed; Public event (official page, 2026-09-10)",2026-09-10 (this pass),11,Candidate-pending-verification,Registration status/price/eligibility not verified.,pancakes-with-pensa-a-forum-for-leaders-of-hardware-startups,,,directory-tag only (description not retrieved),yes
CW-0259,official-838,Beyond Mineral Supply Security: Partnerships and Community Rights,2026-09-22,09:30am-11:00am,America/New_York (assumed; NYC listing),447 Broadway #2nd floor,,Manhattan,Resource Justice Network and Oxfam,https://www.climateweeknyc.org/event-search/beyond-mineral-supply-security-partnerships-and-community-rights?hsLang=en,https://www.eventbrite.com/e/beyond-mineral-supply-security-partnerships-and-community-rights-tickets-1997108295673?aff=oddtdtcreator,climateweeknyc.org/event-search (official),In-person,strong,4,energy / grid / power markets; industrial decarbonization / manufacturing,,Not stated on official listing (unverified),unknown,Public event on official directory; eligibility not inferred,"Registration availability not observed; Public event (official page, 2026-09-10)",2026-09-10 (this pass),6,Qualified,Registration status/price/eligibility not verified.,beyond-mineral-supply-security-partnerships-and-community-rights,"09:30am - 11:00am, Tuesday, September 22, 2026 447 Broadway #2nd floor, Manhattan, New York, New York, 10013, United States Public event Register now There is no climate transition without transition minerals. How they are governed will decide whether decarbonisation delivers development and prosperity for producer countries, or simply repeats extractive patterns under a green label. This session, convened by Resource Justice Network and Oxfam America with the support of ActionAid Denmark, bring",network,primary-page (official description parsed 2026-09-10),yes
CW-0278,official-838,The Natural Hydrogen Opportunity: An Investor Forum at Climate Week NYC,2026-09-22,09:30am-11:30am,America/New_York (assumed; NYC listing),140 Broadway,,Manhattan,"H2Au.co, NatH2Investing.com & Stinson LLP",https://www.climateweeknyc.org/event-search/the-natural-hydrogen-opportunity-an-investor-forum-at-climate-week-nyc?hsLang=en,https://www.stinsonnews.com/37/3074/landing-pages/the-natural-hydrogen-opportunity--an-investor-forum-at-climate-week-nyc-rsvp-blank.asp,climateweeknyc.org/event-search (official),In-person,strong,4,energy / grid / power markets; climate finance / investment,,Not stated on official listing (unverified),unknown,Private event on official directory; eligibility not inferred,"Registration availability not observed; Private event (official page, 2026-09-10)",2026-09-10 (this pass),6,Qualified,Registration status/price/eligibility not verified.,the-natural-hydrogen-opportunity-an-investor-forum-at-climate-week-nyc,"09:30am - 11:30am, Tuesday, September 22, 2026 140 Broadway, Manhattan, New York, New York, 10005, United States Private event Register now Explore the emerging field of natural hydrogen — all the clean-energy benefits of hydrogen, without the cost or manufacturing footprint of producing it. This is a rare chance to get ahead of a sector still in its early days, alongside investors who already have: Breakthrough Energy, BP, Rio Tinto, Fortescue, Khosla Ventures, Amazon, and United. Join H2Au, on",,primary-page (official description parsed 2026-09-10),yes
CW-0305,official-838,Corporate Superpollutant Roundtable,2026-09-22,10:00am-12:00pm,America/New_York (assumed; NYC listing),Manhattan,,Manhattan,SPECTRA Super Pollutant Elimination Alliance,https://www.climateweeknyc.org/event-search/corporate-superpollutant-roundtable?hsLang=en,https://forms.gle/qSUwyfb8cQQa9kF69,climateweeknyc.org/event-search (official),In-person,strong,2,industrial decarbonization / manufacturing,,Not stated on official listing (unverified),unknown,Private event on official directory; eligibility not inferred,"Registration availability not observed; Private event (official page, 2026-09-10)",2026-09-10 (this pass),4,Qualified,Registration status/price/eligibility not verified.,corporate-superpollutant-roundtable,"10:00am - 12:00pm, Tuesday, September 22, 2026 Manhattan Private event Register now We welcome corporate operations, sustainability, and procurement professionals to join a roundtable about eliminating non-CO2 greenhouse gases - superpollutants - hosted by SPECTRA Super Pollutant Elimination Alliance. This will convene a curated group of 10 to 12 senior operations and sustainability leaders across industrial sectors for a closed-door session on how companies can address superpollutants in their ",roundtable,primary-page (official description parsed 2026-09-10),yes
CW-0214,official-838,Why the Corner Has No Store: The Rules That Make Us Drive,2026-09-22,10:30am-12:00pm,America/New_York (assumed; NYC listing),49 Elizabeth St. 6th Floor,,Manhattan,The Parking Reform Network,https://www.climateweeknyc.org/event-search/why-the-corner-has-no-store-the-rules-that-make-us-drive?hsLang=en,https://luma.com/parking-bajt,climateweeknyc.org/event-search (official),In-person,strong,4,built world / data centers / real estate  [secondary: cities / urban systems; transport / mobility],,Not stated on official listing (unverified),unknown,Public event on official directory; eligibility not inferred,"Registration availability not observed; Public event (official page, 2026-09-10)",2026-09-10 (this pass),6,Qualified,Registration status/price/eligibility not verified.,why-the-corner-has-no-store-the-rules-that-make-us-drive,"10:30am - 12:00pm, Tuesday, September 22, 2026 49 Elizabeth St. 6th Floor, Manhattan, New York, New York, 10013, United States Public event Register now Bringing jobs and commerce closer to where people live decreases our reliance on vehicles. Unfortunately, zoning, parking mandates, licensing rules, and residential sprawl have rendered neighborhood enterprises both illegal and unprofitable. This panel examines how to untangle the legal and economic web that prevents sustainable mixed-use neighb",network,primary-page (official description parsed 2026-09-10),yes
CW-0193,official-838,The AI Forum: Scaling sustainable infrastructure,2026-09-22,11:00am-12:00pm,America/New_York (assumed; NYC listing),New York City,,,Climate Group,https://www.climateweeknyc.org/event-search/the-ai-forum-scaling-sustainable-infrastructure?hsLang=en,https://eur.cvent.me/9aR2QV?rt=V0Ac6ckJMkOxbM_kz8XScw&RefId=CrprtNnmbrsCWNYCStHLOPdApp,climateweeknyc.org/event-search (official),In-person,medium,4,energy / grid / power markets; software / data / AI infrastructure,,Not stated on official listing (unverified),unknown,Private event on official directory; eligibility not inferred,"Registration availability not observed; Private event (official page, 2026-09-10)",2026-09-10 (this pass),5,Qualified,Registration status/price/eligibility not verified.,the-ai-forum-scaling-sustainable-infrastructure,"11:00am - 12:00pm, Tuesday, September 22, 2026 New York City Private event Register now Demand for AI is outpacing infrastructure, energy supply and natural resources. Yet, AI may be the key to fast-tracking the renewable energy transition, generating sustainable investments, and galvanizing the climate action movement. The AI Forum at Climate Week NYC will convene senior leaders from business and government to examine the problems a growing AI market creates, as well as the innovative opportuni",,primary-page (official description parsed 2026-09-10),yes
CW-0311,official-838,Pathways to Power: Building Sustainable Careers,2026-09-22,11:30am-05:00am,America/New_York (assumed; NYC listing),466 Grand Street,,Manhattan,Henry Street Settlement;Stacks+Joules;Willdan Clean Energy Academy;The Green Launchpad;Lower East Side Employment Network;Energy Economic Development Corporation,https://www.climateweeknyc.org/event-search/pathways-to-power-building-sustainable-careers?hsLang=en,https://abronsartscenter.app.getcuebox.com/o/C5XTY485/shows/QLJZTGJV,climateweeknyc.org/event-search (official),In-person,strong,2,built world / data centers / real estate,,Not stated on official listing (unverified),unknown,Public event on official directory; eligibility not inferred,"Registration availability not observed; Public event (official page, 2026-09-10)",2026-09-10 (this pass),4,Candidate-pending-verification,Registration status/price/eligibility not verified.,pathways-to-power-building-sustainable-careers,"11:30am - 05:00am, Tuesday, September 22, 2026 466 Grand Street, Manhattan, New York, New York, 10002, United States Public event Register now We are bringing together workforce development professionals, building operators and property solutions companies, clean energy and decarbonization companies, city and state agency leaders, clean energy industry training parners, community organizations and regional economic development agencies for conversations. Topics include workforce development stra",,primary-page (official description parsed 2026-09-10),yes
CW-0326,official-838,CSO Roundtable with Tim Mohin: Realizing and Communicating the Value of Sustainability and Carbon Management,2026-09-22,12:00pm-02:00pm,America/New_York (assumed; NYC listing),,,,Covington & Burling,https://www.climateweeknyc.org/event-search/cso-roundtable-with-tim-mohin-realizing-and-communicating-the-value-of-sustainability-and-carbon-management?hsLang=en,https://forms.cloud.microsoft/pages/responsepage.aspx?id=wbmMV0W0HkqkXXn82_Gl0xNpYB0QJEZFuxh11n9Y9SxUMUIzS0tRTjg1QkNGUE9HTUQyNldGUzRPUC4u&route=shorturl,climateweeknyc.org/event-search (official),In-person,strong,1,  [secondary: cities / urban systems],,Not stated on official listing (unverified),unknown,Private event on official directory; eligibility not inferred,"Registration availability not observed; Private event (official page, 2026-09-10)",2026-09-10 (this pass),3,Candidate-pending-verification,Registration status/price/eligibility not verified.,cso-roundtable-with-tim-mohin-realizing-and-communicating-the-value-of-sustainability-and-carbon-management,,,directory-tag only (description not retrieved),no
CW-0209,official-838,Resilience Action Lab: Building an Integrated Just Transition for Our Communities,2026-09-22,12:00pm-02:30pm,America/New_York (assumed; NYC listing),Cornell Club 6 E 44th St,,Manhattan,Dartmouth Climate Collaborative,https://www.climateweeknyc.org/event-search/resilience-action-lab-building-an-integrated-just-transition-for-our-communities?hsLang=en,https://climate.dartmouth.edu/news-events/climate-week-new-york-city-2026,climateweeknyc.org/event-search (official),In-person,medium,2,energy / grid / power markets,,Not stated on official listing (unverified),unknown,Private event on official directory; eligibility not inferred,"Registration availability not observed; Private event (official page, 2026-09-10)",2026-09-10 (this pass),3,Candidate-pending-verification,Registration status/price/eligibility not verified.,resilience-action-lab-building-an-integrated-just-transition-for-our-communities,"12:00pm - 02:30pm, Tuesday, September 22, 2026 Cornell Club 6 E 44th St, Manhattan, New York, New York, 10017, United States Private event Register now This interactive, train-the-trainers workshop explores how communities and organizations can build more resilient, equitable futures by addressing multiple challenges at once. Through a facilitated World Café process, Dartmouth insight briefings, peer learning, and hands-on activities, participants will apply systems thinking, multisolving, and a",,primary-page (official description parsed 2026-09-10),yes
CW-0297,official-838,"The Collision - AI's Sustainability Challenge: A  Case Study on Data Centers, Emissions, and the Future of Climate Accountability",2026-09-22,12:00pm-03:00pm,America/New_York (assumed; NYC listing),1345 Avenue of the Americas,,Manhattan,"AICPA and CIMA and Oxford University, Said Business School",https://www.climateweeknyc.org/event-search/the-collision-ais-sustainability-challenge-a-case-study-on-data-centers-emissions-and-the-future-of-climate-accountability?hsLang=en,https://27aicpa-esg.epwebsite.com/,climateweeknyc.org/event-search (official),In-person,medium,4,climate finance / investment; software / data / AI infrastructure,,Not stated on official listing (unverified),unknown,Public event on official directory; eligibility not inferred,"Registration availability not observed; Public event (official page, 2026-09-10)",2026-09-10 (this pass),5,Candidate-pending-verification,Registration status/price/eligibility not verified.,the-collision-ais-sustainability-challenge-a-case-study-on-data-centers-emissions-and-the-future-of-climate-accountability,,,directory-tag only (description not retrieved),yes
CW-0355,official-838,"Human Planet: ​Climate, Care, Children and Innovative Finance",2026-09-22,12:00pm-03:00pm,America/New_York (assumed; NYC listing),Jay Conference Chelsea,,Manhattan,Human Planet and Partners,https://www.climateweeknyc.org/event-search/human-planet-climate-care-children-and-innovative-finance?hsLang=en,https://luma.com/shfxsx7g,climateweeknyc.org/event-search (official),In-person,medium,2,built world / data centers / real estate,,Not stated on official listing (unverified),unknown,Public event on official directory; eligibility not inferred,"Registration availability not observed; Public event (official page, 2026-09-10)",2026-09-10 (this pass),3,Candidate-pending-verification,Registration status/price/eligibility not verified.,human-planet-climate-care-children-and-innovative-finance,,,directory-tag only (description not retrieved),yes
CW-0357,official-838,Roundtable with New York City Deputy Mayor Julie Su on Protecting Workers from Extreme Heat,2026-09-22,12:30pm-02:00pm,America/New_York (assumed; NYC listing),25 W 18th Street,,Manhattan,"New York City's Deputy Mayor for Economic Justice Julie Su, the TEMP Coalition chaired by New York Committee for Occupational Safety and Health (NYCOSH), 32BJ, and BlueGreen Alliance",https://www.climateweeknyc.org/event-search/roundtable-with-new-york-city-deputy-mayor-julie-su-on-protecting-workers-from-extreme-heat?hsLang=en,https://forms.gle/RAkUFnPTXfJjHcYy8,climateweeknyc.org/event-search (official),In-person,strong,1,  [secondary: cities / urban systems],,Not stated on official listing (unverified),unknown,Public event on official directory; eligibility not inferred,"Registration availability not observed; Public event (official page, 2026-09-10)",2026-09-10 (this pass),3,Qualified,Registration status/price/eligibility not verified.,roundtable-with-new-york-city-deputy-mayor-julie-su-on-protecting-workers-from-extreme-heat,"12:30pm - 02:00pm, Tuesday, September 22, 2026 25 W 18th Street, Manhattan, New York, New York, 10011, United States Public event Register now Workers will share firsthand accounts of how extreme heat impacts their daily work. Each worker will describe the physical toll of heat exposure on the job, the gaps or safeguards currently in place, and what change would mean for them and their coworkers, grounding the policy conversation in lived experience.",,primary-page (official description parsed 2026-09-10),no
CW-0212,official-838,The Social Acceptance Advantage: Pricing in People to Accelerate the Transition,2026-09-22,12:30pm-02:30am,America/New_York (assumed; NYC listing),277 Park Avenue,,Manhattan,"WBCSD, ERM",https://www.climateweeknyc.org/event-search/the-social-acceptance-advantage-pricing-in-people-to-accelerate-the-transition?hsLang=en,https://wbcsd2.my.salesforce-sites.com/dashboards/GuestEventPageV2?aId=a0POS00000hRGuT,climateweeknyc.org/event-search (official),In-person,strong,3,energy / grid / power markets  [secondary: transport / mobility],,Not stated on official listing (unverified),unknown,Private event on official directory; eligibility not inferred,"Registration availability not observed; Private event (official page, 2026-09-10)",2026-09-10 (this pass),5,Qualified,Registration status/price/eligibility not verified.,the-social-acceptance-advantage-pricing-in-people-to-accelerate-the-transition,"12:30pm - 02:30am, Tuesday, September 22, 2026 277 Park Avenue, Manhattan, New York, New York, 10172, United States Private event Register now Social license is no longer just a reputational concern, it's showing up directly on the balance sheet. As companies navigate overlapping energy and technological transitions, how they engage workers and communities is increasingly shaping business outcomes, from credit terms to delivery timelines to legal exposure. ` This session brings C-suite leaders t",connect; social,primary-page (official description parsed 2026-09-10),yes
CW-0524,official-838,Swiss Climatetech Showcase,2026-09-23,01:00pm-02:30pm,America/New_York (assumed; NYC listing),150 1st Ave,,Manhattan,Swissnex,https://www.climateweeknyc.org/event-search/swiss-climatetech-showcase?hsLang=en,https://swissnex.org/boston/event/assembly-swiss-climate-showcase/,climateweeknyc.org/event-search (official),In-person,strong,6,built world / data centers / real estate; energy / grid / power markets; industrial decarbonization / manufacturing,,Not stated on official listing (unverified),unknown,Public event on official directory; eligibility not inferred,"Registration availability not observed; Public event (official page, 2026-09-10)",2026-09-10 (this pass),8,Candidate-pending-verification,Registration status/price/eligibility not verified.,swiss-climatetech-showcase,,,directory-tag only (description not retrieved),yes
CW-0434,official-838,Following the Money to Climate Justice: A Practical Workshop for Climate Strategists,2026-09-23,01:00pm-03:00pm,America/New_York (assumed; NYC listing),109 W 39th St 2nd Fl (London Room),,Manhattan,Inclusive Development International (IDI),https://www.climateweeknyc.org/event-search/following-the-money-to-climate-justice-a-practical-workshop-for-climate-strategists?hsLang=en,https://luma.com/0uf31i74,climateweeknyc.org/event-search (official),In-person,medium,4,climate finance / investment; industrial decarbonization / manufacturing,,Not stated on official listing (unverified),unknown,Public event on official directory; eligibility not inferred,"Registration availability not observed; Public event (official page, 2026-09-10)",2026-09-10 (this pass),5,Candidate-pending-verification,Registration status/price/eligibility not verified.,following-the-money-to-climate-justice-a-practical-workshop-for-climate-strategists,"01:00pm - 03:00pm, Wednesday, September 23, 2026 109 W 39th St 2nd Fl (London Room), Manhattan, New York, New York, 10018, United States Public event Register now Inclusive Development International (IDI) invites funders, researchers, advocates, and campaigners to a hands-on demonstration of our Follow the Money methodology and open-source data tools that reveal the lenders, shareholders, buyers, and development finance institutions behind large-scale investment projects. Learn how our methodolo",,primary-page (official description parsed 2026-09-10),yes
CW-0395,official-838,What is Shaping Data Center Energy? | Panel & Networking Lunch,2026-09-23,01:00pm-04:00pm,America/New_York (assumed; NYC listing),285 Fulton St,,Manhattan,GO2 Markets,https://www.climateweeknyc.org/event-search/what-is-shaping-data-center-energy-panel-networking-lunch?hsLang=en,https://luma.com/m1avo0bz,climateweeknyc.org/event-search (official),In-person,strong,6,energy / grid / power markets; industrial decarbonization / manufacturing; software / data / AI infrastructure,,Not stated on official listing (unverified),unknown,Private event on official directory; eligibility not inferred,"Registration availability not observed; Private event (official page, 2026-09-10)",2026-09-10 (this pass),8,Candidate-pending-verification,Registration status/price/eligibility not verified.,what-is-shaping-data-center-energy-panel-networking-lunch,,,directory-tag only (description not retrieved),yes
CW-0405,official-838,From Data to Decarbonization: AI-Powered Climate Action Across the Value Chain,2026-09-23,01:00pm-06:00pm,America/New_York (assumed; NYC listing),432 W 45th St,,Manhattan,ASUENE Inc.,https://www.climateweeknyc.org/event-search/from-data-to-decarbonization-ai-powered-climate-action-across-the-value-chain?hsLang=en,https://luma.com/k7xjtird,climateweeknyc.org/event-search (official),In-person,none,6,energy / grid / power markets; industrial decarbonization / manufacturing; software / data / AI infrastructure,,Not stated on official listing (unverified),unknown,Public event on official directory; eligibility not inferred,"Registration availability not observed; Public event (official page, 2026-09-10)",2026-09-10 (this pass),4,Candidate-pending-verification,Registration status/price/eligibility not verified.,from-data-to-decarbonization-ai-powered-climate-action-across-the-value-chain,,,directory-tag only (description not retrieved),yes
CW-0522,official-838,Africa Climate Investment Forum,2026-09-23,01:00pm-07:30pm,America/New_York (assumed; NYC listing),Address provided to registrants,,,"GOGLA, GreenMax Capital Group, Africa Minigrid Developers Association (AMDA), Global Energy Alliance for People and Planet (GEAPP), InfraCredit, and Genesis Energy",https://www.climateweeknyc.org/event-search/africa-climate-investment-forum?hsLang=en,https://luma.com/aq5pk87i,climateweeknyc.org/event-search (official),In-person,medium,4,energy / grid / power markets; climate finance / investment,,Not stated on official listing (unverified),unknown,Private event on official directory; eligibility not inferred,"Registration availability not observed; Private event (official page, 2026-09-10)",2026-09-10 (this pass),5,Qualified,Registration status/price/eligibility not verified.,africa-climate-investment-forum,"01:00pm - 07:30pm, Wednesday, September 23, 2026 Address provided to registrants, New York, New York, United States Private event Register now The Africa Climate Investment Forum seeks to elevate Africa's climate investment opportunities and attract new potential investors and philanthropic funders. Discussion topics and sessions: ● Why Climate Portfolios Need Africa ● Unlocking Africa's Climate Venture Opportunity ● Africa's E-Mobility Transition ● State of the Off-Grid Industry: What Will It T",,primary-page (official description parsed 2026-09-10),yes
CW-0412,official-838,Global Decarbonization Forum - NYC,2026-09-23,01:00pm-09:00pm,America/New_York (assumed; NYC listing),208 W 30th St,,Manhattan,carbmee GmbH,https://www.climateweeknyc.org/event-search/global-decarbonization-forum-nyc?hsLang=en,https://www.carbmee.com/global-decarbonization-forum-new-york,climateweeknyc.org/event-search (official),In-person,medium,4,industrial decarbonization / manufacturing; software / data / AI infrastructure,,Not stated on official listing (unverified),unknown,Private event on official directory; eligibility not inferred,"Registration availability not observed; Private event (official page, 2026-09-10)",2026-09-10 (this pass),5,Qualified,Registration status/price/eligibility not verified.,global-decarbonization-forum-nyc,"01:00pm - 09:00pm, Wednesday, September 23, 2026 208 W 30th St, Suite 801, New York, NY 10001, Manhattan, New York City, New York, 10001, United States Private event Register now The agenda explores how industrial AI is reshaping trade compliance, cost of ownership, and supply chain risk. It features a keynote on AI-driven global trade compliance, an expert panel on the cost and risk implications of AI-enabled supply chains, and case study sprints from the industrial and consumer goods sectors.",,primary-page (official description parsed 2026-09-10),yes
CW-0424,official-838,Accommodating Growth in the Global South,2026-09-23,01:30pm-02:45pm,America/New_York (assumed; NYC listing),395 Hudson Street,,Manhattan,"Gehl Architects, NYU Marron Institute, World Resources Institute, and The Parking Reform Network",https://www.climateweeknyc.org/event-search/accommodating-growth-in-the-global-south?hsLang=en,https://luma.com/parking-it6l,climateweeknyc.org/event-search (official),In-person,strong,4,built world / data centers / real estate  [secondary: cities / urban systems; transport / mobility],,Not stated on official listing (unverified),unknown,Public event on official directory; eligibility not inferred,"Registration availability not observed; Public event (official page, 2026-09-10)",2026-09-10 (this pass),6,Qualified,Registration status/price/eligibility not verified.,accommodating-growth-in-the-global-south,"01:30pm - 02:45pm, Wednesday, September 23, 2026 395 Hudson Street, 8th Floor, Manhattan, New York, New York, 10014, United States Public event Register now Most of the world's urban growth over the next few decades will happen in cities that don't yet exist at scale — concentrated in the Global South, where population growth is fastest and infrastructure is least locked in. Whether that growth compounds sprawl-driven emissions or avoids them depends on choices being made right now about housing",network,primary-page (official description parsed 2026-09-10),yes
CW-0577,official-838,C3 Climate Week CUNY Research Expo,2026-09-23,02:00pm-06:00pm,America/New_York (assumed; NYC listing),Oculus World Trade Center Shop #53,,Manhattan,"CUNY Climate Consortium, CUNY PIT Lab, NYC PIT Pop UP",https://www.climateweeknyc.org/event-search/c3-climate-week-cuny-research-expo?hsLang=en,https://nycpitpopup.org/event/c3-climate-week-cuny-research-expo/,climateweeknyc.org/event-search (official),In-person,medium,1,  [secondary: cities / urban systems],,Not stated on official listing (unverified),unknown,Public event on official directory; eligibility not inferred,"Registration availability not observed; Public event (official page, 2026-09-10)",2026-09-10 (this pass),2,Qualified,Registration status/price/eligibility not verified.,c3-climate-week-cuny-research-expo,"02:00pm - 06:00pm, Wednesday, September 23, 2026 Oculus World Trade Center Shop #53, South Concourse, Main Floor C2 185 Greenwich Street, Manhattan, New York, New York, 10006, United States Public event Register now We are excited to host the C3 Climate Week CUNY Research Expo on Wednesday, September 23 at the NYC PIT Pop Up at the Oculus World Trade Center. We will be showcasing work from across the CUNY community—including graduate and master’s students, faculty, research teams and labs, cente",,primary-page (official description parsed 2026-09-10),no
CW-0544,official-838,Honest Conversation on the Insurability Crisis,2026-09-23,02:30pm-04:30pm,America/New_York (assumed; NYC listing),25 11TH Ave AT Hudson River Park,,Manhattan,"New York Communities for Change, Rainforest Action Network, Stop the Money Pipeline, Urgewald",https://www.climateweeknyc.org/event-search/honest-conversation-on-the-insurability-crisis?hsLang=en,https://www.eventbrite.com/e/an-honest-conversation-on-the-insurability-crisis-tickets-1999273993333?aff=oddtdtcreator&keep_tld=true,climateweeknyc.org/event-search (official),In-person,strong,2,climate finance / investment,,Not stated on official listing (unverified),unknown,Official directory access type not stated.,Not individually observed in this pass,2026-09-10 (this pass),4,Candidate-pending-verification,Registration status/price/eligibility not verified.,honest-conversation-on-the-insurability-crisis,,,directory-tag only (description not retrieved),no
CW-0425,official-838,Making the Case for Climate-Aligned Abundance and Urbanism,2026-09-23,03:00pm-04:15pm,America/New_York (assumed; NYC listing),395 Hudson Street,,Manhattan,"World Resources Institute, Metropolitan Abundance Project, Climate Cabinet, Parking Reform Network",https://www.climateweeknyc.org/event-search/making-the-case-for-climate-aligned-abundance-and-urbanism?hsLang=en,https://luma.com/parking-tpr0,climateweeknyc.org/event-search (official),In-person,strong,3,built world / data centers / real estate  [secondary: cities / urban systems],,Not stated on official listing (unverified),unknown,Public event on official directory; eligibility not inferred,"Registration availability not observed; Public event (official page, 2026-09-10)",2026-09-10 (this pass),5,Candidate-pending-verification,Registration status/price/eligibility not verified.,making-the-case-for-climate-aligned-abundance-and-urbanism,,,directory-tag only (description not retrieved),no
CW-0475,official-838,SRM Hub Crawl: Building a Community for Responsible Solar Reflective Methods Research and Governance,2026-09-23,03:00pm-05:00pm,America/New_York (assumed; NYC listing),1 Pennsylvania Plaza,,Manhattan,Chesapeake Climate Action Network,https://www.climateweeknyc.org/event-search/srm-hub-crawl-building-a-community-for-responsible-solar-reflective-methods-research-and-governance?hsLang=en,https://luma.com/49uauhsm,climateweeknyc.org/event-search (official),In-person,strong,2,software / data / AI infrastructure,,Not stated on official listing (unverified),unknown,Public event on official directory; eligibility not inferred,"Registration availability not observed; Public event (official page, 2026-09-10)",2026-09-10 (this pass),4,Qualified,Registration status/price/eligibility not verified.,srm-hub-crawl-building-a-community-for-responsible-solar-reflective-methods-research-and-governance,"03:00pm - 05:00pm, Wednesday, September 23, 2026 1 Pennsylvania Plaza, Manhattan, New York, New York, 10119, United States Public event Register now ​What if we could turn down the heat—literally? ​Join the Chesapeake Climate Action Network during New York Climate Week for a fun, fast-paced Solar Reflective Methods (SRM) Hub Crawl, exploring the science, possibilities, and big questions surrounding emerging approaches that could reflect a small amount of sunlight and temporarily cool the planet.",drinks; network; pitch,primary-page (official description parsed 2026-09-10),no
CW-0489,official-838,Nuclear Symposium,2026-09-23,03:00pm-07:00pm,America/New_York (assumed; NYC listing),Wed Sep 23rd: NY City Bar Association (42 West 44 St),,Manhattan,Nuclear New York,https://www.climateweeknyc.org/event-search/nuclear-symposium?hsLang=en,https://nuclearsymposium.com/tickets,climateweeknyc.org/event-search (official),In-person,medium,6,energy / grid / power markets; climate finance / investment; industrial decarbonization / manufacturing,,Not stated on official listing (unverified),unknown,Public event on official directory; eligibility not inferred,"Registration availability not observed; Public event (official page, 2026-09-10)",2026-09-10 (this pass),7,Candidate-pending-verification,Registration status/price/eligibility not verified.,nuclear-symposium,"03:00pm - 07:00pm, Wednesday, September 23, 2026 Wed Sep 23rd: NY City Bar Association (42 West 44 St), Thu Sep 24th: Verizon Executive Education Center at Cornell Tech (Roosevelt Island), Manhattan, New York, New York Public event Register now Building on New York’s push for a clean energy future, the 2026 Nuclear Symposium focuses on delivering clean, safe, reliable, and affordable power at scale. For the first time, the communities, the developers, the buyers, the regulators, and the capital ",,primary-page (official description parsed 2026-09-10),yes
CW-0427,official-838,Climate Week NYC: Digital Activism Tech Lab @ Long Island City Library - QPL,2026-09-23,04:00pm-05:00pm,America/New_York (assumed; NYC listing),37-44 21 Street,,Queens,Queens Public Library,https://www.climateweeknyc.org/event-search/climate-week-nyc-digital-activism-tech-lab-long-island-city-library-qpl?hsLang=en,https://www.queenslibrary.org/calendar/climate-week-nyc-digital-activism-tech-lab/001252-0726,climateweeknyc.org/event-search (official),In-person,medium,2,software / data / AI infrastructure,,Not stated on official listing (unverified),unknown,Public event on official directory; eligibility not inferred,"Registration availability not observed; Public event (official page, 2026-09-10)",2026-09-10 (this pass),3,Excluded-non-commercial,Registration status/price/eligibility not verified.,climate-week-nyc-digital-activism-tech-lab-long-island-city-library-qpl,"04:00pm - 05:00pm, Wednesday, September 23, 2026 37-44 21 Street, Queens, Long Island City, New York, 11101, United States Public event Register now How can digital media inspire change? Through digital activism, teens will use Canva and Photoshop to create digital collages, posters, memes, and other visual media exploring topics such as sustainability, climate action, environmental issues, and AI. Along the way, they’ll learn how visual storytelling can raise awareness, encourage dialogue, and ",,primary-page (official description parsed 2026-09-10),no
CW-0484,official-838,The Power Gap Panel & Reception,2026-09-23,04:00pm-07:00pm,America/New_York (assumed; NYC listing),,,,Orrick & B Capital,https://www.climateweeknyc.org/event-search/the-power-gap-panel-reception?hsLang=en,https://respond.orrick.com/v/7duopqj3,climateweeknyc.org/event-search (official),In-person,strong,6,energy / grid / power markets; climate finance / investment; software / data / AI infrastructure,,Not stated on official listing (unverified),unknown,Private event on official directory; eligibility not inferred,"Registration availability not observed; Private event (official page, 2026-09-10)",2026-09-10 (this pass),8,Strong-qualified,Registration status/price/eligibility not verified.,the-power-gap-panel-reception,"04:00pm - 07:00pm, Wednesday, September 23, 2026 Private event Register now As power demand accelerates and grid capacity comes under increasing strain, our discussion will explore the scarcity challenges facing today's energy systems and the emerging technologies poised to address them, featuring perspectives from leaders in nuclear energy and space-based power solutions.",,primary-page (official description parsed 2026-09-10),yes
CW-0546,official-838,MIT Hard Tech Happy Hour,2026-09-23,04:00pm-07:00pm,America/New_York (assumed; NYC listing),183 Madison Ave 18th Floor,,Manhattan,"Alumni Ventures, MIT Sloan Club of New York, Safar Partners",https://www.climateweeknyc.org/event-search/mit-hard-tech-happy-hour?hsLang=en,https://luma.com/mit-climate-week-2026,climateweeknyc.org/event-search (official),In-person,strong,2,software / data / AI infrastructure,,Not stated on official listing (unverified),unknown,Public event on official directory; eligibility not inferred,"Registration availability not observed; Public event (official page, 2026-09-10)",2026-09-10 (this pass),4,Qualified,Registration status/price/eligibility not verified.,mit-hard-tech-happy-hour,"04:00pm - 07:00pm, Wednesday, September 23, 2026 183 Madison Ave 18th Floor, Manhattan, New York, New York, 10016, United States Public event Register now Join Alumni Ventures, MIT Sloan Club of New York, and Safar Partners for a gathering at the intersection of hard tech, climate, and deep innovation. MIT Hard Tech Happy Hour brings together founders building in climate, biotech, materials science, robotics, and related frontier sectors, alongside investors and operators supporting the next wav",gathering; happy hour,primary-page (official description parsed 2026-09-10),yes
CW-0540,official-838,Backing Innovation: How States Are Investing in the Future,2026-09-23,05:00pm-07:30pm,America/New_York (assumed; NYC listing),KPMG LLP - 375 9th Ave 17th Floor - KPMG Ignition Center (23rd Floor),,Manhattan,Hosted by NY Ventures x Connecticut Innovations x NJ Economic Development Authority & Sponsored by Rho & KPMG,https://www.climateweeknyc.org/event-search/backing-innovation-how-states-are-investing-in-the-future?hsLang=en,https://luma.com/gov-vc-panel,climateweeknyc.org/event-search (official),In-person,none,2,climate finance / investment,,Not stated on official listing (unverified),unknown,Public event on official directory; eligibility not inferred,"Registration availability not observed; Public event (official page, 2026-09-10)",2026-09-10 (this pass),0,Qualified,Registration status/price/eligibility not verified.,backing-innovation-how-states-are-investing-in-the-future,"05:00pm - 07:30pm, Wednesday, September 23, 2026 KPMG LLP - 375 9th Ave 17th Floor - KPMG Ignition Center (23rd Floor), Manhattan, New York, New York, 10001, United States Public event Register now State venture funds are playing an increasingly important role in building regional innovation ecosystems. ​This panel brings together leaders from three of the Northeast's most active public VC programs — Connecticut Innovations, New York State's NY Ventures, and the New Jersey Economic Development A",happy hour,primary-page (official description parsed 2026-09-10),yes
CW-0408,official-838,SOSV's HAX Deep Tech Showcase (Investors Only),2026-09-23,06:00pm-08:00pm,America/New_York (assumed; NYC listing),370 7th Avenue,,Manhattan,SOSV,https://www.climateweeknyc.org/event-search/sosvs-hax-deep-tech-showcase?hsLang=en,https://luma.com/zp28xv7c,climateweeknyc.org/event-search (official),In-person,strong,2,energy / grid / power markets,,Not stated on official listing (unverified),unknown,Investors only per SOSV host page; public directory label does not override host eligibility. Registration availability not independently observed.,"Registration availability not observed; Public event (official page, 2026-09-10); investors only per host",2026-09-10 (this pass),4,Qualified,Registration status/price/eligibility not verified.,sosvs-hax-deep-tech-showcase,"06:00pm - 08:00pm, Wednesday, September 23, 2026 370 7th Avenue, Manhattan, New York, New York, 10001, United States Public event Register now ​Reshoring the Clean Future: Manufacturing, AI Infrastructure, Energy ​From the critical minerals pulled out of the ground to the on-demand manufacturing of chips, drones, batteries, and even apparel, a new industrial stack is being built in America — one mineral, one machine, one megawatt at a time. ​Join us at Climate Week NYC to meet the best of SOSV/H",,primary-page (official description parsed 2026-09-10),yes
CW-0495,official-838,Throw me some Shade - Demos and Drinks with Clean Tech startups,2026-09-23,06:00pm-09:00pm,America/New_York (assumed; NYC listing),117 Barrow St,,Manhattan,Out In Tech,https://www.climateweeknyc.org/event-search/throw-me-some-shade-demos-and-drinks-with-clean-tech-startups?hsLang=en,https://outintech.com/event/out-in-tech-ny-demos-and-drinks-with-clean-tech-startups/,climateweeknyc.org/event-search (official),In-person,strong,4,climate finance / investment; software / data / AI infrastructure,,Not stated on official listing (unverified),unknown,Private event on official directory; eligibility not inferred,"Registration availability not observed; Private event (official page, 2026-09-10)",2026-09-10 (this pass),6,Candidate-pending-verification,Registration status/price/eligibility not verified.,throw-me-some-shade-demos-and-drinks-with-clean-tech-startups,,,directory-tag only (description not retrieved),yes
CW-0555,official-838,OSCAR In The Wilde NYC - Better Carbon Removal Purchasing Agreements Negotiated Over Informal Drinks,2026-09-23,06:00pm-09:00pm,America/New_York (assumed; NYC listing),111 Broadway,,Manhattan,OSCAR,https://www.climateweeknyc.org/event-search/oscar-in-the-wilde-nyc-better-carbon-removal-purchasing-agreements-negotiated-over-informal-drinks?hsLang=en,https://luma.com/n4f7yi7l,climateweeknyc.org/event-search (official),In-person,strong,4,climate finance / investment; industrial decarbonization / manufacturing,,Not stated on official listing (unverified),unknown,Public event on official directory; eligibility not inferred,"Registration availability not observed; Public event (official page, 2026-09-10)",2026-09-10 (this pass),6,Qualified,Registration status/price/eligibility not verified.,oscar-in-the-wilde-nyc-better-carbon-removal-purchasing-agreements-negotiated-over-informal-drinks,"06:00pm - 09:00pm, Wednesday, September 23, 2026 111 Broadway, Manhattan, New York, New York, 10006, United States Public event Register now ​The team behind OSCAR, the independent, counterparty neutral, purchasing agreement, checklists and tools, are bringing OSCAR In The Wilde to New York Climate Week. ​An opportunity for buyers, suppliers, intermediaries, market services providers and lawyers, to share experience and learn from others in a safe informal space (Chatham House rules apply). ​Set",,primary-page (official description parsed 2026-09-10),yes
CW-0450,official-838,Executive Leadership Dinner: Shaping the Next Era of Sustainable Business,2026-09-23,06:00pm-11:00pm,America/New_York (assumed; NYC listing),701 7th Ave,,Manhattan,Quantis,https://www.climateweeknyc.org/event-search/executive-leadership-dinner-shaping-the-next-era-of-sustainable-business?hsLang=en,https://luma.com/QuantisLeadershipDinnerCWNYC26,climateweeknyc.org/event-search (official),In-person,strong,4,climate finance / investment; industrial decarbonization / manufacturing,,Not stated on official listing (unverified),unknown,Private event on official directory; eligibility not inferred,"Registration availability not observed; Private event (official page, 2026-09-10)",2026-09-10 (this pass),6,Qualified,Registration status/price/eligibility not verified.,executive-leadership-dinner-shaping-the-next-era-of-sustainable-business,"06:00pm - 11:00pm, Wednesday, September 23, 2026 701 7th Ave, Manhattan, NY, New York, 10036, United States Private event Register now Quantis 20th Anniversary Climate Week NYC Dinner: A Private Gathering for CSOs and Senior Sustainability Leaders",dinner; gathering,primary-page (official description parsed 2026-09-10),no
CW-0455,official-838,Artist Talk & Panel: 100 Practices for a Changing Climate,2026-09-23,06:30pm-07:30pm,America/New_York (assumed; NYC listing),Wagner Pavilion Classroom,,Manhattan,Battery Park City Authority,https://www.climateweeknyc.org/event-search/artist-talk-for-the-long-now?hsLang=en,https://bpca.ny.gov/event/artist-talk-for-the-long-now/,climateweeknyc.org/event-search (official),In-person,medium,3,built world / data centers / real estate  [secondary: cities / urban systems],,Not stated on official listing (unverified),unknown,Public event on official directory; eligibility not inferred,"Registration availability not observed; Public event (official page, 2026-09-10)",2026-09-10 (this pass),4,Candidate-pending-verification,Registration status/price/eligibility not verified.,artist-talk-for-the-long-now,"06:30pm - 07:30pm, Wednesday, September 23, 2026 Wagner Pavilion Classroom, 20 Battery Place, Manhattan, New York, New York, 10280, United States Public event Register now Artist Sarah Cameron Sunde will lead a participatory ritual to practice raising a new flood gate, followed by an artist talk and panel on public art and climate change. They will discuss the role of art, ritual, and listening in preparing for extreme weather events, and how they can reveal invisible infrastructure all around u",,primary-page (official description parsed 2026-09-10),yes
CW-0580,official-838,"Stewarding the AI Transition: Governance, Innovation and Long-Term Value",2026-09-23,08:00am-09:30am,America/New_York (assumed; NYC listing),Franklin Templeton Offices,,Manhattan,"US Sustainable Investment Forum , WeeFin & Franklin Templeton",https://www.climateweeknyc.org/event-search/stewarding-the-ai-transition-governance-innovation-and-long-term-value?hsLang=en,https://resources-hubspot.weefin.co/stewarding-ai-transition-roundtable,climateweeknyc.org/event-search (official),In-person,medium,2,software / data / AI infrastructure,,Not stated on official listing (unverified),unknown,Public event on official directory; eligibility not inferred,"Registration availability not observed; Public event (official page, 2026-09-10)",2026-09-10 (this pass),3,Qualified,Registration status/price/eligibility not verified.,stewarding-the-ai-transition-governance-innovation-and-long-term-value,"08:00am - 09:30am, Wednesday, September 23, 2026 Franklin Templeton Offices, One Madison Avenue, Manhattan, New York, New York, United States Public event Register now AI has rapidly moved from experimentation to everyday business use. Asset owners, asset managers and companies are increasingly focused on how to capture its benefits while maintaining appropriate governance, managing risk and controlling costs. At the same time, the key question is shifting from who is adopting AI to who is using",roundtable,primary-page (official description parsed 2026-09-10),yes
CW-0498,official-838,WX September Breakfast: What Real Estate Investors Need to Know about Energy Markets,2026-09-23,08:00am-10:00am,America/New_York (assumed; NYC listing),42 W 44th Street,,Manhattan,WX Inc. & NYECC,https://www.climateweeknyc.org/event-search/wx-september-breakfast-what-real-estate-investors-need-to-know-about-energy-markets?hsLang=en,https://www.wxnyre.com/events/wx-september-breakfast-real-estate-investors-need-know-energy-markets/,climateweeknyc.org/event-search (official),In-person,strong,4,energy / grid / power markets; climate finance / investment,,Not stated on official listing (unverified),unknown,Private event on official directory; eligibility not inferred,"Registration availability not observed; Private event (official page, 2026-09-10)",2026-09-10 (this pass),6,Qualified,Registration status/price/eligibility not verified.,wx-september-breakfast-what-real-estate-investors-need-to-know-about-energy-markets,"08:00am - 10:00am, Wednesday, September 23, 2026 42 W 44th Street, Manhattan, New York, New York, 10036, United States Private event Register now In collaboration with NYECC, WX is hosting a breakfast panel discussion on energy markets, the forces driving energy costs, and how owners can respond. The discussion will begin with an overview of energy supply markets and the regulatory and geopolitical factors that influence them. Attendees will then hear from major real estate owners across asset c",breakfast,primary-page (official description parsed 2026-09-10),yes
CW-0482,official-838,Making Steady Progress in an Unsteady World: An Interactive Breakfast Workshop,2026-09-23,08:30am-10:30am,America/New_York (assumed; NYC listing),All accepted registrants will receive the address,,Manhattan,Green Project Technologies,https://www.climateweeknyc.org/event-search/making-steady-progress-in-an-unsteady-world-an-interactive-breakfast-workshop?hsLang=en,https://go.greenprojecttech.com/gpt-nyccw-breakfast-2026?utm_source=nyccw&utm_medium=referral&utm_campaign=nyccw_2026,climateweeknyc.org/event-search (official),In-person,strong,4,energy / grid / power markets; industrial decarbonization / manufacturing,,Not stated on official listing (unverified),unknown,Private event on official directory; eligibility not inferred,"Registration availability not observed; Private event (official page, 2026-09-10)",2026-09-10 (this pass),6,Qualified,Registration status/price/eligibility not verified.,making-steady-progress-in-an-unsteady-world-an-interactive-breakfast-workshop,"08:30am - 10:30am, Wednesday, September 23, 2026 All accepted registrants will receive the address, Manhattan, New York City, New York Private event Register now Making progress for sustainability teams has gotten harder: standards are changing, regulations are in flux, budgets are under pressure, and teams are being asked to do more with less. Despite the real challenges seen today, companies are making progress. Join us for honest roundtable conversations with fellow leaders on how to build mo",roundtable,primary-page (official description parsed 2026-09-10),no
CW-0426,official-838,Kintsugi for Infrastructure;A Climate Week NYC Morning Forum,2026-09-23,08:30am-11:30am,America/New_York (assumed; NYC listing),250 W 55th St,,,"Blackhorn Ventures, Mitsubishi Electric and Morrison Foerster",https://www.climateweeknyc.org/event-search/kintsugi-for-infrastructurea-climate-week-nyc-morning-forum?hsLang=en,https://luma.com/9apmhf9l,climateweeknyc.org/event-search (official),In-person,medium,6,built world / data centers / real estate; industrial decarbonization / manufacturing; software / data / AI infrastructure,,Not stated on official listing (unverified),unknown,Private event on official directory; eligibility not inferred,"Registration availability not observed; Private event (official page, 2026-09-10)",2026-09-10 (this pass),7,Qualified,Registration status/price/eligibility not verified.,kintsugi-for-infrastructurea-climate-week-nyc-morning-forum,"08:30am - 11:30am, Wednesday, September 23, 2026 250 W 55th St, New York, New York, 10019 Private event Register now Kintsugi, the centuries-old Japanese art of repairing broken objects with gold, holds that fractures are not flaws to hide but histories to honor and that repair, done with intention, produces something stronger and more beautiful than the original. American infrastructure is having its kintsugi moment. The grid (and the workforce) is aging, the demand curve is spiking, the workfo",connect,primary-page (official description parsed 2026-09-10),yes
CW-0422,official-838,Infill Development: Market-Based Climate Solution,2026-09-23,09:00am-10:15am,America/New_York (assumed; NYC listing),395 Hudson Street,,Manhattan,"Gehl Architects, Pew, Parking Reform Network, World Resources Institute, and the Metropolitan Abundance Project",https://www.climateweeknyc.org/event-search/infill-development-market-based-climate-solution?hsLang=en,https://luma.com/parking-t19x,climateweeknyc.org/event-search (official),In-person,strong,4,built world / data centers / real estate  [secondary: cities / urban systems; transport / mobility],,Not stated on official listing (unverified),unknown,Public event on official directory; eligibility not inferred,"Registration availability not observed; Public event (official page, 2026-09-10)",2026-09-10 (this pass),6,Candidate-pending-verification,Registration status/price/eligibility not verified.,infill-development-market-based-climate-solution,,,directory-tag only (description not retrieved),yes
CW-0559,official-838,Catalytic Philanthropy: When Capital Never Stops Working | An AWE FutureMakers Session,2026-09-23,09:00am-10:30am,America/New_York (assumed; NYC listing),Address Upon Registration Confirmation,,Manhattan,AWE Foundation & AWE Funds,https://www.climateweeknyc.org/event-search/catalytic-philanthropy-when-capital-never-stops-working-an-awe-futuremakers-session?hsLang=en,https://luma.com/qtgvmmup,climateweeknyc.org/event-search (official),In-person,weak,4,industrial decarbonization / manufacturing; software / data / AI infrastructure,,Not stated on official listing (unverified),unknown,Private event on official directory; eligibility not inferred,"Registration availability not observed; Private event (official page, 2026-09-10)",2026-09-10 (this pass),4,Candidate-pending-verification,Registration status/price/eligibility not verified.,catalytic-philanthropy-when-capital-never-stops-working-an-awe-futuremakers-session,"09:00am - 10:30am, Wednesday, September 23, 2026 Address Upon Registration Confirmation, Manhattan, New York, New York, United States Private event Register now AWE Foundation & AWE Funds convene 30 leaders for an invitation-only working session on catalytic philanthropy - how evergreen, first-risk capital crowds in private investment for gender-smart climate action. Case study: the Bayer-anchored AWE Evergreen Fund",,primary-page (official description parsed 2026-09-10),yes
CW-0536,official-838,Roots to Renewal: A Green Careers Reentry Summit,2026-09-23,09:30am-03:00pm,America/New_York (assumed; NYC listing),441 East Fordham Road,,Bronx,Fordham University and The Institute for Justice and Opportunity (IJO) at John Jay College of Criminal Justice,https://www.climateweeknyc.org/event-search/roots-to-renewal-a-green-careers-reentry-summit?hsLang=en,https://luma.com/083i6f2e,climateweeknyc.org/event-search (official),In-person,medium,6,built world / data centers / real estate; energy / grid / power markets; industrial decarbonization / manufacturing,,Not stated on official listing (unverified),unknown,Public event on official directory; eligibility not inferred,"Registration availability not observed; Public event (official page, 2026-09-10)",2026-09-10 (this pass),7,Qualified,Registration status/price/eligibility not verified.,roots-to-renewal-a-green-careers-reentry-summit,"09:30am - 03:00pm, Wednesday, September 23, 2026 441 East Fordham Road, The Bronx, Bronx, New York, 10458, United States Public event Register now Roots to Renewal: A Green Careers Reentry Summit will bring together leaders across reentry, workforce development, government, philanthropy, and community to ask a critical question: How do we ensure that New York’s transition to a green economy creates opportunity and economic mobility for communities too often excluded from emerging industries? Co-",,primary-page (official description parsed 2026-09-10),no
CW-0474,official-838,"FOOD FOR HEALTH, FOOD FOR EARTH - The Mediterranean Diet at the Crossroads of Public Health, Climate Action, and Cultural Diplomacy",2026-09-23,09:30am-12:00pm,America/New_York (assumed; NYC listing),Pless Hall,,Manhattan,"NYU Steinhardt, Future Food Institute, Food and Agriculture Organization of the United Nations – FAO, Mediterranean Diet Study Center of Pollica - Permanent Secretariat of the Network of UNESCO Emblematic Communities of the Mediterranean Diet",https://www.climateweeknyc.org/event-search/food-for-health-food-for-earth-the-mediterranean-diet-at-the-crossroads-of-public-health-climate-action-and-cultural-diplomacy?hsLang=en,https://FOOD_FOR_HEALTH_FOOD_FOR_EARTH.eventbrite.com?hsLang=en,climateweeknyc.org/event-search (official),In-person,strong,1,  [secondary: cities / urban systems],,Not stated on official listing (unverified),unknown,Public event on official directory; eligibility not inferred,"Registration availability not observed; Public event (official page, 2026-09-10)",2026-09-10 (this pass),3,Candidate-pending-verification,Registration status/price/eligibility not verified.,food-for-health-food-for-earth-the-mediterranean-diet-at-the-crossroads-of-public-health-climate-action-and-cultural-diplomacy,,,directory-tag only (description not retrieved),no
CW-0467,official-838,The Jewish Climate Reception - Brought to you by The Jewish Green Business Network and Jewish Climate Trust,2026-09-23,10:00am-01:00pm,America/New_York (assumed; NYC listing),Manhattan,,Manhattan,Adamah's Jewish Green Business Network and the Jewish Climate Trust,https://www.climateweeknyc.org/event-search/the-jewish-climate-reception-brought-to-you-by-the-jewish-green-business-network-and-jewish-climate-trust?hsLang=en,https://adamah.org/event/ny-jewish-climate-reception/,climateweeknyc.org/event-search (official),In-person,strong,4,energy / grid / power markets; climate finance / investment,,Not stated on official listing (unverified),unknown,Public event on official directory; eligibility not inferred,"Registration availability not observed; Public event (official page, 2026-09-10)",2026-09-10 (this pass),6,Candidate-pending-verification,Registration status/price/eligibility not verified.,the-jewish-climate-reception-brought-to-you-by-the-jewish-green-business-network-and-jewish-climate-trust,,,directory-tag only (description not retrieved),no
CW-0480,official-838,FUSION FASHION TECH SUMMIT | THE REIMAGINATION OF GOOD CLOTHES & NO PERMISSION DINNER,2026-09-23,10:00am-05:00pm,America/New_York (assumed; NYC listing),216 E. 45th St.,,Manhattan,FUSION FASHION TECH SOCIETY | HELD IN COLLABORATION WITH LIM COLLEGE,https://www.climateweeknyc.org/event-search/fusion-fashion-tech-summit-the-reimagination-of-good-clothes-no-permission-dinner?hsLang=en,https://luma.com/pa81wmtb,climateweeknyc.org/event-search (official),In-person,strong,5,industrial decarbonization / manufacturing; software / data / AI infrastructure  [secondary: cities / urban systems],,Not stated on official listing (unverified),unknown,Public event on official directory; eligibility not inferred,"Registration availability not observed; Public event (official page, 2026-09-10)",2026-09-10 (this pass),7,Candidate-pending-verification,Registration status/price/eligibility not verified.,fusion-fashion-tech-summit-the-reimagination-of-good-clothes-no-permission-dinner,,,directory-tag only (description not retrieved),no
CW-0420,official-838,"Build More, Electrify Faster: Aligning Housing Abundance and Building Decarbonization",2026-09-23,10:30am-11:45am,America/New_York (assumed; NYC listing),395 Hudson Street,,Manhattan,"Urban Land Institute, World Resources Institute, Housing-Climate Project, and The Parking Reform Network",https://www.climateweeknyc.org/event-search/build-more-electrify-faster-aligning-housing-abundance-and-building-decarbonization?hsLang=en,https://luma.com/parking-mgwo,climateweeknyc.org/event-search (official),In-person,strong,3,built world / data centers / real estate  [secondary: cities / urban systems],,Not stated on official listing (unverified),unknown,Public event on official directory; eligibility not inferred,"Registration availability not observed; Public event (official page, 2026-09-10)",2026-09-10 (this pass),5,Candidate-pending-verification,Registration status/price/eligibility not verified.,build-more-electrify-faster-aligning-housing-abundance-and-building-decarbonization,,,directory-tag only (description not retrieved),yes
CW-0396,official-838,The Scope 3 Control Paradox | Panel & Networking Lunch,2026-09-23,11:00am-01:00pm,America/New_York (assumed; NYC listing),285 Fulton St,,Manhattan,GO2 Markets,https://www.climateweeknyc.org/event-search/the-scope-3-control-paradox-panel-networking-lunch?hsLang=en,https://luma.com/kep171yi,climateweeknyc.org/event-search (official),In-person,strong,6,energy / grid / power markets; industrial decarbonization / manufacturing; software / data / AI infrastructure,,Not stated on official listing (unverified),unknown,Public event on official directory; eligibility not inferred,"Registration availability not observed; Public event (official page, 2026-09-10)",2026-09-10 (this pass),8,Candidate-pending-verification,Registration status/price/eligibility not verified.,the-scope-3-control-paradox-panel-networking-lunch,,,directory-tag only (description not retrieved),no
CW-0454,official-838,2026 State of Supply Chain Sustainability Report Launch - MIT,2026-09-23,11:00am-12:00pm,America/New_York (assumed; NYC listing),355 West 16th Street,,Manhattan,MIT Sustainable Supply Chain Lab,https://www.climateweeknyc.org/event-search/2026-state-of-supply-chain-sustainability-report-launch?hsLang=en,https://luma.com/0abvqxra,climateweeknyc.org/event-search (official),In-person,medium,4,industrial decarbonization / manufacturing; software / data / AI infrastructure,,Not stated on official listing (unverified),unknown,Public event on official directory; eligibility not inferred,"Registration availability not observed; Public event (official page, 2026-09-10)",2026-09-10 (this pass),5,Candidate-pending-verification,Registration status/price/eligibility not verified.,2026-state-of-supply-chain-sustainability-report-launch,,,directory-tag only (description not retrieved),yes
CW-0553,official-838,Who’s Investing in Adaptation? A Family Office Roundtable,2026-09-23,11:00am-12:30pm,America/New_York (assumed; NYC listing),134 West 29th Street,,Manhattan,The Sidebar,https://www.climateweeknyc.org/event-search/whos-investing-in-adaptation-a-family-office-roundtable?hsLang=en,https://luma.com/y4rr9vy1,climateweeknyc.org/event-search (official),In-person,strong,2,climate finance / investment,,Not stated on official listing (unverified),unknown,Public event on official directory; eligibility not inferred,"Registration availability not observed; Public event (official page, 2026-09-10)",2026-09-10 (this pass),4,Candidate-pending-verification,Registration status/price/eligibility not verified.,whos-investing-in-adaptation-a-family-office-roundtable,,,directory-tag only (description not retrieved),no
CW-0400,official-838,"AEG NYC Health, Energy & Prosperity Action Challenge @ Climate Week NYC",2026-09-23,11:30am-04:30pm,America/New_York (assumed; NYC listing),250 W 34th St.,,,Advanced Energy Group,https://www.climateweeknyc.org/event-search/aeg-nyc-health-energy-equity-action-challenge-climate-week-nyc?hsLang=en,https://luma.com/nychep-cwnyc26,climateweeknyc.org/event-search (official),In-person,medium,3,energy / grid / power markets  [secondary: cities / urban systems],,Not stated on official listing (unverified),unknown,Private event on official directory; eligibility not inferred,"Registration availability not observed; Private event (official page, 2026-09-10)",2026-09-10 (this pass),4,Candidate-pending-verification,Registration status/price/eligibility not verified.,aeg-nyc-health-energy-equity-action-challenge-climate-week-nyc,"11:30am - 04:30pm, Wednesday, September 23, 2026 250 W 34th St., New York, New York, 10119, United States Private event Register now 💡 The Mission Move from high-level strategy to immediate, collective action. This interactive session brings together NYC energy stakeholders, civic leaders, and sustainability innovators to address pressing climate and equity challenges, with a localized focus starting in the Bronx. 🎯 The Core Challenge Rather than a traditional seminar, this event focuses on coll",,primary-page (official description parsed 2026-09-10),yes
CW-0521,official-838,Towards COP31 Event with Neste and Outokumpu,2026-09-23,12:00pm-01:30pm,America/New_York (assumed; NYC listing),633 3rd Ave,,Manhattan,"UN Global Compact Network Finland, Neste, Outokumpu & Miltton",https://www.climateweeknyc.org/event-search/towards-cop31-event-with-neste-and-outokumpu?hsLang=en,https://tapahtumat.globalcompact.fi/expression-of-interest-towards-cop-31,climateweeknyc.org/event-search (official),In-person,strong,2,industrial decarbonization / manufacturing,,Not stated on official listing (unverified),unknown,Private event on official directory; eligibility not inferred,"Registration availability not observed; Private event (official page, 2026-09-10)",2026-09-10 (this pass),4,Candidate-pending-verification,Registration status/price/eligibility not verified.,towards-cop31-event-with-neste-and-outokumpu,,,directory-tag only (description not retrieved),no
CW-0516,official-838,Sovereignty and Liberation Summit,2026-09-23,12:00pm-03:00pm,America/New_York (assumed; NYC listing),NYU School of Law,,Manhattan,"Taproot Earth, the Just Transition Lawyering Network (JTLN), the Global Justice Clinic at NYU School of Law, and the Bernstein Institute for Human Rights at NYU School of Law",https://www.climateweeknyc.org/event-search/sovereignty-and-liberation-summit?hsLang=en,https://secure.everyaction.com/Gl7Y0HOJyUav-zWOtKtLOA2,climateweeknyc.org/event-search (official),In-person,strong,2,climate finance / investment,,Not stated on official listing (unverified),unknown,Public event on official directory; eligibility not inferred,"Registration availability not observed; Public event (official page, 2026-09-10)",2026-09-10 (this pass),4,Candidate-pending-verification,Registration status/price/eligibility not verified.,sovereignty-and-liberation-summit,,,directory-tag only (description not retrieved),no
CW-0720,official-838,Fiduciary Duty Has a Conscience: Building Climate and Social Justice into Fund Governance,2026-09-24,01:00pm-02:00pm,America/New_York (assumed; NYC listing),150 West 62nd Street,,Manhattan,Okundaye Legal,https://www.climateweeknyc.org/event-search/fiduciary-duty-has-a-conscience-building-climate-and-social-justice-into-fund-governance?hsLang=en,https://luma.com/cwq45jee,climateweeknyc.org/event-search (official),In-person,strong,2,climate finance / investment,,Not stated on official listing (unverified),unknown,Public event on official directory; eligibility not inferred,"Registration availability not observed; Public event (official page, 2026-09-10)",2026-09-10 (this pass),4,Qualified,Registration status/price/eligibility not verified.,fiduciary-duty-has-a-conscience-building-climate-and-social-justice-into-fund-governance,"01:00pm - 02:00pm, Thursday, September 24, 2026 150 West 62nd Street, Manhattan, New York, New York, 10023, United States Public event Register now ​Fiduciary duty is still invoked as a mandate to maximize profits above all else. During Climate Week NYC, that assumption needs challenging. ​This panel will explore when fiduciary duty practically comes into play and what is required of decision-makers across the spectrum in this era of heightened climate risk. ​We will consider how stakeholders—in",social,primary-page (official description parsed 2026-09-10),no
CW-0716,official-838,Indonesia Solar Investment Forum 2026,2026-09-24,01:00pm-05:00pm,America/New_York (assumed; NYC listing),5 E 68th St,,Manhattan,SANARA Indonesia (Sustainability Network of Nusantara),https://www.climateweeknyc.org/event-search/indonesia-solar-investment-forum-2026?hsLang=en,https://luma.com/hpml01ar,climateweeknyc.org/event-search (official),In-person,strong,4,energy / grid / power markets; climate finance / investment,,Not stated on official listing (unverified),unknown,Public event on official directory; eligibility not inferred,"Registration availability not observed; Public event (official page, 2026-09-10)",2026-09-10 (this pass),6,Candidate-pending-verification,Registration status/price/eligibility not verified.,indonesia-solar-investment-forum-2026,,,directory-tag only (description not retrieved),yes
CW-0634,official-838,"New York Energy Transition Roundtable: Evaluating Pathways for a Reliable, Affordable, Low-Carbon Grid",2026-09-24,01:30pm-03:30pm,America/New_York (assumed; NYC listing),,,,"Clean Air Task Force (CATF), Cornell Atkinson Center for Sustainability, State University of New York at Binghamton",https://www.climateweeknyc.org/event-search/new-york-energy-transition-roundtable-evaluating-pathways-for-a-reliable-affordable-low-carbon-grid?hsLang=en,https://atkinson.cornell.edu/projects/nyc-climate-week/,climateweeknyc.org/event-search (official),In-person,strong,2,energy / grid / power markets,,Not stated on official listing (unverified),unknown,Private event on official directory; eligibility not inferred,"Registration availability not observed; Private event (official page, 2026-09-10)",2026-09-10 (this pass),4,Qualified,Registration status/price/eligibility not verified.,new-york-energy-transition-roundtable-evaluating-pathways-for-a-reliable-affordable-low-carbon-grid,"01:30pm - 03:30pm, Thursday, September 24, 2026 Private event Register now This roundtable will convene participants from Cornell, SUNY Binghamton, CATF, New York State, and key external partners to review the current status of the Cornell Atkinson Center for Sustainability funded joint modeling project and its ongoing sensitivity analyses. The discussion will focus on interpreting recent scenario outputs—including projected emissions trajectories, system reliability outcomes under long‑term wea",roundtable,primary-page (official description parsed 2026-09-10),yes
CW-0734,official-838,Creative Climate Forum Afternoon Workshop — Climate Storytelling in the Age of Disinformation,2026-09-24,03:00pm-04:30pm,America/New_York (assumed; NYC listing),25 11th Avenue,,Manhattan,Human Impacts Institute,https://www.climateweeknyc.org/event-search/creative-climate-forum-afternoon-workshop-climate-storytelling-in-the-age-of-disinformation?hsLang=en,https://www.eventbrite.com/e/afternoon-workshop-climate-storytelling-in-the-age-of-disinformation-tickets-1996289481578?aff=odcleoeventsincollection,climateweeknyc.org/event-search (official),In-person,medium,2,software / data / AI infrastructure,,Not stated on official listing (unverified),unknown,Public event on official directory; eligibility not inferred,"Registration availability not observed; Public event (official page, 2026-09-10)",2026-09-10 (this pass),3,Excluded-non-commercial,Registration status/price/eligibility not verified.,creative-climate-forum-afternoon-workshop-climate-storytelling-in-the-age-of-disinformation,"03:00pm - 04:30pm, Thursday, September 24, 2026 25 11th Avenue, Manhattan, New York, New York, 10011, United States Public event Register now Explore how credible climate storytelling can cut through misinformation, strengthen public trust, and keep attention focused on what matters most. Tory Stephens, Grist, and Amy Westervelt will share strategies for telling urgent stories with clarity, rigor, and impact.",,primary-page (official description parsed 2026-09-10),no
CW-0736,official-838,Creative Climate Forum Afternoon Workshop —  What About Our Kids?,2026-09-24,03:00pm-04:30pm,America/New_York (assumed; NYC listing),25 11th Avenue,,Manhattan,Human Impacts Institute,https://www.climateweeknyc.org/event-search/creative-climate-forum-afternoon-workshop-what-about-our-kids?hsLang=en,https://www.eventbrite.com/e/afternoon-workshop-cultural-narratives-of-connection-tickets-1996301494509?aff=odcleoeventsincollection,climateweeknyc.org/event-search (official),In-person,medium,1,  [secondary: cities / urban systems],,Not stated on official listing (unverified),unknown,Public event on official directory; eligibility not inferred,"Registration availability not observed; Public event (official page, 2026-09-10)",2026-09-10 (this pass),2,Qualified,Registration status/price/eligibility not verified.,creative-climate-forum-afternoon-workshop-what-about-our-kids,"03:00pm - 04:30pm, Thursday, September 24, 2026 25 11th Avenue, Manhattan, New York, New York, 10011, United States Public event Register now DearTomorrow and climate psychologist Leslie Davenport lead a reflective conversation on the responsibilities we hold to future generations. This session asks participants to consider what it means to act with care, urgency, and hope for the children who will live with the consequences of today’s choices.",,primary-page (official description parsed 2026-09-10),no
CW-0598,official-838,Preparing for Emerging Mobility: Autonomous Vehicles and Mobility Horizons,2026-09-24,03:00pm-05:00pm,America/New_York (assumed; NYC listing),Main Event Space,,Manhattan,The NYU Rudin Center and the Parking Reform Network,https://www.climateweeknyc.org/event-search/preparing-for-emerging-mobility-autonomous-vehicles-and-mobility-horizons?hsLang=en,https://luma.com/parking-bfim,climateweeknyc.org/event-search (official),In-person,strong,4,software / data / AI infrastructure  [secondary: cities / urban systems; transport / mobility],,Not stated on official listing (unverified),unknown,Public event on official directory; eligibility not inferred,"Registration availability not observed; Public event (official page, 2026-09-10)",2026-09-10 (this pass),6,Candidate-pending-verification,Registration status/price/eligibility not verified.,preparing-for-emerging-mobility-autonomous-vehicles-and-mobility-horizons,,,directory-tag only (description not retrieved),no
CW-0708,official-838,The Economics of Clean Energy & Investment Symposium,2026-09-24,03:30pm-07:30pm,America/New_York (assumed; NYC listing),Solar One Environmental Education Center at Stuyvesant Cove Park,,Manhattan,Climate Forum @ The Brant,https://www.climateweeknyc.org/event-search/the-economics-of-clean-energy-investment-symposium?hsLang=en,https://www.eventbrite.com/e/climate-week-nyc-the-economics-of-clean-energy-investment-symposium-tickets-1997743043220,climateweeknyc.org/event-search (official),In-person,medium,5,energy / grid / power markets; climate finance / investment  [secondary: cities / urban systems],,Not stated on official listing (unverified),unknown,Public event on official directory; eligibility not inferred,"Registration availability not observed; Public event (official page, 2026-09-10)",2026-09-10 (this pass),6,Qualified,Registration status/price/eligibility not verified.,the-economics-of-clean-energy-investment-symposium,"03:30pm - 07:30pm, Thursday, September 24, 2026 Solar One Environmental Education Center at Stuyvesant Cove Park, 800 FDR Drive Service Road East, Manhattan, New York, New York, 10009, United States Public event Register now Please join us for an evening on climate investing, bringing together financial leaders, policy experts, climate fund managers, and climate innovators to explore scaling capital and overcoming market hurdles. The gathering will focus on critical topics such as de-risking pri",gathering,primary-page (official description parsed 2026-09-10),yes
CW-0622,official-838,Climate Week NYC: Digital Activism Tech Lab @ Central Library - QPL,2026-09-24,04:00pm-05:00pm,America/New_York (assumed; NYC listing),89-11 Merrick Boulevard,,Queens,Queens Public Library,https://www.climateweeknyc.org/event-search/climate-week-nyc-digital-activism-tech-lab-central-library-qpl?hsLang=en,https://www.queenslibrary.org/calendar/climate-week-nyc-central-library-teen-center--digital-activism-tech-lab/001244-0726,climateweeknyc.org/event-search (official),In-person,medium,2,software / data / AI infrastructure,,Not stated on official listing (unverified),unknown,Public event on official directory; eligibility not inferred,"Registration availability not observed; Public event (official page, 2026-09-10)",2026-09-10 (this pass),3,Excluded-non-commercial,Registration status/price/eligibility not verified.,climate-week-nyc-digital-activism-tech-lab-central-library-qpl,"04:00pm - 05:00pm, Thursday, September 24, 2026 89-11 Merrick Boulevard, Queens, Jamaica, New York, 11432, United States Public event Register now How can digital media inspire change? Through digital activism, teens will use Canva and Photoshop to create digital collages, posters, memes, and other visual media exploring topics such as sustainability, climate action, environmental issues, and AI. Along the way, they’ll learn how visual storytelling can raise awareness, encourage dialogue, and in",,primary-page (official description parsed 2026-09-10),no
CW-0673,official-838,"Rooted in Faith: Action for Food, Health, and Climate Resilience",2026-09-24,04:00pm-06:00pm,America/New_York (assumed; NYC listing),229 E 60th St.,,Manhattan,"Bread for the World, Interfaith Public Health Network, Buddhist Tzu Chi Foundation, Mercy For Animals, Chilis on Wheels",https://www.climateweeknyc.org/event-search/rooted-in-faith-action-for-food-health-and-climate-resilience?hsLang=en,https://luma.com/ehnjflul,climateweeknyc.org/event-search (official),In-person,strong,1,  [secondary: cities / urban systems],,Not stated on official listing (unverified),unknown,Public event on official directory; eligibility not inferred,"Registration availability not observed; Public event (official page, 2026-09-10)",2026-09-10 (this pass),3,Candidate-pending-verification,Registration status/price/eligibility not verified.,rooted-in-faith-action-for-food-health-and-climate-resilience,,,directory-tag only (description not retrieved),no
CW-0656,official-838,"Freshfields x FTI @ Climate Week NYC: The Data Center Buildout – Sustainability, Power and Permission to Operate",2026-09-24,04:00pm-07:00pm,America/New_York (assumed; NYC listing),New York City,,,Freshfields LLP and FTI Consulting,https://www.climateweeknyc.org/event-search/freshfields-x-fti-climate-week-nyc-the-data-center-buildout-sustainability-power-and-permission-to-operate?hsLang=en,https://freshfields.eventogy.com/c/Freshfields-FTI-Climate-WeekNYC/registration,climateweeknyc.org/event-search (official),In-person,none,4,energy / grid / power markets; software / data / AI infrastructure,,Not stated on official listing (unverified),unknown,Private event on official directory; eligibility not inferred,"Registration availability not observed; Private event (official page, 2026-09-10)",2026-09-10 (this pass),2,Qualified,Registration status/price/eligibility not verified.,freshfields-x-fti-climate-week-nyc-the-data-center-buildout-sustainability-power-and-permission-to-operate,"04:00pm - 07:00pm, Thursday, September 24, 2026 New York City, United States Private event Register now As demand for AI and cloud computing drives a new wave of data center development, developers and investors are confronting increasingly complex sustainability and stakeholder challenges. With hyperscalers and infrastructure investors deploying capital at unprecedented scale, concerns over energy, water, and economic impact have become critical risks to project viability and timelines. Join us",reception,primary-page (official description parsed 2026-09-10),yes
CW-0733,official-838,"Creative Climate Forum Keynote and Closing — A Big, Bold, and Beautiful New World",2026-09-24,05:00pm-06:00pm,America/New_York (assumed; NYC listing),25 11th Avenue,,Manhattan,Human Impacts Institute,https://www.climateweeknyc.org/event-search/creative-climate-forum-keynote-and-closing-a-big-bold-and-beautiful-new-world?hsLang=en,https://www.eventbrite.com/e/keynote-and-closing-a-big-bold-and-beautiful-new-world-tickets-1996309483404?aff=odcleoeventsincollection,climateweeknyc.org/event-search (official),In-person,medium,5,energy / grid / power markets; climate finance / investment  [secondary: cities / urban systems],,Not stated on official listing (unverified),unknown,Public event on official directory; eligibility not inferred,"Registration availability not observed; Public event (official page, 2026-09-10)",2026-09-10 (this pass),6,Candidate-pending-verification,Registration status/price/eligibility not verified.,creative-climate-forum-keynote-and-closing-a-big-bold-and-beautiful-new-world,,,directory-tag only (description not retrieved),no
CW-0644,official-838,Network and Learn with RLC: The Future of Tech in Food Rescue,2026-09-24,06:15pm-08:00pm,America/New_York (assumed; NYC listing),25 Broadway,,Manhattan,Rescuing Leftover Cuisine,https://www.climateweeknyc.org/event-search/network-and-learn-with-rlc-the-role-of-tech-in-surplus-food-rescue?hsLang=en,https://www.eventbrite.com/e/network-and-learn-with-rlc-the-future-of-tech-in-food-rescue-tickets-1997156285211,climateweeknyc.org/event-search (official),In-person,strong,4,energy / grid / power markets; software / data / AI infrastructure,,Not stated on official listing (unverified),unknown,Public event on official directory; eligibility not inferred,"Registration availability not observed; Public event (official page, 2026-09-10)",2026-09-10 (this pass),6,Candidate-pending-verification,Registration status/price/eligibility not verified.,network-and-learn-with-rlc-the-role-of-tech-in-surplus-food-rescue,,,directory-tag only (description not retrieved),no
CW-0655,official-838,Net Impact Community Happy Hour at Bard College,2026-09-24,06:30pm-08:30pm,America/New_York (assumed; NYC listing),United States,,,Net Impact and Bard College,https://www.climateweeknyc.org/event-search/net-impact-community-happy-hour-at-bard-college?hsLang=en,,climateweeknyc.org/event-search (official),In-person,strong,1,  [secondary: cities / urban systems],,Not stated on official listing (unverified),unknown,Private event on official directory; eligibility not inferred,"Registration availability not observed; Private event (official page, 2026-09-10)",2026-09-10 (this pass),3,Qualified,Registration status/price/eligibility not verified.,net-impact-community-happy-hour-at-bard-college,"06:30pm - 08:30pm, Thursday, September 24, 2026 United States Private event Register now Net Impact is teaming up with Bard College for a Climate Week NYC Happy Hour to convene our community of current and past chapters, program participants, and friends of Net Impact. This event is private and registration will be required.",happy hour,primary-page (official description parsed 2026-09-10),no
CW-0609,official-838,Climate Solutions Investing: A Systems Perspective,2026-09-24,08:00am-02:00pm,America/New_York (assumed; NYC listing),Input Physical Address,,,The Global Impact Investing Network (GIIN) and HSBC,https://www.climateweeknyc.org/event-search/climate-solutions-investing-a-systems-perspective?hsLang=en,https://luma.com/ywk36rzi,climateweeknyc.org/event-search (official),In-person,strong,4,energy / grid / power markets; climate finance / investment,,Not stated on official listing (unverified),unknown,Private event on official directory; eligibility not inferred,"Registration availability not observed; Private event (official page, 2026-09-10)",2026-09-10 (this pass),6,Candidate-pending-verification,Registration status/price/eligibility not verified.,climate-solutions-investing-a-systems-perspective,,,directory-tag only (description not retrieved),yes
CW-0676,official-838,Nordic Summit: Resilient Cities - Decarbonizing the built Environment and Urban Electrification,2026-09-24,08:30am-11:00am,America/New_York (assumed; NYC listing),58 Park Avenue,,Manhattan,"The Consulates General in New York City of Denmark, Finland, Norway, Sweden, and the Icelandic Chamber of Commerce",https://www.climateweeknyc.org/event-search/nordic-summit-resilient-cities-decarbonizing-the-built-environment-and-urban-electrification?hsLang=en,https://forms.cloud.microsoft/e/cC5ufAZFzF,climateweeknyc.org/event-search (official),In-person,medium,5,built world / data centers / real estate; energy / grid / power markets  [secondary: cities / urban systems],,Not stated on official listing (unverified),unknown,Private event on official directory; eligibility not inferred,"Registration availability not observed; Private event (official page, 2026-09-10)",2026-09-10 (this pass),6,Qualified,Registration status/price/eligibility not verified.,nordic-summit-resilient-cities-decarbonizing-the-built-environment-and-urban-electrification,"08:30am - 11:00am, Thursday, September 24, 2026 58 Park Avenue, Manhattan, New York, New York, 10016, United States Private event Register now This event is a joint initiative of the Nordic Consulates in New York, convening a strategic dialogue under the working title “Nordic Summit: Resilient Cities.” The primary focus is the decarbonization of the built environment and the acceleration of urban climate transition. The event will bring together senior government officials, leading industry exec",,primary-page (official description parsed 2026-09-10),yes
CW-0732,official-838,Creative Climate Forum,2026-09-24,09:00am-08:00pm,America/New_York (assumed; NYC listing),25 11th Avenue,,Manhattan,Human Impacts Institute,https://www.climateweeknyc.org/event-search/creative-climate-forum?hsLang=en,https://www.eventbrite.com/e/creative-climate-forum-full-day-access-tickets-1995478764702?aff=odcleoeventsincollection,climateweeknyc.org/event-search (official),In-person,medium,1,  [secondary: cities / urban systems],,Not stated on official listing (unverified),unknown,Public event on official directory; eligibility not inferred,"Registration availability not observed; Public event (official page, 2026-09-10)",2026-09-10 (this pass),2,Qualified,Registration status/price/eligibility not verified.,creative-climate-forum,"09:00am - 08:00pm, Thursday, September 24, 2026 25 11th Avenue, Manhattan, New York, New York, 10011, United States Public event Register now Join us for the Creative Climate Forum! A day-long, immersive gathering on Thursday, September 24th, from 9:00 AM to 8:00 PM at Pier 57 during Climate Week NYC. This free and public event welcomes artists, youth, educators, community members, advocates, and anyone ready to explore creative tools, build new connections, and take action for a more just and s",gathering,primary-page (official description parsed 2026-09-10),no
CW-0613,official-838,Reducing Driving As Climate Action,2026-09-24,09:00am-10:30am,America/New_York (assumed; NYC listing),209 Joralemon St.,,Brooklyn,Open Plans and the Parking Reform Network,https://www.climateweeknyc.org/event-search/reducing-driving-as-climate-action?hsLang=en,https://luma.com/parking-70cz,climateweeknyc.org/event-search (official),In-person,strong,2,  [secondary: cities / urban systems; transport / mobility],,Not stated on official listing (unverified),unknown,Public event on official directory; eligibility not inferred,"Registration availability not observed; Public event (official page, 2026-09-10)",2026-09-10 (this pass),4,Qualified,Registration status/price/eligibility not verified.,reducing-driving-as-climate-action,"09:00am - 10:30am, Thursday, September 24, 2026 209 Joralemon St., Brooklyn, Brooklyn, New York, 11201, United States Public event Register now The climate movement must explicitly embrace reducing driving as a key piece of reducing emissions and building a sustainable future. Adoption of EVs has not and will not sufficiently address emissions caused by transportation, even if they were being adopted at target goals. In fact, increases in Vehicle Miles Traveled (VMT), in NYC and nationwide, are ",network,primary-page (official description parsed 2026-09-10),yes
CW-0681,official-838,Climate Week Roundtable & Panel Series hosted by AP & AP Fund for Journalism,2026-09-24,09:00am-12:00pm,America/New_York (assumed; NYC listing),200 Liberty Street,,Manhattan,Associated Press,https://www.climateweeknyc.org/event-search/climate-week-roundtable-panel-series-hosted-by-ap-ap-fund-for-journalism?hsLang=en,https://www.eventbrite.com/e/1999110626699?aff=oddtdtcreator,climateweeknyc.org/event-search (official),Hybrid,strong,2,energy / grid / power markets,,Not stated on official listing (unverified),unknown,Private event on official directory; eligibility not inferred,"Registration availability not observed; Private event (official page, 2026-09-10)",2026-09-10 (this pass),4,Candidate-pending-verification,Registration status/price/eligibility not verified.,climate-week-roundtable-panel-series-hosted-by-ap-ap-fund-for-journalism,,,directory-tag only (description not retrieved),yes
CW-0664,official-838,Fashioning Impact: DEPLOY Founder's Talk Celebrating 20 years of Pioneering Circular Fashion,2026-09-24,10:00am-11:00am,America/New_York (assumed; NYC listing),176 9th Avenue,,Manhattan,DEPLOY,https://www.climateweeknyc.org/event-search/fashioning-impact-deploy-founders-talk-celebrating-20-years-of-pioneering-circular-fashion?hsLang=en,https://luma.com/apcx1bx5,climateweeknyc.org/event-search (official),In-person,strong,1,  [secondary: cities / urban systems],,Not stated on official listing (unverified),unknown,Public event on official directory; eligibility not inferred,"Registration availability not observed; Public event (official page, 2026-09-10)",2026-09-10 (this pass),3,Candidate-pending-verification,Registration status/price/eligibility not verified.,fashioning-impact-deploy-founders-talk-celebrating-20-years-of-pioneering-circular-fashion,,,directory-tag only (description not retrieved),yes
CW-0614,official-838,Re-Envisioning the Right of Way,2026-09-24,10:45am-12:15pm,America/New_York (assumed; NYC listing),209 Joralemon St.,,Brooklyn,The Regional Plan Association and the Parking Reform Network,https://www.climateweeknyc.org/event-search/re-envisioning-the-right-of-way?hsLang=en,https://luma.com/parking-xwus,climateweeknyc.org/event-search (official),In-person,strong,2,  [secondary: cities / urban systems; transport / mobility],,Not stated on official listing (unverified),unknown,Public event on official directory; eligibility not inferred,"Registration availability not observed; Public event (official page, 2026-09-10)",2026-09-10 (this pass),4,Qualified,Registration status/price/eligibility not verified.,re-envisioning-the-right-of-way,"10:45am - 12:15pm, Thursday, September 24, 2026 209 Joralemon St., Brooklyn, Brooklyn, New York, 11201, United States Public event Register now Re-envisioning the right of way: from the road, to the curb, to the sidewalk. How can we rearrange our streets to encourage walking, biking, and transit ridership? How can we use public realm features for stormwater management and other resiliency interventions? How can we ensure congestion and curb pricing don’t just speed up traffic or make it easier t",network; social,primary-page (official description parsed 2026-09-10),no
CW-0636,official-838,AI and the Clean Energy Transition: A Working Roundtable,2026-09-24,11:00am-01:00pm,America/New_York (assumed; NYC listing),,,,Cornell Atkinson Center for Sustainability,https://www.climateweeknyc.org/event-search/ai-and-the-clean-energy-transition-a-working-roundtable?hsLang=en,https://atkinson.cornell.edu/projects/nyc-climate-week/,climateweeknyc.org/event-search (official),In-person,strong,4,energy / grid / power markets; software / data / AI infrastructure,,Not stated on official listing (unverified),unknown,Private event on official directory; eligibility not inferred,"Registration availability not observed; Private event (official page, 2026-09-10)",2026-09-10 (this pass),6,Qualified,Registration status/price/eligibility not verified.,ai-and-the-clean-energy-transition-a-working-roundtable,"11:00am - 01:00pm, Thursday, September 24, 2026 Private event Register now How do we move to the cleanest possible electricity grid as quickly as possible while meeting the surging power demand created by AI and data center growth? These are often treated as competing problems — decarbonization on one side, load growth on the other — but solving either in isolation risks undermining the other. This session treats them as a single, integrated challenge. Cornell Atkinson convenes a small, cross-se",roundtable,primary-page (official description parsed 2026-09-10),yes
CW-0586,official-838,IMPACT SUMMIT AMERICA | Impact Investing Conference for Asset Allocators,2026-09-24,11:30am-05:30pm,America/New_York (assumed; NYC listing),Harvard Club of New York City,,Manhattan,Phenix Capital Group,https://www.climateweeknyc.org/event-search/impact-summit-america?hsLang=en,https://impactevents.phenixcapitalgroup.com/impact-summit-america,climateweeknyc.org/event-search (official),In-person,medium,2,climate finance / investment,,Not stated on official listing (unverified),unknown,Private event on official directory; eligibility not inferred,"Registration availability not observed; Private event (official page, 2026-09-10)",2026-09-10 (this pass),3,Candidate-pending-verification,Registration status/price/eligibility not verified.,impact-summit-america,,,directory-tag only (description not retrieved),no
CW-0669,official-838,SR Inc's Q3 Executive Symposium: Driving Sustainability Ambition from Software to Standards,2026-09-24,12:00pm-03:30pm,America/New_York (assumed; NYC listing),Manhattan,,Manhattan,"Sustainability Roundtable, Inc.",https://www.climateweeknyc.org/event-search/sr-incs-q3-executive-symposium-driving-sustainability-ambition-from-software-to-standards?hsLang=en,mailto:events@sustainround.com,climateweeknyc.org/event-search (official),Hybrid,strong,4,energy / grid / power markets; software / data / AI infrastructure,,Not stated on official listing (unverified),unknown,Private event on official directory; eligibility not inferred,"Registration availability not observed; Private event (official page, 2026-09-10)",2026-09-10 (this pass),6,Qualified,Registration status/price/eligibility not verified.,sr-incs-q3-executive-symposium-driving-sustainability-ambition-from-software-to-standards,"12:00pm - 03:30pm, Thursday, September 24, 2026 Manhattan, New York, New York, United States Private event Register now Join our SBER Q3 Executive Symposium, which includes an executive lunch from 12:00 - 1:00pm ET, followed by our national webinar from 1:00 - 2:30pm. Following the webinar, in-person attendees can stay for networking & drinks from 2:30-3:30 pm.",drinks; lunch,primary-page (official description parsed 2026-09-10),no
CW-0588,official-838,Why Regenerative: Regenerative Textiles Forum,2026-09-24,12:00pm-04:30pm,America/New_York (assumed; NYC listing),873 Broadway,,Manhattan,Why Regenerative,https://www.climateweeknyc.org/event-search/regenerative-textiles-forum?hsLang=en,https://whyregenerative.com/climate-week,climateweeknyc.org/event-search (official),In-person,medium,1,  [secondary: cities / urban systems],,Not stated on official listing (unverified),unknown,Private event on official directory; eligibility not inferred,"Registration availability not observed; Private event (official page, 2026-09-10)",2026-09-10 (this pass),2,Qualified,Registration status/price/eligibility not verified.,regenerative-textiles-forum,"12:00pm - 04:30pm, Thursday, September 24, 2026 873 Broadway, Manhattan, New York, New York, 10010, United States Private event Register now The Regenerative Textiles Forum will focus on cotton and textiles as powerful leverage points for climate action, exploring how regenerative organic practices can transform supply chains from soil to finished product.",,primary-page (official description parsed 2026-09-10),yes
CW-0648,official-838,The Sustainable Cities Summit,2026-09-24,12:00pm-05:00pm,America/New_York (assumed; NYC listing),New York City Economic Development Corporation (NYCEDC) One Liberty Plaza,,Manhattan,"TYLin, Introba, Currie & Brown, Perkins & Will, Sidara",https://www.climateweeknyc.org/event-search/the-sustainable-cities-summit?hsLang=en,,climateweeknyc.org/event-search (official),In-person,medium,5,built world / data centers / real estate; energy / grid / power markets  [secondary: cities / urban systems],,Not stated on official listing (unverified),unknown,Public event on official directory; eligibility not inferred,"Registration availability not observed; Public event (official page, 2026-09-10)",2026-09-10 (this pass),6,Qualified,Registration status/price/eligibility not verified.,the-sustainable-cities-summit,"12:00pm - 05:00pm, Thursday, September 24, 2026 New York City Economic Development Corporation (NYCEDC) One Liberty Plaza, 165 Broadway,, Manhattan, New York, New York, 10006, United States Public event Register now Bringing together city and state officials, policymakers, non-profit leaders, and climate-focused private organizations from across the five boroughs and the broader tri-state region to advance concrete, near-term strategies for building a more climate-resilient New York City and Nor",,primary-page (official description parsed 2026-09-10),no
CW-0667,official-838,"13th Annual Alumni in Energy Symposium ""Planning During a Turbulent Energy Transition""",2026-09-24,12:30pm-05:45pm,America/New_York (assumed; NYC listing),31 W 52nd - St Ste 1900,,Manhattan,Vermont Law and Graduate School,https://www.climateweeknyc.org/event-search/13th-annual-alumni-in-energy-symposium-planning-during-a-turbulent-energy-transition?hsLang=en,https://nysba.org/events/institute-for-energy-and-the-environment-alumni-in-energy-symposium/,climateweeknyc.org/event-search (official),Hybrid,medium,2,energy / grid / power markets,,Not stated on official listing (unverified),unknown,Public event on official directory; eligibility not inferred,"Registration availability not observed; Public event (official page, 2026-09-10)",2026-09-10 (this pass),3,Candidate-pending-verification,Registration status/price/eligibility not verified.,13th-annual-alumni-in-energy-symposium-planning-during-a-turbulent-energy-transition,"12:30pm - 05:45pm, Thursday, September 24, 2026 31 W 52nd - St Ste 1900, Manhattan, New York, New York, 10019, United States Public event Register now Schedule of events include: 12:00-1:00 Doors Open – Networking 1:00-1:10 Opening Remarks 1:10-2:20 PANEL #1: Optimizing the Electric Transmission Grid – FERC Order 1920 and Beyond 2:20-2:35 Networking Break 2:35-3:45 PANEL #2: FERC’s Changing Policies and Practices for Approving Natural Gas Infrastructure 3:45-4:00 Networking Break 4:00-5:10 PANEL",,primary-page (official description parsed 2026-09-10),yes
CW-0781,official-838,Pilina Across the Pae'āina: A Climate Week Gathering,2026-09-25,02:00pm-06:00pm,America/New_York (assumed; NYC listing),58 Park Avenue,,Manhattan,Hawai'i Green Growth and Causeway Impact,https://www.climateweeknyc.org/event-search/pilina-across-the-paeaina-a-climate-week-gathering?hsLang=en,https://luma.com/kmrafvwb,climateweeknyc.org/event-search (official),In-person,strong,3,climate finance / investment  [secondary: cities / urban systems],,Not stated on official listing (unverified),unknown,Private event on official directory; eligibility not inferred,"Registration availability not observed; Private event (official page, 2026-09-10)",2026-09-10 (this pass),5,Candidate-pending-verification,Registration status/price/eligibility not verified.,pilina-across-the-paeaina-a-climate-week-gathering,,,directory-tag only (description not retrieved),no
CW-0760,official-838,Scaling Global Climate Solutions through Culture and Heritage: The Plan to Accelerate Heritage-Informed Decarbonization,2026-09-25,08:00am-11:30am,America/New_York (assumed; NYC listing),11 E Loop Rd,,Manhattan,"Climate Heritage Network, Cornell Atkinson Center for Sustainability, Cornell Gensler Family AAP NYC Center, Cornell AAP",https://www.climateweeknyc.org/event-search/scaling-global-climate-solutions-through-culture-and-heritage-the-plan-to-accelerate-heritage-informed-decarbonization?hsLang=en,https://www.eventbrite.com/e/scaling-global-climate-solutions-through-culture-and-heritage-tickets-1997803730738,climateweeknyc.org/event-search (official),In-person,strong,3,built world / data centers / real estate  [secondary: cities / urban systems],,Not stated on official listing (unverified),unknown,Public event on official directory; eligibility not inferred,"Registration availability not observed; Public event (official page, 2026-09-10)",2026-09-10 (this pass),5,Candidate-pending-verification,Registration status/price/eligibility not verified.,scaling-global-climate-solutions-through-culture-and-heritage-the-plan-to-accelerate-heritage-informed-decarbonization,,,directory-tag only (description not retrieved),yes
CW-0765,official-838,Korea Climate Tech Summit 2026,2026-09-25,08:30am-05:00pm,America/New_York (assumed; NYC listing),2 Pennsylvania Plaza,,Manhattan,Witness Creative Partners,https://www.climateweeknyc.org/event-search/korea-climate-tech-summit-2026?hsLang=en,https://luma.com/l2n9q5id,climateweeknyc.org/event-search (official),In-person,medium,6,energy / grid / power markets; climate finance / investment; software / data / AI infrastructure,,Not stated on official listing (unverified),unknown,Public event on official directory; eligibility not inferred,"Registration availability not observed; Public event (official page, 2026-09-10)",2026-09-10 (this pass),7,Candidate-pending-verification,Registration status/price/eligibility not verified.,korea-climate-tech-summit-2026,,,directory-tag only (description not retrieved),no
CW-0753,official-838,"Global Forum on Circular Economy and Urban Resilience (Initiated by City of Yokohama, Japan)",2026-09-25,09:00am-04:00am,America/New_York (assumed; NYC listing),135 W 50th St,,Manhattan,City of Yokohama,https://www.climateweeknyc.org/event-search/global-forum-on-circular-economy-and-urban-resilience-initiated-by-city-of-yokohama?hsLang=en,https://luma.com/ohk6hfn7,climateweeknyc.org/event-search (official),In-person,medium,3,industrial decarbonization / manufacturing  [secondary: cities / urban systems],,Not stated on official listing (unverified),unknown,Public event on official directory; eligibility not inferred,"Registration availability not observed; Public event (official page, 2026-09-10)",2026-09-10 (this pass),4,Candidate-pending-verification,Registration status/price/eligibility not verified.,global-forum-on-circular-economy-and-urban-resilience-initiated-by-city-of-yokohama,,,directory-tag only (description not retrieved),no
CW-0757,official-838,"Climate TechWalk | NYC, 9/25 w/ GrandResolve",2026-09-25,09:00am-10:00am,America/New_York (assumed; NYC listing),Central Park,,Manhattan,TechWalk w/ GrandResolve,https://www.climateweeknyc.org/event-search/climate-techwalk-nyc-925-w-grandresolve?hsLang=en,https://luma.com/pffisc1x,climateweeknyc.org/event-search (official),In-person,none,5,industrial decarbonization / manufacturing; software / data / AI infrastructure  [secondary: cities / urban systems],,Not stated on official listing (unverified),unknown,Public event on official directory; eligibility not inferred,"Registration availability not observed; Public event (official page, 2026-09-10)",2026-09-10 (this pass),3,Candidate-pending-verification,Registration status/price/eligibility not verified.,climate-techwalk-nyc-925-w-grandresolve,,,directory-tag only (description not retrieved),no
CW-0742,official-838,US SIF 'Brunch-and-Learn': How AI Can Help Investors Navigate Interconnected Sustainability Risks,2026-09-25,09:00am-11:00am,America/New_York (assumed; NYC listing),50 Rockefeller Plaza,,Manhattan,US SIF: The Sustainable Investment Forum,https://www.climateweeknyc.org/event-search/us-sif-brunch-and-learn-how-ai-can-help-investors-navigate-interconnected-sustainability-risks?hsLang=en,https://www.ussif.org/events-and-networking/nyc-climate-week-brunch-and-learn-how-ai-can-help-investors-navigate-interconnected-risks-through-systems-aware-investing,climateweeknyc.org/event-search (official),In-person,strong,4,climate finance / investment; software / data / AI infrastructure,,Not stated on official listing (unverified),unknown,Public event on official directory; eligibility not inferred,"Registration availability not observed; Public event (official page, 2026-09-10)",2026-09-10 (this pass),6,Qualified,Registration status/price/eligibility not verified.,us-sif-brunch-and-learn-how-ai-can-help-investors-navigate-interconnected-sustainability-risks,"09:00am - 11:00am, Friday, September 25, 2026 50 Rockefeller Plaza, Suite 1600, Manhattan, New York, New York, 10020, United States Public event Register now Today's investors face risks that extend far beyond the financial performance of individual companies. Climate instability, biodiversity loss, economic exclusion, geopolitical uncertainty, public health challenges, and other interconnected forces increasingly shape long-term market outcomes. Understanding these systems-level risks is becomi",,primary-page (official description parsed 2026-09-10),yes
CW-0780,official-838,Mental Health in a Disastrous Climate: Catalyzing Our Feelings to Mobilize Action for a Better Tomorrow,2026-09-25,11:00am-01:00pm,America/New_York (assumed; NYC listing),406A Comfort Road,,Manhattan,"Climate Cafe NYC, Climate Imaginarium, Climate Mental Health Network, Climate Psychology Alliance of North America, Good Grief Network, Humanity&Planet, Climate Junction",https://www.climateweeknyc.org/event-search/mental-health-in-a-disastrous-climate-catalyzing-our-feelings-to-mobilize-action-for-a-better-tomorrow?hsLang=en,https://luma.com/1u9h5u2m,climateweeknyc.org/event-search (official),In-person,strong,1,  [secondary: cities / urban systems],,Not stated on official listing (unverified),unknown,Public event on official directory; eligibility not inferred,"Registration availability not observed; Public event (official page, 2026-09-10)",2026-09-10 (this pass),3,Candidate-pending-verification,Registration status/price/eligibility not verified.,mental-health-in-a-disastrous-climate-catalyzing-our-feelings-to-mobilize-action-for-a-better-tomorrow,,,directory-tag only (description not retrieved),no
CW-0776,official-838,Musical Chairs as Commons: The Resource Challenge,2026-09-25,12:30pm-02:00pm,America/New_York (assumed; NYC listing),150 1st Ave,,Manhattan,"Swissnex, DISSCO Dissemination–Science–Communication, Swiss Federal Office of Energy, Paul Scherrer Institut",https://www.climateweeknyc.org/event-search/musical-chairs-as-commons-the-resource-challenge?hsLang=en,https://swissnex.org/boston/event/assembly-musical-chairs-as-commons/,climateweeknyc.org/event-search (official),In-person,medium,1,  [secondary: cities / urban systems],,Not stated on official listing (unverified),unknown,Public event on official directory; eligibility not inferred,"Registration availability not observed; Public event (official page, 2026-09-10)",2026-09-10 (this pass),2,Candidate-pending-verification,Registration status/price/eligibility not verified.,musical-chairs-as-commons-the-resource-challenge,,,directory-tag only (description not retrieved),no
CW-0801,official-838,Transformative Impact Summit 2026,2026-09-26,09:30am-05:00pm,America/New_York (assumed; NYC listing),Manhattan,,Manhattan,Transformative,https://www.climateweeknyc.org/event-search/transformative-impact-summit-2026?hsLang=en,https://luma.com/t6ctea7d,climateweeknyc.org/event-search (official),In-person,medium,4,climate finance / investment; software / data / AI infrastructure,,Not stated on official listing (unverified),unknown,Public event on official directory; eligibility not inferred,"Registration availability not observed; Public event (official page, 2026-09-10)",2026-09-10 (this pass),5,Qualified,Registration status/price/eligibility not verified.,transformative-impact-summit-2026,"09:30am - 05:00pm, Saturday, September 26, 2026 Manhattan, New York City, New York, United States Public event Register now Transformative Impact Summit returns to NYC Climate Week! Impact is too siloed. People, organizations, and events tend to focus on one area of impact - clean oceans, financial inclusion, regenerative agriculture, and so on. Transformative brings the entire impact ecosystem together with three goals: 1. Showcase the work of those doing good 2. Break down the siloes between t",gathering; showcase,primary-page (official description parsed 2026-09-10),yes
CW-0802,official-838,BIPOC Climate Justice Summit,2026-09-26,09:30am-06:30pm,America/New_York (assumed; NYC listing),200 Central Park W,,Manhattan,"HBCU Green Fund, ACE Observatory, National Technical Association, Columbia Climate School, American Museum of Natural History",https://www.climateweeknyc.org/event-search/bipoc-climate-justice-summit?hsLang=en,https://events.humanitix.com/climatejusticesummit2026,climateweeknyc.org/event-search (official),In-person,medium,1,  [secondary: cities / urban systems],,Not stated on official listing (unverified),unknown,Public event on official directory; eligibility not inferred,"Registration availability not observed; Public event (official page, 2026-09-10)",2026-09-10 (this pass),2,Candidate-pending-verification,Registration status/price/eligibility not verified.,bipoc-climate-justice-summit,,,directory-tag only (description not retrieved),no
CW-0825,official-838,"Climate Pitch Session, GTT x Climate Week NYC 2026",2026-09-27,10:00am-12:30pm,America/New_York (assumed; NYC listing),Online,,,Green Teen Team Onlus,https://www.climateweeknyc.org/event-search/climate-pitch-session-gtt-x-climate-week-nyc-2026?hsLang=en,https://gomry.com/l/LsNJSia,climateweeknyc.org/event-search (official),Hybrid,strong,1,  [secondary: cities / urban systems],,Not stated on official listing (unverified),unknown,Public event on official directory; eligibility not inferred,"Registration availability not observed; Public event (official page, 2026-09-10)",2026-09-10 (this pass),3,Qualified,Registration status/price/eligibility not verified.,climate-pitch-session-gtt-x-climate-week-nyc-2026,"10:00am - 12:30pm, Sunday, September 27, 2026 Online Public event Register now Green Teen Team (GTT) is hosting a Student Climate Pitch Session during Climate Week NYC 2026, bringing together students and young professionals to share bold ideas for climate action. Selected participants will present climate projects submitted in advance, followed by an open discussion where attendees can engage with the ideas, ask questions, and exchange perspectives. At the end of the session, the audience will ",pitch,primary-page (official description parsed 2026-09-10),yes
ECO-ny-climate-week-kick-off,ecosystem-luma,NY Climate Week Kick-off,unknown,,America/New_York,860 Washington St,Midtown,,Ex-Tesla leaders,,https://partiful.com/e/N78BMVP7EcwQlLKKzIqM,CTVC guide (luma.com/nycwguide2026),Social,medium,4,Social,,Not stated (unverified),unknown,Registration/approval required (Luma); eligibility not verified.,Not observed,2026-09-10 (this pass),5,Candidate-pending-verification,Registration status/eligibility not fully verified.,,,,ecosystem-primary (Luma registration page),no
ECO-outrunco2,ecosystem-luma,OutRun CO2 Club,2026-09-21,06:30–08:30,America/New_York,On Flagship Store NYC Flatiron,Midtown,,"Sophie Purdom, Tom McQuillen, Dan Fitzgerald",,https://luma.com/outrunco2,CTVC guide (luma.com/nycwguide2026),Social / run club,medium,4,Social / run club,,Not stated (unverified),Free (listed ticket),Registration available subject to listed capacity/status; eligibility not independently established.,Registration open (Luma primary page),2026-09-10T22:13:01.474475+00:00,5,Qualified,Registration status/eligibility not fully verified.,outrunco2,"Join Onto Ventures & Planeteer Capital for our fourth annual OutRun CO2 Club — kicking off NYCW at the starting line!
Reconnect with climate friends, log a few morning miles before a packed week, and compete for some new gear from On!
What: Out-and-back 5k on the Hudson River Greenway (aka Club Westside Highway, iykyk)
Where: On Flagship Store, Flatiron @162 5th Ave
When:
6:30am - Cloudrise Cyclon & Light Spray shoe demo
⏰ 7:00am - We lace up & run! ⏰
7:45am - non-runners welcome to join in-store for networking
Who: Climate founders, funders, scientists, enthusiasts, + special guests!
Treats: ",connect,ecosystem-primary (Luma structured event data independently verified 2026-09-10),yes
ECO-fwyj13ky,ecosystem-luma,Future Currence,unknown,,America/New_York,,Midtown Manhattan,Manhattan,Currence Events,,https://luma.com/fwyj13ky,CTVC guide (luma.com/nycwguide2026),Conference,medium,6,Conference,,Not stated (unverified),unknown,Registration/approval required (Luma); eligibility not verified.,Not observed,2026-09-10 (this pass),7,Candidate-pending-verification,Registration status/eligibility not fully verified.,fwyj13ky,"Full agenda on the event website: future.currence.ai
Imagine the power system in 2030 What does it look like? How is it shaped for, and by, AI? How does it…",,"ecosystem-primary (Luma registration page, 2026-09-10)",no
ECO-mtyh1vsw,ecosystem-luma,NYCW: Rewiring User Habits for Product-Market-Earth Fit,unknown,,America/New_York,,Manhattan,Manhattan,Climate Conscious Leaders,,https://luma.com/mtyh1vsw,CTVC guide (luma.com/nycwguide2026),Panel,medium,5,Panel,,Not stated (unverified),$10,Registration/approval required (Luma); eligibility not verified.,Not observed,2026-09-10 (this pass),6,Candidate-pending-verification,Registration status/eligibility not fully verified.,mtyh1vsw,"When building sustainable products, energy usage and supply chains only tell half the story. A significant part of a product’s environmental footprint can come…",,"ecosystem-primary (Luma registration page, 2026-09-10)",yes
ECO-yg28ttv9,ecosystem-luma,Advancing Energy Innovation for a Resilient Urban Future,unknown,,America/New_York,Peter Cooper Village,East Village,,The New York Climate Exchange,,https://luma.com/yg28ttv9,CTVC guide (luma.com/nycwguide2026),Panel,medium,6,Panel,,Not stated (unverified),unknown,Registration/approval required (Luma); eligibility not verified.,Not observed,2026-09-10 (this pass),7,Candidate-pending-verification,Registration status/eligibility not fully verified.,yg28ttv9,"Join climate innovators, investors, policymakers, ecosystem enablers and industry experts at The Brant, Solar One's waterfront event space, for an exclusive…",,"ecosystem-primary (Luma registration page, 2026-09-10)",yes
ECO-li688az3,ecosystem-luma,Narrative Change Summit @ Climate Week NYC,unknown,,America/New_York,SVA Theatre,,,Climate Film Festival,,https://luma.com/li688az3,CTVC guide (luma.com/nycwguide2026),Summit,strong,3,Summit,,Not stated (unverified),unknown,Registration/approval required (Luma); eligibility not verified.,Not observed,2026-09-10 (this pass),5,Excluded-non-commercial,Registration status/eligibility not fully verified.,li688az3,"Narrative Change Summit

A part of the Climate Film Festival • Climate Week NYC 2026
📅 Monday, September 21 • 9:30 AM – 7:00 PM
📍 SVA Theatre, Chelsea

How…",,"ecosystem-primary (Luma registration page, 2026-09-10)",no
ECO-3d8g6aro,ecosystem-luma,A new West: The power of electricity markets to drive clean energy innovation and deployment,unknown,,America/New_York,"EDF New York City Office, 257 Park Ave S, 17th Floor",Gramercy,,EDF,,https://luma.com/3d8g6aro,CTVC guide (luma.com/nycwguide2026),Panel,medium,6,Panel,,Not stated (unverified),unknown,Registration/approval required (Luma); eligibility not verified.,Not observed,2026-09-10 (this pass),7,Candidate-pending-verification,Registration status/eligibility not fully verified.,3d8g6aro,The Western U.S. is entering a once-in-a-generation moment that will shape how electricity is shared across the region for decades to come. As electricity…,,"ecosystem-primary (Luma registration page, 2026-09-10)",no
ECO-931iahvl,ecosystem-luma,Sea Change: How the Ocean Anchors American Re-industrialization,unknown,,America/New_York,,Midtown East,,Propeller and J.P. Morgan,,https://luma.com/931iahvl,CTVC guide (luma.com/nycwguide2026),Panel,medium,6,Panel,,Not stated (unverified),unknown,Registration/approval required (Luma); eligibility not verified.,Not observed,2026-09-10 (this pass),7,Candidate-pending-verification,Registration status/eligibility not fully verified.,931iahvl,"Is the ocean the platform for rebuilding the American economy?
Come engage with experts working on grid-scale nuclear built in shipyards, wind powered data…",,"ecosystem-primary (Luma registration page, 2026-09-10)",yes
ECO-making-better-climate-bets,ecosystem-luma,Making Better Climate Bets,unknown,,America/New_York,WSA,,,"TEA Commons, Bakar Labs for Energy & Materials, CLEAR",,https://teacommons.itm.studio/m/making-better-climate-bets,CTVC guide (luma.com/nycwguide2026),Workshop,medium,4,Workshop,,Not stated (unverified),unknown,Registration/approval required (Luma); eligibility not verified.,Not observed,2026-09-10 (this pass),5,Candidate-pending-verification,Registration status/eligibility not fully verified.,,,,ecosystem-primary (Luma registration page),no
ECO-rebalanceny2026,ecosystem-luma,Rebalance New York 2026: CSO Summit,2026-09-21,12:00–17:00,America/New_York,,Manhattan,Manhattan,Rebalance,,https://luma.com/rebalanceny2026,CTVC guide (luma.com/nycwguide2026),Conference,strong,6,Conference,,Not stated (unverified),Free (listed ticket),Host approval required; eligibility not independently established. Closed-door summit for senior sustainability leaders; primary description says no vendors or their pitches.,Registration open; approval required (Luma primary page),2026-09-10T22:13:01.474475+00:00,8,Strong-qualified,Registration status/eligibility not fully verified.,rebalanceny2026,"Rebalance NY 2026: A Climate Week NYC executive experience for corporate sustainability leaders
Curated by Patch, co-hosted by ServiceNow
AI is reshaping what's possible in climate work, and what's expected of you. In 2026, the pressure to deliver on net zero commitments is real, the tools are evolving fast, and the right answers aren't obvious yet.
Rebalance is a closed-door summit for senior sustainability leaders to work through it together. No vendors or their pitches will be present, so expect to have focused conversation with some of the most senior global sustainability leaders navigati",,ecosystem-primary (Luma structured event data independently verified 2026-09-10),yes
ECO-86kuxkmb,ecosystem-luma,Becoming a Climate Angel with E8,unknown,,America/New_York,Zoom (virtual),,,E8 Angels,,https://luma.com/86kuxkmb,CTVC guide (luma.com/nycwguide2026),Panel / virtual,medium,5,Panel / virtual,,Not stated (unverified),unknown,Registration/approval required (Luma); eligibility not verified.,Not observed,2026-09-10 (this pass),6,Candidate-pending-verification,Registration status/eligibility not fully verified. Also on official directory (row CW-0100) but not auto-qualified by the theme/format filter; retained on ecosystem evidence.,86kuxkmb,"Thinking about your first climate investment?
Join E8 for a working session on how to start or accelerate your climate investing. We'll cover cleantech…",,"ecosystem-primary (Luma registration page, 2026-09-10)",yes
ECO-2573ugow,ecosystem-luma,Retrofits for Resilience: From Policy to Implementation,unknown,,America/New_York,Register to see location,,,Urban Future Lab,,https://luma.com/2573ugow,CTVC guide (luma.com/nycwguide2026),,medium,6,,,Not stated (unverified),unknown,Registration/approval required (Luma); eligibility not verified.,Not observed,2026-09-10 (this pass),7,Candidate-pending-verification,Registration status/eligibility not fully verified.,2573ugow,"For Climate Week 2026, the Urban Future Lab at NYU Tandon School of Engineering presents Retrofits for Resilience: From Policy to Implementation in partnership…",,"ecosystem-primary (Luma registration page, 2026-09-10)",no
ECO-enduring-71ie,ecosystem-luma,NYCW 2026: Fundraising for Climate Hardware and Deeptech,unknown,,America/New_York,,Midtown South,,"Dimitry Gershenson, Hannah Friedman, Elke Trilla, Daniel Wanjira",,https://luma.com/enduring-71ie,CTVC guide (luma.com/nycwguide2026),Workshop,medium,7,Workshop,,Not stated (unverified),unknown,Registration/approval required (Luma); eligibility not verified.,Not observed,2026-09-10 (this pass),8,Candidate-pending-verification,Registration status/eligibility not fully verified.,enduring-71ie,"Context: A half-day fundraising workshop built specifically for hardware and durable-asset climate startups. Bringing together the founders, CFOs, and…",,"ecosystem-primary (Luma registration page, 2026-09-10)",yes
ECO-ztju6mc0,ecosystem-luma,The Future of Carbon Finance: Scaling Finance for Nature-based Climate Solutions,unknown,,America/New_York,,Midtown South,,,,https://luma.com/ztju6mc0,CTVC guide (luma.com/nycwguide2026),Panel,medium,6,Panel,,Not stated (unverified),unknown,Registration/approval required (Luma); eligibility not verified.,Not observed,2026-09-10 (this pass),7,Candidate-pending-verification,Registration status/eligibility not fully verified.,ztju6mc0,"Financing for nature-based climate solutions needs to look a lot more like infrastructure project finance
Presented by Stanford Woods Institute for the…",,"ecosystem-primary (Luma registration page, 2026-09-10)",yes
ECO-f28zsvbi,ecosystem-luma,Pre-Climate Week Happy Hour,2026-09-10,17:00–19:00,America/New_York,Stout NYC,,,FischTank PR,,https://luma.com/f28zsvbi,ClimateTechList calendar (lu.ma/climate-week),Happy hour,strong,4,Happy hour,,Not stated (unverified),Free (listed ticket),Host approval required; eligibility not independently established.,Sold out; approval required (Luma primary page),2026-09-10T22:13:01.474475+00:00,6,Excluded-outside-date-window,"Registration status/eligibility not fully verified. Primary date is September 10, outside this package’s September 16–30 adjacent-date research window; not a Climate Week attendance recommendation.",f28zsvbi,"Join FischTank PR and Renown Capital Partners for a casual Pre-Climate Week happy hour. We'll gather investors, business leaders, journalists, and other industry folks to connect and compare notes ahead of NYCW.
Happy hour will be held at Stout NYC - Bryant Park location - 109 W 39th St, New York, NY 10018 . Drinks and food included.
Please RSVP if you can make it!",happy hour,ecosystem-primary (Luma structured event data independently verified 2026-09-10),yes
ECO-im4qf8k8,ecosystem-luma,Columbia Climate School Global Impact Lab: Community Kickoff & Mixer,2026-09-16,15:30–17:30,America/New_York,,Upper Manhattan,Manhattan,"Columbia Climate School, Global Impact Lab",,https://luma.com/im4qf8k8,ClimateTechList calendar (lu.ma/climate-week),Kickoff + mixer,strong,5,Kickoff + mixer,,Not stated (unverified),Free (listed ticket),Registration available subject to listed capacity/status; eligibility not independently established.,Sold out (Luma primary page),2026-09-10T22:13:01.474475+00:00,7,Qualified,Registration status/eligibility not fully verified.,im4qf8k8,"Join us for an open networking event featuring the next generation of climate innovations from Columbia researchers, faculty, and startups! Come see the climate challenge from every angle ahead of Climate Week NYC.The week before Climate Week NYC, the Columbia Climate School’s Global Impact Lab is opening its doors for a community kickoff. Join us for an afternoon dedicated to introducing climate initiatives grounded in research!
Climate challenges are impacting people and places everywhere, and require approaches that extend beyond politics and industry silos. Our Global Impact Lab teams tack",network,ecosystem-primary (Luma structured event data independently verified 2026-09-10),yes
ECO-gtealoor,ecosystem-luma,Climate Week Kickoff Summit: Decarbonizing Real Estate,2026-09-17,08:00–15:30,America/New_York,Perkins Eastman,,,"Scott Donachie, Muuku, Gustavo & Vitor",,https://luma.com/gtealoor,ClimateTechList calendar (lu.ma/climate-week),Summit,strong,7,Summit,,Not stated (unverified),USD 500.00 (listed paid ticket; check ticket-specific conditions),Ticket-specific: USD 500 non-member ticket is listed without approval; free speaker/member categories require approval. Confirm selected ticket availability; no admission guarantee.,Registration open; approval depends on ticket category (Luma primary page),2026-09-10T22:13:01.474475+00:00,9,Strong-qualified,"Registration status/eligibility not fully verified. Earlier blanket sold-out label was incorrect: a speaker ticket name contained ""sold out""; event-level primary registration state is open.",gtealoor,"Summit Agenda
Decarbonizing NYC Buildings: Compliance, Capital & Technology
9:00 AM – 9:10 AM
Welcome & Opening Remarks: Setting the Stage for Deep Decarbonization
Speakers:
Alkis Klimathianos, Co-Managing Principal, Perkins Eastman Linkedin
9:10 AM – 9:50 AM
Navigating NYC Building Compliance and Decarbonization
Building decarbonization roadmaps, compliance planning, financing electrification, state incentives, and grid readiness.
Moderator: Jordana Viuker, Senior Associate, Perkins Eastman
Lindsay Robbins, Senior Director of Market Innovation & Sustainability, Community Preservation Corporat",,ecosystem-primary (Luma structured event data independently verified 2026-09-10),yes
ECO-axgd6tdy,ecosystem-luma,AI for Good NYC x Dev Days with Microsoft Frontier Company (Climate Week Edition),unknown,,America/New_York,,Times Square,,AI for Good NYC / Microsoft Frontier Company,,https://luma.com/axgd6tdy,ClimateTechList calendar (lu.ma/climate-week),Meetup / product demos,medium,7,Meetup / product demos,,Not stated (unverified),unknown,Registration/approval required (Luma); eligibility not verified.,Not observed,2026-09-10 (this pass),8,Candidate-pending-verification,Registration status/eligibility not fully verified.,axgd6tdy,Join the AI for Good NYC community x Microsoft Frontier Company to put AI to work on the world's most pressing problems. We invite mission-driven organizations…,,"ecosystem-primary (Luma registration page, 2026-09-10)",yes
ECO-ka3uxc6b,ecosystem-luma,Health in Climate AI Hackathon NYC,unknown,,America/New_York,,Roosevelt Island,,Seema Wadhwa et al.,,https://luma.com/ka3uxc6b,ClimateTechList calendar (lu.ma/climate-week),Hackathon,medium,5,Hackathon,,Not stated (unverified),unknown,Registration/approval required (Luma); eligibility not verified.,Not observed,2026-09-10 (this pass),6,Candidate-pending-verification,Registration status/eligibility not fully verified.,ka3uxc6b,"Health in Climate with the United Nations Climate Change Global Innovation Hub is back with our third Hackathon on September 19–20, 2026 at Cornell Tech in New…",,"ecosystem-primary (Luma registration page, 2026-09-10)",no
ECO-9fzon3m7,ecosystem-luma,Climate Stakeholder Gathering: NYCW 2026,2026-09-19,21:00–22:00,America/New_York,"New York, NY",,,,,https://luma.com/9fzon3m7,ClimateTechList calendar (lu.ma/climate-week),Gathering,medium,3,Gathering,,Not stated (unverified),USD 19.00 (listed paid ticket; check ticket-specific conditions),Host approval required; eligibility not independently established.,Registration open; approval required (Luma primary page),2026-09-10T22:13:01.474475+00:00,4,Qualified,Registration status/eligibility not fully verified.,9fzon3m7,"Event Description
Climate change is a global, dynamic, complex problem. To solve the problem at scale, in time, with limited resources, we need stakeholder engagement with different responsibilities.
The networking mixer is designed to bring together climate founders, investors, builders, and operators in a friendly gathering place. So that people are able to listen, question, and learn from different perspectives.
To maximize your networking experience, we highly recommend that each participant prepare 3-5 small lead magnets(resources, jobs, people, tools, etc) to others who are looking for s",,ecosystem-primary (Luma structured event data independently verified 2026-09-10),no
ECO-ayvvedjh,ecosystem-luma,Resilience Without Borders,unknown,,America/New_York,,Murray Hill,,Aga Khan Foundation USA - Northeast,,https://luma.com/ayvvedjh,ClimateTechList calendar (lu.ma/climate-week),,medium,3,,,Not stated (unverified),unknown,Registration/approval required (Luma); eligibility not verified.,Not observed,2026-09-10 (this pass),4,Candidate-pending-verification,Registration status/eligibility not fully verified. Also on official directory (row CW-0027) but not auto-qualified by the theme/format filter; retained on ecosystem evidence.,ayvvedjh,"Community-Led Coastal Regeneration Through Nature, Innovation, and Local Action
A Panel Discussion in Partnership with Aga Khan Foundation USA, Waterfront…",,"ecosystem-primary (Luma registration page, 2026-09-10)",no
ECO-csoplus1-breakfast,ecosystem-luma,CSO+1 Breakfast: The Unusual Suspects,2026-09-21,08:00–09:15,America/New_York,,Midtown South,,REGEN HOUSE,,https://luma.com/CSOplus1-breakfast,ClimateTechList calendar (lu.ma/climate-week),Breakfast,strong,4,Breakfast,,Not stated (unverified),Free (listed ticket),"Host approval required; eligibility not independently established. Invitation-only; each Chief Sustainability Officer must bring a procurement, finance, sales, or operations counterpart.",Registration open; approval required (Luma primary page),2026-09-10T22:13:01.474475+00:00,6,Qualified,Registration status/eligibility not fully verified.,csoplus1-breakfast,"Our annual invitation-only farm-fresh breakfast kickoff to Climate Week. This year, each Chief Sustainability Officer must bring a counterpart from their company to secure a seat: a business leader from procurement, finance, sales, or operations. Sustainability goals cannot be achieved without cross-functional alliances, yet it is rare that everyone sits down at a single table to discuss commercials, contracts, and coordinated action. If you’re interested in driving real change and practical business value with your peers, customers and suppliers... pull up a chair.",breakfast,ecosystem-primary (Luma structured event data independently verified 2026-09-10),no
ECO-uu8tlb94,ecosystem-luma,Are targets the wrong starting point?,2026-09-21,08:30–10:30,America/New_York,,Midtown Manhattan,Manhattan,Robert Hoglund,,https://luma.com/uu8tlb94,ClimateTechList calendar (lu.ma/climate-week),Discussion,medium,5,Discussion,,Not stated (unverified),Free (listed ticket),Host approval required; eligibility not independently established.,Registration open; approval required (Luma primary page),2026-09-10T22:13:01.474475+00:00,6,Qualified,Registration status/eligibility not fully verified. Also on official directory (row CW-0136) but not auto-qualified by the theme/format filter; retained on ecosystem evidence.,uu8tlb94,"Roundtable on the future of corporate climate action
Are targets the wrong starting point?
Corporate climate action has been built around top-down targets. These create discipline, but may also push companies to prioritize what counts over what matters.
A contrasting approach starts with capabilities, but tests them against the transition we are trying to build. Companies identify what they can actually change, where they have leverage, and where they can play a meaningful role. That role must be understood in relation to system transformation, not only what shows up neatly in the company’s GH",roundtable,ecosystem-primary (Luma structured event data independently verified 2026-09-10),no
ECO-vobfc7ro,ecosystem-luma,"Power, Data, Planet: An AI for Good NYC Climate Week Meetup",unknown,,America/New_York,OCabanon,Midtown,,Angela Ng; Paulina Munoz (AI for Good),,https://luma.com/vobfc7ro,CTVC/Currence/Planeteer NYCW guide (luma.com/nycwguide2026) + prior shortlist,Networking meetup,medium,8,AI + power/data meetup for climate,,Not stated (unverified),Unknown,Registration/approval required (Luma); eligibility not verified.,Not observed,2026-09-10 (this pass),9,Candidate-pending-verification,Registration status/eligibility not fully verified.,vobfc7ro,,,ecosystem-primary (Luma registration page),yes
ECO-fd2ac3lo,ecosystem-luma,2026 Venture For ClimateTech Innovation Showcase,2026-09-21,11:00–15:00,America/New_York,Newlab,Brooklyn Navy Yard,Brooklyn,Venture For ClimateTech / Newlab,,https://luma.com/fd2ac3lo,CTVC/Currence/Planeteer NYCW guide (luma.com/nycwguide2026) + prior shortlist,Expo / Demo,strong,7,Expo / Demo,,Not stated (unverified),Free (listed ticket),Host approval required; eligibility not independently established.,Registration open; approval required (Luma primary page),2026-09-10T22:13:01.474475+00:00,9,Strong-qualified,Registration status/eligibility not fully verified.,fd2ac3lo,"We’re kicking off Climate Week NYC with an exciting event featuring the latest climate technology solutions. Join the For ClimateTech team at Newlab for an immersive day of pitches, panels, and networking opportunities, bringing together over 100 innovators, investors, industry leaders, hardware experts, manufacturers, and more to showcase the latest advancements in climate technology.
Hear from 10 innovators from Venture For ClimateTech (V4C)'s 6th Cohort who are developing climate solutions across four key sectors: Buildings, Transportation, the Grid, and Industry.
We invite you to come lear","Primary event description: immersive day of pitches, panels, and networking opportunities.",ecosystem-primary (Luma structured event data independently verified 2026-09-10),yes
ECO-1mmre84p,ecosystem-luma,Industrial and Climate Tech Hangout | NoHo,unknown,,America/New_York,Not stated,NoHo,,Not stated on listing,,https://luma.com/1mmre84p,Prior shortlist (public Luma),Social / networking,medium,6,Social / networking,,Not stated (unverified),Unknown,Registration/approval required (Luma); eligibility not verified.,Not observed,2026-09-10 (this pass),7,Candidate-pending-verification,Registration status/eligibility not fully verified.,1mmre84p,,,ecosystem-primary (Luma registration page),no
ECO-6ms3yebh,ecosystem-luma,Climate Hackathon for NYC Climate Week: Adaptation & Resilience,unknown,,America/New_York,Not stated,Manhattan (unconfirmed),Manhattan,Not stated on listing,,https://luma.com/6ms3yebh,Prior shortlist (public Luma),Hackathon,medium,4,Hackathon,,Not stated (unverified),Unknown,Registration/approval required (Luma); eligibility not verified.,Not observed,2026-09-10 (this pass),5,Candidate-pending-verification,Registration status/eligibility not fully verified.,6ms3yebh,,,ecosystem-primary (Luma registration page),no
