title,week_tag,date,date_time,date_time_full,format,type,host,location,address,themes,registration_url,url,duration,language,slug,detail_status
Perspectives on Brooklyn's Evolving Working Waterfront,pre-week,20260916,"06:30pm, Wednesday, September 16, 2026","06:30pm - 08:30pm, Wednesday, September 16, 2026",In-person,Public,"American Planning Association NY Metro Chapter's Environment and Waterfront Committees, Waterfront Alliance, Resilient Red Hook and South Street Seaport Museum","213 Water Street, Manhattan, New York, New York, 10038, United States","213 Water Street, Manhattan, New York, New York, 10038, United States",built-environment; finance; transport-and-travel,https://form.jotform.com/262173526327154,https://www.climateweeknyc.org/event-search/perspectives-on-brooklyns-evolving-working-waterfront?hsLang=en,2 hours,English,perspectives-on-brooklyns-evolving-working-waterfront,parsed
Climate Week NYC: Junk Journaling for Adults @ Arverne Library - QPL,pre-week,20260917,"06:00pm, Thursday, September 17, 2026","06:00pm - 07:00pm, Thursday, September 17, 2026",In-person,Public,Queens Public Library,"312 Beach 54th St., Queens, Arverne, New York, 11692, United States","312 Beach 54th St., Queens, Arverne, New York, 11692, United States",cities; energy; industry,,https://www.climateweeknyc.org/event-search/climate-week-nyc-junk-journaling-for-adults-arverne-library-qpl?hsLang=en,1 hour,English,climate-week-nyc-junk-journaling-for-adults-arverne-library-qpl,parsed
Colors of Nature @ Bellerose Library - QPL,pre-week,20260917,"04:00pm, Thursday, September 17, 2026","04:00pm - 05:00pm, Thursday, September 17, 2026",In-person,Public,Department of Environmental Conservation (DEC) at Queens Public Library (QPL),"250-06 Hillside Avenue, Queens, Bellerose, New York, 11426, United States","250-06 Hillside Avenue, Queens, Bellerose, New York, 11426, United States",nature,https://www.queenslibrary.org/calendar/colors-of-nature/015514-0426,https://www.climateweeknyc.org/event-search/colors-of-nature-bellerose-library-qpl?hsLang=en,1 hour,English,colors-of-nature-bellerose-library-qpl,parsed
DEPLOY Climate Week NYC Sustainable Fashion PopUp,pre-week,20260917,"10:00am, Thursday, September 17, 2026","10:00am - 07:00pm, Thursday, September 17, 2026",In-person,Public,DEPLOY,"176 9th Avenue, Manhattan, New York, 10011, United States","176 9th Avenue, Manhattan, New York, 10011, United States",cities,https://deployworkshop.com/pages/deploy-events,https://www.climateweeknyc.org/event-search/deploy-climate-week-nyc-sustainable-fashion-popup?hsLang=en,Multiple days,English,deploy-climate-week-nyc-sustainable-fashion-popup,parsed
Broadway Climate Summit,pre-week,20260917,"07:00pm, Thursday, September 17, 2026","07:00pm - 09:30pm, Thursday, September 17, 2026",In-person,,Broadway Climate Summit,"La MaMa - 47 Great Jones St, Manhattan, New York, New York, 10012","La MaMa - 47 Great Jones St, Manhattan, New York, New York, 10012",,https://luma.com/anukdz48,https://www.climateweeknyc.org/event-search/broadway-climate-summit?hsLang=en,,English,broadway-climate-summit,parsed
Climate Film Festival & Narrative Change Summit,pre-week,20260918,"07:00pm, Friday, September 18, 2026","07:00pm - 07:00pm, Friday, September 18, 2026",In-person,Public,Climate Film Festival,"Manhattan, New York, New York, 10002, United States","Manhattan, New York, New York, 10002, United States",cities; health; nature,https://climatefilmfest.com,https://www.climateweeknyc.org/event-search/climate-film-festival-narrative-change-summit?hsLang=en,Multiple days,English,climate-film-festival-narrative-change-summit,parsed
NYPH Regenerative Metropolis Symposium 2026,pre-week,20260918,"09:00am, Friday, September 18, 2026","09:00am - 07:00pm, Friday, September 18, 2026",In-person,Public,New York Passive House,"63 Fifth Ave., Manhattan, New York, New York, 10011, United States","63 Fifth Ave., Manhattan, New York, New York, 10011, United States",built-environment; energy; finance,https://members.nypassivehouse.org/main-calendar/Details/regenerative-metropolis-symposium-2026-1847153?sourceTypeId=Website,https://www.climateweeknyc.org/event-search/nyph-regenerative-metropolis-symposium-2026?hsLang=en,One day,English,nyph-regenerative-metropolis-symposium-2026,parsed
Wallet Max Emerald Summit and Awards,pre-week,20260918,"09:00am, Friday, September 18, 2026","09:00am - 05:00pm, Friday, September 18, 2026",In-person,Public,Wallet Max™,"124 E 14th St, Manhattan, New York, New York, 10003, United States","124 E 14th St, Manhattan, New York, New York, 10003, United States",finance,https://luma.com/EmeraldSummitWM26,https://www.climateweeknyc.org/event-search/wallet-max-emerald-summit-and-awards?hsLang=en,One day,English,wallet-max-emerald-summit-and-awards,parsed
Stanford University Energy Security Master Class,pre-week,20260918,"10:30am, Friday, September 18, 2026","10:30am - 01:30pm, Friday, September 18, 2026",Virtual,Public,Stanford University Doerr School of Sustainability,Online,Online,energy,https://sustainability-exed.stanford.edu/stanford-doerr-energy-security-class?utm_source=nycclimateweek&utm_medium=weblink&utm_campaign=nycclimateweek_calendar,https://www.climateweeknyc.org/event-search/stanford-university-energy-security-master-class?hsLang=en,6 hours,English,stanford-university-energy-security-master-class,parsed
Student Impact Investing Boot Camp,pre-week,20260918,"02:00pm, Friday, September 18, 2026","02:00pm - 12:30pm, Friday, September 18, 2026",Virtual,Public,Investors Circle & Microfinance and Impact Investing Initiative,Online,Online,finance,https://icstudentbootcamp.vfairs.com/en/,https://www.climateweeknyc.org/event-search/student-impact-investing-boot-camp?hsLang=en,Multiple days,English,student-impact-investing-boot-camp,parsed
Immorality of Inaction: Voicing Truth on Climate,pre-week,20260918,"03:00pm, Friday, September 18, 2026","03:00pm - 06:00pm, Friday, September 18, 2026",In-person,Public,"Center for Earth Ethics; Center for Sustainable Urban Development, Columbia Climate School","Riverside Church, 490 Riverside Drive, Manhattan, New York, New York, 10027, United States","Riverside Church, 490 Riverside Drive, Manhattan, New York, New York, 10027, United States",cities; environmental-justice; policy,https://www.eventbrite.com/e/the-immorality-of-inaction-voicing-truth-on-climate-tickets-1999412656077,https://www.climateweeknyc.org/event-search/immorality-of-inaction-voicing-truth-on-climate?hsLang=en,3 hours,English,immorality-of-inaction-voicing-truth-on-climate,parsed
Opening Celebration for Littoral / Litoral,pre-week,20260918,"04:00pm, Friday, September 18, 2026","04:00pm - 06:00pm, Friday, September 18, 2026",In-person,Public,"Waterfront Alliance, New York Sea Grant, Cornell University's New York State Water Resources Institute, Shirley Chisholm State Park","1750 Granville Payne Avenue, Brooklyn, Brooklyn, New York, 11239, United States","1750 Granville Payne Avenue, Brooklyn, Brooklyn, New York, 11239, United States",cities; environmental-justice; nature,https://form.jotform.com/262182805900151,https://www.climateweeknyc.org/event-search/opening-celebration-for-littoral-litoral?hsLang=en,2 hours,English,opening-celebration-for-littoral-litoral,parsed
"""Not only possible, but on her way"" - an evening with artists imagining irresistible climate futures",pre-week,20260918,"06:00pm, Friday, September 18, 2026","06:00pm - 10:00pm, Friday, September 18, 2026",In-person,Public,Climate Futures Studio,New York City,New York City,environmental-justice; nature; policy,https://luma.com/c27um8t9,https://www.climateweeknyc.org/event-search/not-only-possible-but-on-her-way-an-evening-with-artists-imagining-irresistible-climate-futures?hsLang=en,4 hours,English,not-only-possible-but-on-her-way-an-evening-with-artists-imagining-irresistible-climate-futures,parsed
Material Futures: A Climate Week Conversation,pre-week,20260918,"06:00pm, Friday, September 18, 2026","06:00pm - 08:00pm, Friday, September 18, 2026",In-person,,Pratt Institute Graduate Communications Design,"345 Adams Street, Brooklyn, New York, 11201, United States","345 Adams Street, Brooklyn, New York, 11201, United States",,https://www.eventbrite.com/e/1999295957027?aff=oddtdtcreator,https://www.climateweeknyc.org/event-search/material-futures-a-climate-week-conversation?hsLang=en,,English,material-futures-a-climate-week-conversation,parsed
Global Goals Week,pre-week,20260919,"09:00am, Saturday, September 19, 2026","09:00am - 05:00pm, Saturday, September 19, 2026",Hybrid,Public,"United Nations Foundation, Project Everyone, United Nations Development Programme, United Nations Department of Global Communications, United Nations Office for Partnerships, SDG Action Campaign, and Action for Sustainable Development",New York City,New York City,cities; environmental-justice; policy,https://globalgoalsweek.org/,https://www.climateweeknyc.org/event-search/global-goals-week?hsLang=en,Multiple days,English,global-goals-week,parsed
Please Don't Flush: Staten Island,pre-week,20260919,"05:00pm, Saturday, September 19, 2026","05:00pm - 06:00pm, Saturday, September 19, 2026",In-person,Public,Flood Sensor Aunty,"206 Bay Street, Staten Island, Staten Island, New York, 10301, United States","206 Bay Street, Staten Island, Staten Island, New York, 10301, United States",environmental-justice; health,,https://www.climateweeknyc.org/event-search/please-dont-flush-staten-island?hsLang=en,1 hour,English,please-dont-flush-staten-island,parsed
"Preciously, the Planet: A Climate Week Opening Gathering | Plastic & Clothing Upcycling Workshop",pre-week,20260919,"11:00am, Saturday, September 19, 2026","11:00am - 05:00pm, Saturday, September 19, 2026",In-person,Public,"Climate Cafe NYC, Climate Imaginarium, Precious Plastic NYC, Juliana Castaneda","406A Comfort Road, Manhattan, New York, New York, 10004, United States","406A Comfort Road, Manhattan, New York, New York, 10004, United States",cities; environmental-justice; industry,https://luma.com/l69s330g,https://www.climateweeknyc.org/event-search/preciously-the-planet-a-climate-week-opening-gathering-plastic-clothing-upcycling-workshop?hsLang=en,6 hours,English,preciously-the-planet-a-climate-week-opening-gathering-plastic-clothing-upcycling-workshop,parsed
Health in Climate,pre-week,20260919,"08:00am, Saturday, September 19, 2026","08:00am - 04:00pm, Saturday, September 19, 2026",In-person,Public,Health in Climate,"11 E Loop Road, Manhattan, New York, New York, 10044, United States","11 E Loop Road, Manhattan, New York, New York, 10044, United States",health,https://www.healthinclimate.ai/,https://www.climateweeknyc.org/event-search/health-in-climate?hsLang=en,Multiple days,English,health-in-climate,parsed
Imagined Futures//This Must Be the Place,pre-week,20260919,"10:00am, Saturday, September 19, 2026","10:00am, Saturday, September 19, 2026",In-person,Public,Holes in the Wall Collective,"Citywide- Various locations, NYC, New York, United States","Citywide- Various locations, NYC, New York, United States",cities; environmental-justice; nature,,https://www.climateweeknyc.org/event-search/imagined-futuresthis-must-be-the-place?hsLang=en,Multiple days,"English, Spanish",imagined-futuresthis-must-be-the-place,parsed
"Public Program with Artist Mari Nagem as part of “The Tropics, The Moon, and Mars” presented by CUE Art",pre-week,20260919,"12:00pm, Saturday, September 19, 2026","12:00pm - 06:00pm, Saturday, September 19, 2026",In-person,Public,CUE Art,"137 West 25th street, Manhattan, New York, New York, 10001, United States","137 West 25th street, Manhattan, New York, New York, 10001, United States",nature,https://docs.google.com/forms/d/e/1FAIpQLSfgXvEcZoKvSmS_L28Ly0TKVE-nDomEGUZs-EmOWilQGRfoUw/viewform?usp=dialog,https://www.climateweeknyc.org/event-search/public-program-with-artist-mari-nagem-as-part-of-the-tropics-the-moon-and-mars-presented-by-cue-art?hsLang=en,,English,public-program-with-artist-mari-nagem-as-part-of-the-tropics-the-moon-and-mars-presented-by-cue-art,parsed
International Coastal Cleanup Day with the Waterfront Alliance and Castle Hill YMCA,pre-week,20260919,"10:00am, Saturday, September 19, 2026","10:00am - 12:00pm, Saturday, September 19, 2026",In-person,Public,Waterfront Alliance and Castle Hill YMCA,"2 Castle Hill Ave, The Bronx, Bronx, New York, 10473, United States","2 Castle Hill Ave, The Bronx, Bronx, New York, 10473, United States",cities; environmental-justice; nature,https://form.jotform.com/260475869975176,https://www.climateweeknyc.org/event-search/international-coastal-cleanup-day-with-the-waterfront-alliance-and-castle-hill-ymca?hsLang=en,2 hours,English,international-coastal-cleanup-day-with-the-waterfront-alliance-and-castle-hill-ymca,parsed
UPROSE's 60th Anniversary Gala,pre-week,20260919,"06:00pm, Saturday, September 19, 2026","06:00pm - 11:00pm, Saturday, September 19, 2026",In-person,Private,UPROSE,"647 Fulton St, Brooklyn, Brooklyn, New York, 11217, United States","647 Fulton St, Brooklyn, Brooklyn, New York, 11217, United States",environmental-justice; health,https://www.eventbrite.com/e/uprose-60-years-in-motion-tickets-1983555565091?aff=oddtdtcreator,https://www.climateweeknyc.org/event-search/uproses-60th-anniversary-gala?hsLang=en,5 hours,English,uproses-60th-anniversary-gala,parsed
Open Worlds: Science - Wild City at Museum of the Moving Image,pre-week,20260919,"11:30am, Saturday, September 19, 2026","11:30am - 04:30pm, Saturday, September 19, 2026",In-person,Public,Museum of the Moving Image,"36-01 35 Ave., Queens, Astoria, New York, 11106, United States","36-01 35 Ave., Queens, Astoria, New York, 11106, United States",environmental-justice; nature,https://movingimage.org/event/wild-city/,https://www.climateweeknyc.org/event-search/open-worlds-science-wild-city-at-museum-of-the-moving-image?hsLang=en,,English,open-worlds-science-wild-city-at-museum-of-the-moving-image,parsed
Sand Study Stewardship & International Coastal Clean-up Dance Party in Coney Island Creek,pre-week,20260919,"10:00am, Saturday, September 19, 2026","10:00am - 02:00pm, Saturday, September 19, 2026",In-person,Public,Holes in the Wall Collective and Coney Island Creek International Coastal Clean-up Coalition,"Bay View Ave. between Sea Gate Ave. and W. 33 St., Brooklyn, Brooklyn, New York, 11218, United States","Bay View Ave. between Sea Gate Ave. and W. 33 St., Brooklyn, Brooklyn, New York, 11218, United States",environmental-justice; nature,https://www.holesinthewallcollective.org/imaginedfutures,https://www.climateweeknyc.org/event-search/sand-study-stewardship-international-coastal-clean-up-dance-party-in-coney-island-creek?hsLang=en,4 hours,English,sand-study-stewardship-international-coastal-clean-up-dance-party-in-coney-island-creek,parsed
2026 Street Works Earth,official-week,20260920,"11:00am, Sunday, September 20, 2026","11:00am - 06:00pm, Sunday, September 20, 2026",In-person,Public,,"76-09 34th Ave, Queens, Jackson Heights, New York, 11372, United States","76-09 34th Ave, Queens, Jackson Heights, New York, 11372, United States",cities; environmental-justice; policy,https://givebutter.com/street-works-earth-2026,https://www.climateweeknyc.org/event-search/2026-street-works-earth?hsLang=en,7 hours,English,2026-street-works-earth,parsed
Free Central Park Bike Tour for Climate Week NYC 2,official-week,20260920,"02:00pm, Sunday, September 20, 2026","02:00pm - 04:00pm, Sunday, September 20, 2026",In-person,Public,Holland Bikes,"446 W54th Street, Manhattan, New York, New York, 10019, United States","446 W54th Street, Manhattan, New York, New York, 10019, United States",cities,https://fareharbor.com/embeds/book/hollandbikes-ny/items/595323/availability/2121335208/book/?full-items=yes,https://www.climateweeknyc.org/event-search/free-central-park-bike-tour-for-climate-week-nyc?hsLang=en,2 hours,English,free-central-park-bike-tour-for-climate-week-nyc,parsed
"Resilience Without Borders: Community Led Coastal Regeneration Through Nature, Innovation, and Local Action",official-week,20260920,"02:45pm, Sunday, September 20, 2026","02:45pm - 05:00pm, Sunday, September 20, 2026",In-person,Private,Aga Khan Foundation USA | Waterfront Alliance | Open House New York,"Ismaili Jamatkhana, 160 East 35th Street, Manhattan, New York, New York, 10016, United States","Ismaili Jamatkhana, 160 East 35th Street, Manhattan, New York, New York, 10016, United States",cities; environmental-justice; health,https://luma.com/ayvvedjh,https://www.climateweeknyc.org/event-search/resilience-without-borders-community-led-coastal-regeneration-through-nature-innovation-and-local-action?hsLang=en,2 hours,English,resilience-without-borders-community-led-coastal-regeneration-through-nature-innovation-and-local-action,parsed
Environmental Writing for Climate Week NYC 2026,official-week,20260920,"12:00am, Sunday, September 20, 2026","12:00am - 11:45pm, Sunday, September 20, 2026",Hybrid,Public,Elena Adasheva,Online,Online,nature,https://elenaadasheva.com/env-writing-for-cwnyc-2026,https://www.climateweeknyc.org/event-search/environmental-writing-for-climate-week-nyc-2026?hsLang=en,Multiple days,English,environmental-writing-for-climate-week-nyc-2026,parsed
Putting Farmers First: How Young Farmers are Shaping the Future of Food,official-week,20260920,"06:30pm, Sunday, September 20, 2026","06:30pm - 09:30pm, Sunday, September 20, 2026",Hybrid,Private,Food Tank and Whole Foods Market,"44 Charlton St, Manhattan, New York, New York, 10014, United States","44 Charlton St, Manhattan, New York, New York, 10014, United States",food,https://www.eventbrite.com/e/climate-week-nyc-putting-farmers-first-tickets-1994697738632?aff=oddtdtcreator&keep_tld=true,https://www.climateweeknyc.org/event-search/putting-farmers-first-how-young-farmers-are-shaping-the-future-of-food?hsLang=en,3 hours,English,putting-farmers-first-how-young-farmers-are-shaping-the-future-of-food,parsed
Please Don't Flush: Jamaica,official-week,20260920,"05:00pm, Sunday, September 20, 2026","05:00pm - 06:00pm, Sunday, September 20, 2026",In-person,Public,Flood Sensor Aunty,"Baisley Park South Playground, Queens, Queens, New York, 11436, United States","Baisley Park South Playground, Queens, Queens, New York, 11436, United States",environmental-justice; health,https://forms.gle/YgqtYed1MuEqPvXu6,https://www.climateweeknyc.org/event-search/please-dont-flush-jamaica?hsLang=en,1 hour,English,please-dont-flush-jamaica,parsed
Free Central Park Bike Tour for Climate Week NYC  1,official-week,20260920,"11:00am, Sunday, September 20, 2026","11:00am - 01:00pm, Sunday, September 20, 2026",In-person,Public,Holland Bikes,"446 W54th Street, Manhattan, New York, New York, 10019, United States","446 W54th Street, Manhattan, New York, New York, 10019, United States",cities,https://fareharbor.com/embeds/book/hollandbikes-ny/items/595323/availability/2121335207/book/?full-items=yes,https://www.climateweeknyc.org/event-search/free-central-park-bike-tour-for-climate-week-nyc-4?hsLang=en,2 hours,English,free-central-park-bike-tour-for-climate-week-nyc-4,parsed
Fostering State and City Level Support for Climate Innovation,official-week,20260920,"12:30pm, Sunday, September 20, 2026","12:30pm - 03:00pm, Sunday, September 20, 2026",In-person,Public,Los Angeles Cleantech Incubator (LACI),"102 58th Street, Brooklyn, Brooklyn, New York, 11220, United States","102 58th Street, Brooklyn, Brooklyn, New York, 11220, United States",cities; health; policy,https://events.laincubator.org/cwnyc26-nccei-state-level-support,https://www.climateweeknyc.org/event-search/fostering-state-and-city-level-support-for-climate-innovation?hsLang=en,2 hours 30 minutes,English,fostering-state-and-city-level-support-for-climate-innovation,parsed
"Come to the Cove! Celebrating and restoring the hidden wetland, beach and woods along the Harlem River",official-week,20260920,"01:00pm, Sunday, September 20, 2026","01:00pm - 04:00pm, Sunday, September 20, 2026",In-person,Public,Holes in the Wall Collective and the New York Restoration Project,"3725 10th Ave, Manhattan, New York, New York, 10034, United States","3725 10th Ave, Manhattan, New York, New York, 10034, United States",cities; food; nature,https://www.eventbrite.com/e/come-to-the-cove-celebrating-the-hidden-wetland-along-the-harlem-river-tickets-1998104750095?aff=oddtdtcreator,https://www.climateweeknyc.org/event-search/come-to-the-cove-celebrating-the-hidden-wetland-and-woods-along-the-harlem-river?hsLang=en,3 hours,English,come-to-the-cove-celebrating-the-hidden-wetland-and-woods-along-the-harlem-river,parsed
Convivium,official-week,20260920,"07:00am, Sunday, September 20, 2026","07:00am - 11:45pm, Sunday, September 20, 2026",In-person,Private,Future Food Institute,"337 East 8th Street, Manhattan, New york, New York, 10009, United States","337 East 8th Street, Manhattan, New york, New York, 10009, United States",cities; food; policy,https://convivium-ffi-new-york-climate-week.eventbrite.com,https://www.climateweeknyc.org/event-search/convivium?hsLang=en,Multiple days,English,convivium,parsed
Lucid Award- Winning Electric Vehicle Demo Drives,official-week,20260920,"10:00am, Sunday, September 20, 2026","10:00am - 01:00pm, Sunday, September 20, 2026",In-person,Public,Lucid Motors,"2 9th Avenue, Manhattan, New York, New York, 10014, United States","2 9th Avenue, Manhattan, New York, New York, 10014, United States",technology-and-ai; transport-and-travel,https://tinyurl.com/5bchm8b7,https://www.climateweeknyc.org/event-search/lucid-award-winning-electric-vehicle-demo-drives?hsLang=en,30 minutes,English,lucid-award-winning-electric-vehicle-demo-drives,parsed
"Reawakening Humanity’s Sacred Connection with Earth- - Encounters to co-create a future with greater love, courage, and action",official-week,20260920,"08:00am, Sunday, September 20, 2026","08:00am - 05:30pm, Sunday, September 20, 2026",In-person,Public,Fetzer Institute's Environment Collaborative,"Columbia University, The Lee Bollinger Forum 601 W 125th St., Manhattan, New York, New York, 10027, United States","Columbia University, The Lee Bollinger Forum 601 W 125th St., Manhattan, New York, New York, 10027, United States",cities; environmental-justice; nature,https://fetzer.org/climate-week/?preview=true,https://www.climateweeknyc.org/event-search/reawakening-humanitys-sacred-connection-with-earth-encounters-to-co-create-a-future-with-greater-love-courage-and-action?hsLang=en,One day,English,reawakening-humanitys-sacred-connection-with-earth-encounters-to-co-create-a-future-with-greater-love-courage-and-action,parsed
"Today's Climate, Tomorrow's Vision",official-week,20260920,"10:00am, Sunday, September 20, 2026","10:00am - 06:00pm, Sunday, September 20, 2026",In-person,Public,Fishbear Studios and Indigenous Climate Action,"214 Starr Street, Brooklyn, Brooklyn, New York, 11237, United States","214 Starr Street, Brooklyn, Brooklyn, New York, 11237, United States",environmental-justice; health; nature,https://www.facebook.com/share/198RrgPWRh/,https://www.climateweeknyc.org/event-search/todays-climate-tomorrows-vision?hsLang=en,1 hour,English,todays-climate-tomorrows-vision,parsed
Taste of Climate Week: NYC,official-week,20260920,"11:00am, Sunday, September 20, 2026","11:00am - 11:45pm, Sunday, September 20, 2026",Hybrid,Public,Planted Society,,,cities; food; health,https://luma.com/xu3x6uqu,https://www.climateweeknyc.org/event-search/taste-of-climate-week-nyc?hsLang=en,Multiple days,English,taste-of-climate-week-nyc,parsed
Saving Waves to Save our Planet: Stories from the Climate Frontlines in Latin America,official-week,20260920,"05:00pm, Sunday, September 20, 2026","05:00pm - 07:00pm, Sunday, September 20, 2026",In-person,Public,"Surfrider Foundation, WILDCOAST, and Save the Waves","Rivian New York  461 W 14th Street (at 10th Ave), Manhattan, New York, New York, 10014, United States","Rivian New York  461 W 14th Street (at 10th Ave), Manhattan, New York, New York, 10014, United States",environmental-justice; health; nature,https://events.rivian.com/savingwavestosaveourplanet,https://www.climateweeknyc.org/event-search/saving-waves-to-save-our-planet-stories-from-the-climate-frontlines-in-latin-america?hsLang=en,2 hours,English,saving-waves-to-save-our-planet-stories-from-the-climate-frontlines-in-latin-america,parsed
Eco Arts Festival 2026,official-week,20260920,"11:00am, Sunday, September 20, 2026","11:00am - 04:00pm, Sunday, September 20, 2026",In-person,Public,"Climate Cafe NYC, Climate Imaginarium, and Artichoke Dance Company","406A Comfort Rd., Manhattan, New York, New York, 10004, United States","406A Comfort Rd., Manhattan, New York, New York, 10004, United States",cities; environmental-justice; nature,https://luma.com/lyvbu9sf,https://www.climateweeknyc.org/event-search/eco-arts-festival-2026?hsLang=en,5 hours,English,eco-arts-festival-2026,parsed
Climate Cafe + Ribbon Upcycling Workshop At Street Works Earth Festival,official-week,20260920,"01:00pm, Sunday, September 20, 2026","01:00pm - 03:00pm, Sunday, September 20, 2026",In-person,Public,"Climate Cafe NYC, Climate Imaginarium & Climate Psychology Alliance of North America","76-09 34th Ave., Queens, Jackson Heights, New York, 11372, United States","76-09 34th Ave., Queens, Jackson Heights, New York, 11372, United States",cities; environmental-justice; industry,https://luma.com/climate-dc7c,https://www.climateweeknyc.org/event-search/climate-cafe-ribbon-upcycling-workshop-at-street-works-earth-festival?hsLang=en,2 hours,English,climate-cafe-ribbon-upcycling-workshop-at-street-works-earth-festival,parsed
Whack-a-Data-Center,official-week,20260920,"11:00am, Sunday, September 20, 2026","11:00am - 03:00pm, Sunday, September 20, 2026",In-person,Public,Greenwashed,"Central Park, Manhattan, New York, New York, 10022, United States","Central Park, Manhattan, New York, New York, 10022, United States",environmental-justice; technology-and-ai,https://partiful.com/e/2kjlsK7YZz5XzHRFqkqC?c=aGJGDwPS,https://www.climateweeknyc.org/event-search/whack-a-data-center?hsLang=en,4 hours,English,whack-a-data-center,parsed
The Power Broker Live,official-week,20260920,"07:00pm, Sunday, September 20, 2026","07:00pm - 08:30pm, Sunday, September 20, 2026",In-person,Public,Ben Tumin (Skipped History),"149 7th St., Brooklyn, Brooklyn, New York, 11215, United States","149 7th St., Brooklyn, Brooklyn, New York, 11215, United States",built-environment,https://www.ticketmaster.com/event/300064E71151CB7B,https://www.climateweeknyc.org/event-search/the-power-broker-live?hsLang=en,1 hour 30 minutes,English,the-power-broker-live,parsed
How to Live on Earth — Global Premiere on YouTube,official-week,20260920,"02:00pm, Sunday, September 20, 2026","02:00pm - 03:45pm, Sunday, September 20, 2026",Virtual,Public,Open Planet Studios,Online,Online,cities; health; nature,https://www.youtube.com/@OpenPlanetOrg,https://www.climateweeknyc.org/event-search/how-to-live-on-earth-global-premiere-on-youtube?hsLang=en,1 hour 30 minutes,English,how-to-live-on-earth-global-premiere-on-youtube,parsed
Living Systems: Collective Power in Motion,official-week,20260920,"02:00pm, Sunday, September 20, 2026","02:00pm - 05:00pm, Sunday, September 20, 2026",In-person,Public,Human Impacts Institute,"61 Atlantic Ave, Brooklyn, Brooklyn, New York, 11201, United States","61 Atlantic Ave, Brooklyn, Brooklyn, New York, 11201, United States",cities; environmental-justice; health,https://www.eventbrite.com/e/living-systems-collective-power-in-motion-tickets-1996823990308?aff=oddtdtcreator,https://www.climateweeknyc.org/event-search/living-systems-collective-power-in-motion?hsLang=en,3 hours,English,living-systems-collective-power-in-motion,parsed
First Timers at Climate Week NYC,official-week,20260920,"12:00pm, Sunday, September 20, 2026","12:00pm - 03:00pm, Sunday, September 20, 2026",In-person,Public,"The Climate Chain Reaction - Founder, Dr. Neha Arora",,,energy; finance; technology-and-ai,https://luma.com/ugwwqdfa,https://www.climateweeknyc.org/event-search/first-timers-at-climate-week-nyc?hsLang=en,3 hours,English,first-timers-at-climate-week-nyc,parsed
"Opening Ceremony part one: Higher Stakes, Harder Choices.",official-week,20260921,"09:00am, Monday, September 21, 2026","09:00am - 10:30am, Monday, September 21, 2026",In-person,,Climate Group,,,,https://web-eur.cvent.com/event/b503a898-bf86-4f50-a06d-637064c8f98d/register?RefId=CrprtNnmbrsCWNYCStHLOPdApp&rt=V0Ac6ckJMkOxbM_kz8XScw,https://www.climateweeknyc.org/event-search/opening-ceremony-part-one-higher-stakes-harder-choices?hsLang=en,,English,opening-ceremony-part-one-higher-stakes-harder-choices,parsed
"Opening Ceremony part two: Real Momentum, Material Change.",official-week,20260921,"11:00am, Monday, September 21, 2026","11:00am - 12:30pm, Monday, September 21, 2026",In-person,,Climate Group,,,,https://web-eur.cvent.com/event/b503a898-bf86-4f50-a06d-637064c8f98d/register?RefId=CrprtNnmbrsCWNYCStHLOPdApp&rt=V0Ac6ckJMkOxbM_kz8XScw,https://www.climateweeknyc.org/event-search/opening-ceremony-part-two-real-momentum-material-change?hsLang=en,,English,opening-ceremony-part-two-real-momentum-material-change,parsed
[Official] Family Offices & Investors Summit - Climate Week NYC (+LPs/GPs Matchmaking),official-week,20260921,"02:00pm, Monday, September 21, 2026","02:00pm - 07:00pm, Monday, September 21, 2026",In-person,Private,WeTheAtlas,"3W 51st, Manhattan, New York City, New York, 10019, United States","3W 51st, Manhattan, New York City, New York, 10019, United States",energy; finance; industry,https://luma.com/4tgu4cmw,https://www.climateweeknyc.org/event-search/official-family-offices-investors-summit-climate-week-nyc-lpsgps-matchmaking?hsLang=en,5 hours,English,official-family-offices-investors-summit-climate-week-nyc-lpsgps-matchmaking,parsed
Innovate for Impact (IFI) NYC 2026 - The Power of Human Connection,official-week,20260921,"09:00am, Monday, September 21, 2026","09:00am - 01:00pm, Monday, September 21, 2026",In-person,Public,Rise & Shine Foundation,"The Loft at Virgin Hotels New York City 1227 Broadway, Manhattan, New York, New York, 10001, United States","The Loft at Virgin Hotels New York City 1227 Broadway, Manhattan, New York, New York, 10001, United States",finance; health; industry,https://luma.com/l4oe7jpt,https://www.climateweeknyc.org/event-search/innovate-for-impact-ifi-nyc-2026-the-power-of-human-connection?hsLang=en,4 hours,"English, Spanish",innovate-for-impact-ifi-nyc-2026-the-power-of-human-connection,parsed
"Flagship Three: The opportunity – who leads, who wins",official-week,20260921,"02:00pm, Monday, September 21, 2026","02:00pm - 03:30pm, Monday, September 21, 2026",In-person,,Climate Group,,,,,https://www.climateweeknyc.org/event-search/flagship-three-the-opportunity-who-leads-who-wins?hsLang=en,,English,flagship-three-the-opportunity-who-leads-who-wins,parsed
"Driving the Future of Climate Action: A Network USA, NYC Climate Week Convening",official-week,20260921,"04:00pm, Monday, September 21, 2026","04:00pm - 06:00pm, Monday, September 21, 2026",In-person,Private,United Nations Global Compact Network USA,United States,United States,built-environment; cities; energy; environmental-justice; food; technology-and-ai; transport-and-travel,https://forms.office.com/r/9AZz6pyNpi,https://www.climateweeknyc.org/event-search/driving-the-future-of-climate-action-a-network-usa-nyc-climate-week-convening?hsLang=en,2 hours,English,driving-the-future-of-climate-action-a-network-usa-nyc-climate-week-convening,parsed
Flagship One: The challenge – navigating a world in flux,official-week,20260921,"01:30pm, Monday, September 21, 2026","01:30pm - 03:00pm, Monday, September 21, 2026",In-person,,Climate Group,,,,https://www.climateweeknyc.org/the-hub-live?hsLang=en,https://www.climateweeknyc.org/event-search/flagship-one-the-challenge-navigating-a-world-in-flux?hsLang=en,,English,flagship-one-the-challenge-navigating-a-world-in-flux,parsed
"The super pollutant sprint: Local leadership, global results",official-week,20260921,"04:30pm, Monday, September 21, 2026","04:30pm - 05:30pm, Monday, September 21, 2026",In-person,Private,Climate Group,New York City,New York City,nature; policy,https://eur.cvent.me/9aR2QV?rt=V0Ac6ckJMkOxbM_kz8XScw&RefId=CrprtNnmbrsCWNYCStHLOPdApp,https://www.climateweeknyc.org/event-search/methane-matters-local-leadership-global-results?hsLang=en,,English,methane-matters-local-leadership-global-results,parsed
Powering AI: who wins when demand outpaces the grid?,official-week,20260921,"04:30pm, Monday, September 21, 2026","04:30pm - 05:30pm, Monday, September 21, 2026",In-person,Private,Climate Group,New York City,New York City,energy; technology-and-ai,https://eur.cvent.me/9aR2QV?rt=V0Ac6ckJMkOxbM_kz8XScw&RefId=CrprtNnmbrsCWNYCStHLOPdApp,https://www.climateweeknyc.org/event-search/powering-ai-who-wins-when-demand-outpaces-the-grid?hsLang=en,,English,powering-ai-who-wins-when-demand-outpaces-the-grid,parsed
The age of permacrisis: how can governments keep up?,official-week,20260921,"03:30pm, Monday, September 21, 2026","03:30pm - 04:30pm, Monday, September 21, 2026",In-person,Private,Climate Group,New York City,New York City,finance; policy,https://eur.cvent.me/9aR2QV?rt=V0Ac6ckJMkOxbM_kz8XScw&RefId=CrprtNnmbrsCWNYCStHLOPdApp,https://www.climateweeknyc.org/event-search/investing-through-uncertainty-unlocking-climate-capital-when-it-matters-most?hsLang=en,1 hour,English,investing-through-uncertainty-unlocking-climate-capital-when-it-matters-most,parsed
Unlocking Grid Capacity for Electrified Road Transport,official-week,20260921,"04:30pm, Monday, September 21, 2026","04:30pm - 05:30pm, Monday, September 21, 2026",In-person,,Climate Group,New York City,New York City,transport-and-travel,https://eur.cvent.me/9aR2QV?rt=V0Ac6ckJMkOxbM_kz8XScw&RefId=CrprtNnmbrsCWNYCStHLOPdApp,https://www.climateweeknyc.org/event-search/accelerating-the-transition-what-will-it-take-to-scale-zero-emission-transport?hsLang=en,,English,accelerating-the-transition-what-will-it-take-to-scale-zero-emission-transport,parsed
Business Travel at Climate Week: Impact in Motion,official-week,20260921,"04:00pm, Monday, September 21, 2026","04:00pm - 07:00pm, Monday, September 21, 2026",In-person,Public,GBTA Foundation,,,transport-and-travel,https://nam10.safelinks.protection.outlook.com/?url=https%3A%2F%2Fevents.gbta.org%2FeQM4Vb&data=05%7C02%7CKFrenkiel%40gbta.org%7C5d6bb88633744e2d402b08dedc4cfe9e%7C82808dbdcd83410b9a2d335b549ec8bd%7C0%7C0%7C639190420548440894%7CUnknown%7CTWFpbGZsb3d8eyJFbXB0eU1hcGkiOnRydWUsIlYiOiIwLjAuMDAwMCIsIlAiOiJXaW4zMiIsIkFOIjoiTWFpbCIsIldUIjoyfQ%3D%3D%7C0%7C%7C%7C&sdata=2%2FoD0%2FCVqiodMswW%2F7rQwj6Ru7hY%2BhSXw9GDEKhnUp8%3D&reserved=0,https://www.climateweeknyc.org/event-search/business-travel-at-climate-week-impact-in-motion?hsLang=en,3 hours,English,business-travel-at-climate-week-impact-in-motion,parsed
Food Tank at Climate Week NYC: Solving Food Waste is a Key Solution to the Climate Crisis,official-week,20260921,"09:00am, Monday, September 21, 2026","09:00am - 12:00pm, Monday, September 21, 2026",Hybrid,Private,Food Tank,"44 Charlton St, Manhattan, New York, New York, 10014, United States","44 Charlton St, Manhattan, New York, New York, 10014, United States",cities; food; industry,https://www.eventbrite.com/e/climate-week-nyc-solving-food-waste-a-key-solution-to-the-climate-crisis-tickets-1993615365224?aff=oddtdtcreator&keep_tld=true,https://www.climateweeknyc.org/event-search/food-tank-at-climate-week-nyc-solving-food-waste-is-a-key-solution-to-the-climate-crisis?hsLang=en,3 hours,English,food-tank-at-climate-week-nyc-solving-food-waste-is-a-key-solution-to-the-climate-crisis,parsed
Worker powered climate action: how can labor and environmental movements  join forces?,official-week,20260921,"04:30pm, Monday, September 21, 2026","04:30pm - 05:30pm, Monday, September 21, 2026",In-person,Private,Climate Group,New York City,New York City,policy,https://eur.cvent.me/9aR2QV?rt=V0Ac6ckJMkOxbM_kz8XScw&RefId=CrprtNnmbrsCWNYCStHLOPdApp,https://www.climateweeknyc.org/event-search/worker-powered-climate-action-how-can-labor-and-environmental-movements-join-forces?hsLang=en,,English,worker-powered-climate-action-how-can-labor-and-environmental-movements-join-forces,parsed
Bring a Film to Life! Seedlings Collective x Nightflower Happy Hour,official-week,20260921,"06:00pm, Monday, September 21, 2026","06:00pm - 08:30pm, Monday, September 21, 2026",In-person,Public,Seedlings Collective,"155 Suffolk St, Manhattan, New York, New York, 10002, United States","155 Suffolk St, Manhattan, New York, New York, 10002, United States",cities; energy; health; nature,https://givebutter.com/happy-hour-seedlings-collective-x-nightflower-film-kickoff,https://www.climateweeknyc.org/event-search/happy-hour-seedlings-collective-x-nightflower-film-kickoff?hsLang=en,2 hours 30 minutes,"English, French, Italian, Mandarin Chinese, Spanish, Yue Chinese",happy-hour-seedlings-collective-x-nightflower-film-kickoff,parsed
Food Tank at Climate Week NYC: Mission Driven Brands Sustainability Summit,official-week,20260921,"01:30pm, Monday, September 21, 2026","01:30pm - 04:30pm, Monday, September 21, 2026",Hybrid,Private,Food Tank,"44 Charlton St, Manhattan, New York, New York, 10014, United States","44 Charlton St, Manhattan, New York, New York, 10014, United States",food; industry; policy,https://www.eventbrite.com/e/climate-week-nyc-mission-driven-brands-sustainability-summit-tickets-1993707545939?aff=oddtdtcreator&keep_tld=true,https://www.climateweeknyc.org/event-search/food-tank-at-climate-week-nyc-mission-driven-brands-sustainability-summit?hsLang=en,3 hours,English,food-tank-at-climate-week-nyc-mission-driven-brands-sustainability-summit,parsed
The Future of Energy,official-week,20260921,"10:30am, Monday, September 21, 2026","10:30am - 11:30am, Monday, September 21, 2026",In-person,Public,Wythe Futures,"404 Broadway 2nd Floor, Manhattan, New York, New York, 10013, United States","404 Broadway 2nd Floor, Manhattan, New York, New York, 10013, United States",energy,https://www.eventbrite.com/e/the-future-of-energy-tickets-1995332399921,https://www.climateweeknyc.org/event-search/the-future-of-energy?hsLang=en,1 hour,English,the-future-of-energy,parsed
All Things Food with Mark Bittman and Sonya Gafsi Oblisk | Whole Foods Market's Beyond the Board Podcast Live,official-week,20260921,"05:30pm, Monday, September 21, 2026","05:30pm - 07:00pm, Monday, September 21, 2026",In-person,Public,Whole Foods Market,"Whole Foods Market Manhattan West store, 450 W 33rd St., Manhattan, New York, New York, 10001, United States","Whole Foods Market Manhattan West store, 450 W 33rd St., Manhattan, New York, New York, 10001, United States",energy; health,https://allthingsfood.eventbrite.com,https://www.climateweeknyc.org/event-search/whole-foods-market-podcast-live-at-climate-week-nyc-all-things-food-with-mark-bittman-and-sonya-gafsi-oblisk?hsLang=en,1 hour 30 minutes,English,whole-foods-market-podcast-live-at-climate-week-nyc-all-things-food-with-mark-bittman-and-sonya-gafsi-oblisk,parsed
Food Tank at Climate Week NYC: Food and Agriculture Film Festival,official-week,20260921,"06:30pm, Monday, September 21, 2026","06:30pm - 09:30pm, Monday, September 21, 2026",Hybrid,Private,"Food Tank, Halter, The Rockefeller Foundation, and Groundswell","44 Charlton St, Manhattan, New York, New York, 10014, United States","44 Charlton St, Manhattan, New York, New York, 10014, United States",environmental-justice; food; health,https://www.eventbrite.com/e/climate-week-nyc-food-and-agriculture-film-festival-tickets-1996512342160?aff=oddtdtcreator,https://www.climateweeknyc.org/event-search/food-tank-at-climate-week-nyc-food-and-agriculture-film-festival?hsLang=en,3 hours,English,food-tank-at-climate-week-nyc-food-and-agriculture-film-festival,parsed
Climate Week NYC: Eco-Friendly Environmental Film Series @ Arverne Library - QPL,official-week,20260921,"03:00pm, Monday, September 21, 2026","03:00pm - 04:30pm, Monday, September 21, 2026",In-person,Public,Queens Public Library,"312 Beach 54th St., Queens, Arverne, New York, 11692, United States","312 Beach 54th St., Queens, Arverne, New York, 11692, United States",,,https://www.climateweeknyc.org/event-search/climate-week-nyc-eco-friendly-environmental-film-series-arverne-library-qpl?hsLang=en,1 hour 30 minutes,English,climate-week-nyc-eco-friendly-environmental-film-series-arverne-library-qpl,parsed
Unlocking Operational Efficiencies in Corporate Renewable Energy Programs,official-week,20260921,"04:00pm, Monday, September 21, 2026","04:00pm - 07:00pm, Monday, September 21, 2026",In-person,Private,ACT Group,,,energy; finance,https://utm.io/ur6CZ,https://www.climateweeknyc.org/event-search/a-more-connected-approach-to-clean-energy-portfolio-management?hsLang=en,3 hours,English,a-more-connected-approach-to-clean-energy-portfolio-management,parsed
Climate Week NYC: Kahoot Trivia @ East Flushing Library - QPL,official-week,20260921,"03:15pm, Monday, September 21, 2026","03:15pm - 04:15pm, Monday, September 21, 2026",In-person,Public,Queens Public Library,"19636 Northern Blvd., Queens, Flushing, New York, 11358, United States","19636 Northern Blvd., Queens, Flushing, New York, 11358, United States",,,https://www.climateweeknyc.org/event-search/climate-week-nyc-kahoot-trivia-east-flushing-library-qpl?hsLang=en,1 hour,English,climate-week-nyc-kahoot-trivia-east-flushing-library-qpl,parsed
Pura Vida NYC: The Reset Experience,official-week,20260921,"06:00pm, Monday, September 21, 2026","06:00pm - 07:15pm, Monday, September 21, 2026",In-person,Private,Rise & Shine Foundation,"Virgin Hotels New York City, 1227 Broadway, Manhattan, New York, New York, 10001, United States","Virgin Hotels New York City, 1227 Broadway, Manhattan, New York, New York, 10001, United States",health; nature,https://luma.com/rwlgid9f,https://www.climateweeknyc.org/event-search/pura-vida-nyc-the-reset-experience?hsLang=en,1 hour 30 minutes,"English, Spanish",pura-vida-nyc-the-reset-experience,parsed
NY Tech Meet Up: Climate Tech Edition,official-week,20260921,"05:00pm, Monday, September 21, 2026","05:00pm - 09:30pm, Monday, September 21, 2026",In-person,Public,Campus Deep Tech & NY Tech Alliance,"124 E 14th St, Manhattan, New York, New York, 10003, United States","124 E 14th St, Manhattan, New York, New York, 10003, United States",built-environment; energy; industry,https://luma.com/tbo854x6,https://www.climateweeknyc.org/event-search/ny-tech-meet-up-climate-tech-edition?hsLang=en,4 hours,English,ny-tech-meet-up-climate-tech-edition,parsed
Free Central Park Bike Tour for Climate Week NYC 6,official-week,20260921,"11:00am, Monday, September 21, 2026","11:00am - 01:00pm, Monday, September 21, 2026",In-person,Public,Holland Bikes,"446 W54th Street, Manhattan, New York, New York, 10019, United States","446 W54th Street, Manhattan, New York, New York, 10019, United States",cities,https://fareharbor.com/embeds/book/hollandbikes-ny/items/595323/availability/2121335209/book/?full-items=yes,https://www.climateweeknyc.org/event-search/free-central-park-bike-tour-for-climate-week-nyc-6?hsLang=en,2 hours,English,free-central-park-bike-tour-for-climate-week-nyc-6,parsed
"The New World of Corporate Decarbonization: Lower-carbon Commodities, EACs and Carbon Credits",official-week,20260921,"04:00pm, Monday, September 21, 2026","04:00pm - 07:30pm, Monday, September 21, 2026",In-person,Private,Sylvera,"Midtown, New York","Midtown, New York",food; industry; nature; policy; technology-and-ai,https://www.sylvera.com/events/new-world-corporate-decarbonization-nyc-climate-week?utm_source=nycw_listing&utm_medium=referral&utm_campaign=[ei]-event---internal_nycw_2603,https://www.climateweeknyc.org/event-search/low-carbon-commodities-and-the-new-world-of-corporate-decarbonization?hsLang=en,3 hours,English,low-carbon-commodities-and-the-new-world-of-corporate-decarbonization,parsed
Building a Resilient Refrigerant Supply for the Low-GWP Transition,official-week,20260921,"01:00pm, Monday, September 21, 2026","01:00pm - 04:00pm, Monday, September 21, 2026",In-person,Private,Hudson Technologies,"151 West 43rd Street, Manhattan, New York, New York, 10036, United States","151 West 43rd Street, Manhattan, New York, New York, 10036, United States",energy; health; policy,https://www.hudsontech.com/climate-week-2026/,https://www.climateweeknyc.org/event-search/building-a-resilient-refrigerant-supply-for-the-low-gwp-transition?hsLang=en,,English,building-a-resilient-refrigerant-supply-for-the-low-gwp-transition,parsed
Bees of NYC! @ Elmhurst Library - QPL,official-week,20260921,"03:30pm, Monday, September 21, 2026","03:30pm - 04:30pm, Monday, September 21, 2026",In-person,Public,The Bee Conservancy at Queens Public Library (QPL),"86-07 Broadway, Queens, Elmhurst, New York, 11373, United States","86-07 Broadway, Queens, Elmhurst, New York, 11373, United States",food; nature,https://queenslibrary.org/,https://www.climateweeknyc.org/event-search/bees-of-nyc-elmhurst-library-qpl?hsLang=en,1 hour,English,bees-of-nyc-elmhurst-library-qpl,parsed
Tides of Change,official-week,20260921,"05:30pm, Monday, September 21, 2026","05:30pm - 08:30pm, Monday, September 21, 2026",In-person,Private,Quinn+Partners,,,finance; food; nature,https://luma.com/xpa33eka,https://www.climateweeknyc.org/event-search/tides-of-change?hsLang=en,3 hours,English,tides-of-change,parsed
FABSCRAP Climate Week Warehouse Tours,official-week,20260921,"10:00am, Monday, September 21, 2026","10:00am - 11:00am, Monday, September 21, 2026",In-person,Public,"Co-Founder, Camille Tagle","140 58th St, STE 5H-3, Brooklyn, Brooklyn, New York, 11220, United States","140 58th St, STE 5H-3, Brooklyn, Brooklyn, New York, 11220, United States",industry,https://www.eventbrite.com/e/climate-week-warehouse-tours-tickets-1989681591200,https://www.climateweeknyc.org/event-search/fabscrap-climate-week-warehouse-tours?hsLang=en,1 hour,English,fabscrap-climate-week-warehouse-tours,parsed
Accelerating Business Leadership on Air Pollution,official-week,20260921,"01:30pm, Monday, September 21, 2026","01:30pm - 03:30pm, Monday, September 21, 2026",In-person,Private,United Nations Global Compact and United Nations Environment Programme,"685 3rd Ave, 12th floor, Manhattan, New York, New York, 10017, United States","685 3rd Ave, 12th floor, Manhattan, New York, New York, 10017, United States",energy; food; industry,,https://www.climateweeknyc.org/event-search/accelerating-business-leadership-on-air-pollution?hsLang=en,2 hours,English,accelerating-business-leadership-on-air-pollution,parsed
"Stories that Move: Where story, data, and place converge to build narrative power",official-week,20260921,"11:00am, Monday, September 21, 2026","11:00am - 09:00pm, Monday, September 21, 2026",In-person,Public,The Environmental Justice Oral History Project,"327 W 36th St, 6th Floor,, Manhattan, New York, New York, 10018, United States","327 W 36th St, 6th Floor,, Manhattan, New York, New York, 10018, United States",cities; environmental-justice; health,https://luma.com/ejohp-climate-week-2026,https://www.climateweeknyc.org/event-search/stories-that-move-where-story-data-and-place-converge-to-build-narrative-power?hsLang=en,One day,English,stories-that-move-where-story-data-and-place-converge-to-build-narrative-power,parsed
Morningstar Sustainalytics Sustainable Investing Forum,official-week,20260921,"03:30pm, Monday, September 21, 2026","03:30pm - 06:30pm, Monday, September 21, 2026",In-person,Public,Morningstar Sustainalytics,"320 Park Avenue, Manhattan, New York, New York, 10022, United States","320 Park Avenue, Manhattan, New York, New York, 10022, United States",built-environment; energy; finance,https://morningstar.cventevents.com/event/90f5859e-e87f-4d54-9f68-2f0a3cf7b3a0/summary,https://www.climateweeknyc.org/event-search/morningstar-sustainalytics-sustainable-investing-forum?hsLang=en,3 hours,English,morningstar-sustainalytics-sustainable-investing-forum,parsed
Bayside Seeds Library @ Bayside Library - QPL,official-week,20260921,"01:00pm, Monday, September 21, 2026","01:00pm - 04:00pm, Monday, September 21, 2026",In-person,Public,Queens Public Library,"21420 Northern Blvd., Queens, Bayside, New York, 11361, United States","21420 Northern Blvd., Queens, Bayside, New York, 11361, United States",nature,,https://www.climateweeknyc.org/event-search/bayside-seeds-library-bayside-library-qpl?hsLang=en,3 hours,English,bayside-seeds-library-bayside-library-qpl,parsed
Emergency Preparedness & Community Stewardship with Guardians of Flushing Bay @ Flushing Library - QPL,official-week,20260921,"03:30pm, Monday, September 21, 2026","03:30pm - 05:30pm, Monday, September 21, 2026",In-person,Public,Guardians of Flushing Bay at Queens Public Library (QPL),"41-17 Main Street, Queens, Flushing, New York, 11355, United States","41-17 Main Street, Queens, Flushing, New York, 11355, United States",cities; environmental-justice; health,https://queenslibrary.org/,https://www.climateweeknyc.org/event-search/emergency-preparedness-community-stewardship-with-guardians-of-flushing-bay-flushing-library-qpl?hsLang=en,2 hours,"English, Mandarin Chinese",emergency-preparedness-community-stewardship-with-guardians-of-flushing-bay-flushing-library-qpl,parsed
Frontline Resource Institute: Climate Justice Hub,official-week,20260921,"10:00am, Monday, September 21, 2026","10:00am - 05:30pm, Monday, September 21, 2026",In-person,Private,The Frontline Resource Institute at Environmental Defense Fund,"113 W 60th St, Manhattan, New York, New York, 10023, United States","113 W 60th St, Manhattan, New York, New York, 10023, United States",environmental-justice; health,https://luma.com/igmka329,https://www.climateweeknyc.org/event-search/frontline-resource-institute-climate-justice-hub?hsLang=en,One day,English,frontline-resource-institute-climate-justice-hub,parsed
The Degrees Initiative looks back: 15 years of SRM research and engagement in the Global South,official-week,20260921,"05:30pm, Monday, September 21, 2026","05:30pm - 08:00pm, Monday, September 21, 2026",In-person,,The Degrees Initiative,,,food; health; policy,https://www.cognitoforms.com/TheDegreesInitiative/TheDegreesInitiativeLooksBack15YearsOfSRMResearchAndEngagementInTheGlobalSouth,https://www.climateweeknyc.org/event-search/the-degrees-initiative-looks-back-15-years-of-srm-research-and-engagement-in-the-global-south?hsLang=en,,English,the-degrees-initiative-looks-back-15-years-of-srm-research-and-engagement-in-the-global-south,parsed
Scrap to Sovereignty – Race for Critical Minerals from Waste!,official-week,20260921,"03:00pm, Monday, September 21, 2026","03:00pm - 05:00pm, Monday, September 21, 2026",In-person,Private,Bridge Green Upcycle,"SUNY Global Center, 116 E 55th St, New York, NY 10022, New York, New York, 10022, United States","SUNY Global Center, 116 E 55th St, New York, NY 10022, New York, New York, 10022, United States",energy; industry,https://luma.com/ambam5h0,https://www.climateweeknyc.org/event-search/scrap-to-sovereignty-race-for-critical-minerals-from-waste?hsLang=en,2 hours,English,scrap-to-sovereignty-race-for-critical-minerals-from-waste,parsed
Finance for the Future: Innovation Stories & Insights for Systems Change,official-week,20260921,"08:00am, Monday, September 21, 2026","08:00am - 11:30am, Monday, September 21, 2026",In-person,,"Cornell SC Johnson College of Business, Cornell Atkinson Center for Sustainability, Finance for the Future, Accounting for Sustainability (A4S)","570 Lexington Ave, Manhattan, New York, New York, 10022, United States","570 Lexington Ave, Manhattan, New York, New York, 10022, United States",finance; industry,https://web.cvent.com/event/8f60c9ae-073e-4e10-9871-db3ab90d68e0/summary,https://www.climateweeknyc.org/event-search/finance-for-the-future-innovation-stories-insights-for-systems-change?hsLang=en,,English,finance-for-the-future-innovation-stories-insights-for-systems-change,parsed
Meeting the moment: Financing low-emission livestock and grazing systems to sustainably address growing demand,official-week,20260921,"01:00pm, Monday, September 21, 2026","01:00pm - 04:00pm, Monday, September 21, 2026",In-person,Private,"International Livestock Research Institute (ILRI), Alliance of Bioversity International & CIAT, CGIAR Sustainable Animal and Aquatic Foods (SAAF), Bezos Earth Fund, Global Dairy Platform, World Wildlife Fund (WWF)","345 Park Ave S, Manhattan, New York, New York, 10010, United States","345 Park Ave S, Manhattan, New York, New York, 10010, United States",food,https://forms.cloud.microsoft/e/dsnip9kRvi,https://www.climateweeknyc.org/event-search/meeting-the-moment-financing-low-emission-livestock-and-grazing-systems-to-sustainably-address-growing-demand?hsLang=en,3 hours,English,meeting-the-moment-financing-low-emission-livestock-and-grazing-systems-to-sustainably-address-growing-demand,parsed
Solutions House,official-week,20260921,"08:00am, Monday, September 21, 2026","08:00am - 07:00pm, Monday, September 21, 2026",In-person,Private,Futerra,"Midtown Manhattan, Manhattan, New York, United States","Midtown Manhattan, Manhattan, New York, United States",cities; health; policy,https://www.solutionshouse.net/new-york,https://www.climateweeknyc.org/event-search/solutions-house?hsLang=en,Multiple days,English,solutions-house,parsed
"The just transition: Equity, nutrition, and food security in a changing climate",official-week,20260921,"09:00am, Monday, September 21, 2026","09:00am - 10:30am, Monday, September 21, 2026",Virtual,Public,CMCC Foundation,Online,Online,environmental-justice; food; policy,https://cmcc-it.zoom.us/webinar/register/WN_5ymBU3UKSqyErLci_oVQMw,https://www.climateweeknyc.org/event-search/the-just-transition-equity-nutrition-and-food-security-in-a-changing-climate?hsLang=en,1 hour 30 minutes,English,the-just-transition-equity-nutrition-and-food-security-in-a-changing-climate,parsed
"Rights, Risk, and Resilience: Energy Transition Investments and Indigenous and Community Engagement",official-week,20260921,"09:00am, Monday, September 21, 2026","09:00am - 11:00am, Monday, September 21, 2026",In-person,Private,Shift and ImpactARC,"The Yale Club of New York City, Trumbull Room, 50 Vanderbilt Ave, New York, NY 10017, Manhattan, New York, New York, 10017, United States","The Yale Club of New York City, Trumbull Room, 50 Vanderbilt Ave, New York, NY 10017, Manhattan, New York, New York, 10017, United States",industry; nature; technology-and-ai,https://www.impact-arc.com/our-insights-and-events/climateweeknyc2026,https://www.climateweeknyc.org/event-search/the-financial-materiality-of-community-engagement-indigenous-people-and-investment-risk-in-the-energy-transition?hsLang=en,2 hours,English,the-financial-materiality-of-community-engagement-indigenous-people-and-investment-risk-in-the-energy-transition,parsed
Tree Planting at Riverside Park South,official-week,20260921,"09:00am, Monday, September 21, 2026","09:00am - 12:00pm, Monday, September 21, 2026",In-person,Private,Arbor Day Foundation,,,cities; health; nature,https://www.arborday.org/corporate-partnerships/nyc-plantingevent,https://www.climateweeknyc.org/event-search/tree-planting-at-riverside-park-south?hsLang=en,3 hours,English,tree-planting-at-riverside-park-south,parsed
Planetary Health and the Anthropocene: A Live Screening & Q&A for Classrooms,official-week,20260921,"10:30am, Monday, September 21, 2026","10:30am - 11:30am, Monday, September 21, 2026",Virtual,Public,The Educated Choices Program and the Planetary Health Alliance,United States,United States,energy; health,https://us06web.zoom.us/webinar/register/WN_96Xzd029T3SDQrzM6GOalg,https://www.climateweeknyc.org/event-search/planetary-health-in-the-anthropocene-a-live-screening-qa-for-classrooms?hsLang=en,1 hour,English,planetary-health-in-the-anthropocene-a-live-screening-qa-for-classrooms,parsed
"Guidehouse Roundtable - From sustainability reporting to business control: data, risk, suppliers and AI",official-week,20260921,"09:00am, Monday, September 21, 2026","09:00am - 12:00pm, Monday, September 21, 2026",In-person,Private,Guidehouse,"New York, NY, United States","New York, NY, United States",cities; technology-and-ai,https://forms.cloud.microsoft/r/sFthiW2DqC,https://www.climateweeknyc.org/event-search/4th-guidehouse-climate-week-roundtable-meeting?hsLang=en,3 hours,English,4th-guidehouse-climate-week-roundtable-meeting,parsed
"Volunteer Opportunity: City Harvest Union Square Greenmarket Food Rescue Hosted by Celebrity Eco Chef, TV Host, and Author Priyanka Naik",official-week,20260921,"05:00pm, Monday, September 21, 2026","05:00pm - 06:30pm, Monday, September 21, 2026",In-person,Public,City Harvest,"Union Square W & E 17th St, Manhattan, New York, New York, 10003, United States","Union Square W & E 17th St, Manhattan, New York, New York, 10003, United States",food,https://cityharvestvolunteers.civicore.com/index.php?section=indGpRegistrations&action=covidConditional&fwID=13548,https://www.climateweeknyc.org/event-search/volunteer-opportunity-city-harvest-union-square-greenmarket-food-rescue-hosted-by-celebrity-eco-chef-tv-host-and-author-priyanka-naik?hsLang=en,1 hour 30 minutes,English,volunteer-opportunity-city-harvest-union-square-greenmarket-food-rescue-hosted-by-celebrity-eco-chef-tv-host-and-author-priyanka-naik,parsed
Climate Town & Amy Westervelt Live,official-week,20260921,"07:30pm, Monday, September 21, 2026","07:30pm - 09:30pm, Monday, September 21, 2026",In-person,Public,Climate Town & Drilled Media,"149 7th Street, Brooklyn, Brooklyn, New York, 11215, United States","149 7th Street, Brooklyn, Brooklyn, New York, 11215, United States",policy,https://www.ticketmaster.com/climate-town-amy-westervelt-live-brooklyn-new-york-09-21-2026/event/300064F601A9E57C?_gl=1*1s7trii*_ga*MjA2ODM5NzkzMC4xNzg0NjY3MjAx*_ga_C1T806G4DF*czE3ODcxNjE5NTgkbzIkZzAkdDE3ODcxNjE5NjUkajUzJGwwJGgw,https://www.climateweeknyc.org/event-search/climate-town-amy-westervelt-live?hsLang=en,2 hours,English,climate-town-amy-westervelt-live,parsed
Climate Communications: Where's the best bang for your $$$?,official-week,20260921,"11:00am, Monday, September 21, 2026","11:00am - 12:00pm, Monday, September 21, 2026",Virtual,Public,Novadaur,Online,Online,cities; energy; transport-and-travel,https://riverside.com/webinar/registration/eyJldmVudElkIjoiNmE3NTNiYTI1ZjA1MTExNmIxOGU3YzhjIiwic2x1ZyI6ImN5cmlhY3Mtc3R1ZGlvLWg4bkdjIn0=,https://www.climateweeknyc.org/event-search/climate-communications-wheres-the-best-bang-for-your?hsLang=en,1 hour,English,climate-communications-wheres-the-best-bang-for-your,parsed
The South is On Fire,official-week,20260921,"02:30pm, Monday, September 21, 2026","02:30pm - 06:00pm, Monday, September 21, 2026",In-person,Public,Southeast Sustainability Directors Network (SSDN) + New York University (NYU) School of Professional Studies,United States,United States,cities; environmental-justice; policy,https://luma.com/vfzpnnae,https://www.climateweeknyc.org/event-search/the-south-is-on-fire?hsLang=en,3 hours,English,the-south-is-on-fire,parsed
Global Prize Network Leadership Convening,official-week,20260921,"09:00am, Monday, September 21, 2026","09:00am - 04:00pm, Monday, September 21, 2026",In-person,Private,XPRIZE Foundation,,,health; policy,https://luma.com/tm3p5v0k,https://www.climateweeknyc.org/event-search/global-prize-network-leadership-convening?hsLang=en,,English,global-prize-network-leadership-convening,parsed
Universities & the Global Prize Ecosystem: Bringing Innovation from Campus to Real-World Impact,official-week,20260921,"12:00pm, Monday, September 21, 2026","12:00pm - 04:00pm, Monday, September 21, 2026",In-person,Private,XPRIZE Foundation,"New York, New York","New York, New York",energy; health; technology-and-ai,https://luma.com/iooyazlv,https://www.climateweeknyc.org/event-search/universities-the-global-prize-ecosystem-bringing-innovation-from-campus-to-real-world-impact?hsLang=en,4 hours,English,universities-the-global-prize-ecosystem-bringing-innovation-from-campus-to-real-world-impact,parsed
Virtual Short Film Showcase: Science & Scientists,official-week,20260921,"11:00am, Monday, September 21, 2026","11:00am - 11:45pm, Monday, September 21, 2026",Virtual,Public,DC Environmental Film Festival,Online,Online,energy; health; nature,https://watch.eventive.org/dceff365,https://www.climateweeknyc.org/event-search/virtual-short-film-showcase-science-scientists?hsLang=en,Multiple days,English,virtual-short-film-showcase-science-scientists,parsed
Becoming a Climate Angel with E8,official-week,20260921,"12:00pm, Monday, September 21, 2026","12:00pm - 01:00pm, Monday, September 21, 2026",Virtual,Public,E8,Online,Online,finance,https://luma.com/86kuxkmb,https://www.climateweeknyc.org/event-search/becoming-a-climate-angel-with-e8?hsLang=en,1 hour,English,becoming-a-climate-angel-with-e8,parsed
Seaweed Suite™ NYC,official-week,20260921,"11:00am, Monday, September 21, 2026","11:00am - 10:00pm, Monday, September 21, 2026",In-person,Public,L’EAUTELIER,"Provided with Registration, Manhattan, New York, New York, 10005, United States","Provided with Registration, Manhattan, New York, New York, 10005, United States",cities; nature; transport-and-travel,https://luma.com/seaweedsuite,https://www.climateweeknyc.org/event-search/seaweed-suite-nyc?hsLang=en,,"English, French",seaweed-suite-nyc,parsed
PlanetHAUS,official-week,20260921,"09:00am, Monday, September 21, 2026","09:00am - 04:00pm, Monday, September 21, 2026",In-person,,PlanetHAUS,"13 E 19th St, New York, New York, 10003, United States","13 E 19th St, New York, New York, 10003, United States",,https://luma.com/x4z01l07,https://www.climateweeknyc.org/event-search/planethaus?hsLang=en,,English,planethaus,parsed
"Homes on the Edge – Living, Building, and Surviving in the Floodplain",official-week,20260921,"12:00pm, Monday, September 21, 2026","12:00pm - 01:00pm, Monday, September 21, 2026",Virtual,Public,Waterfront Alliance,Online,Online,built-environment; environmental-justice; finance,https://us02web.zoom.us/webinar/register/WN_IG-jZL8ITzS9bGfATZZ4iA,https://www.climateweeknyc.org/event-search/homes-on-the-edge-living-building-and-surviving-in-the-floodplain?hsLang=en,1 hour,English,homes-on-the-edge-living-building-and-surviving-in-the-floodplain,parsed
Scientific Assessment of Geoengineering Proposals for Polar Regions,official-week,20260921,"01:00pm, Monday, September 21, 2026","01:00pm - 02:30pm, Monday, September 21, 2026",Hybrid,Public,Friends of the Earth,"250 West 34th Street, 2nd Floor, Manhattan, New York, New York, 10119, United States","250 West 34th Street, 2nd Floor, Manhattan, New York, New York, 10119, United States",environmental-justice; health,https://events.humanitix.com/polar-geoengineering,https://www.climateweeknyc.org/event-search/scientific-assessment-of-geoengineering-proposals-for-polar-regions?hsLang=en,1 hour 30 minutes,English,scientific-assessment-of-geoengineering-proposals-for-polar-regions,parsed
"Mind the Gap: Aligning Insurance, Policy, and Nature for Climate Resilience",official-week,20260921,"01:00pm, Monday, September 21, 2026","01:00pm - 02:00pm, Monday, September 21, 2026",In-person,Public,World Wildlife Foundation and Fordham University,"150 W 62nd Street, Manhattan, New York, New York, 10023, United States","150 W 62nd Street, Manhattan, New York, New York, 10023, United States",built-environment; finance; policy,https://luma.com/73n1yhey,https://www.climateweeknyc.org/event-search/mind-the-gap-aligning-insurance-policy-and-nature-for-climate-resilience?hsLang=en,1 hour,English,mind-the-gap-aligning-insurance-policy-and-nature-for-climate-resilience,parsed
Making Circularity Pay Off.,official-week,20260921,"09:00am, Monday, September 21, 2026","09:00am - 10:30am, Monday, September 21, 2026",In-person,Public,The Circular Value Institute,"41 Union Square W #320, Manhattan, New York, 10003, United States","41 Union Square W #320, Manhattan, New York, 10003, United States",built-environment; finance; policy,https://www.eventbrite.be/e/making-circularity-pay-off-tickets-1997780112094,https://www.climateweeknyc.org/event-search/making-circularity-pay-off?hsLang=en,1 hour 30 minutes,English,making-circularity-pay-off,parsed
The Living Table: Oceans Edition,official-week,20260921,"06:00pm, Monday, September 21, 2026","06:00pm - 09:00pm, Monday, September 21, 2026",In-person,Private,"The Living Table, Lonely Whale, Fed by Blue, Sun Valley Forum, PlanetHAUS, Genus, Food and Planet",Input Physical Address,Input Physical Address,nature,https://luma.com/q9d6mb8v,https://www.climateweeknyc.org/event-search/the-living-table-oceans-edition?hsLang=en,3 hours,English,the-living-table-oceans-edition,parsed
The Fight to Protect the Arctic National Wildlife Refuge,official-week,20260921,"03:00pm, Monday, September 21, 2026","03:00pm - 04:30pm, Monday, September 21, 2026",In-person,Public,Alaska Wilderness League,"307 West 38th Street 1505, Manhattan, New York, New York, 10018, United States","307 West 38th Street 1505, Manhattan, New York, New York, 10018, United States",nature,https://secure.alaskawild.org/a/nycclimateweek26,https://www.climateweeknyc.org/event-search/the-fight-to-protect-the-arctic-national-wildlife-refuge?hsLang=en,1 hour 30 minutes,English,the-fight-to-protect-the-arctic-national-wildlife-refuge,parsed
Autonomous Cities: Preparing for Physical AI at Scale,official-week,20260921,"03:30pm, Monday, September 21, 2026","03:30pm - 04:30pm, Monday, September 21, 2026",In-person,Private,Climate Group,New York City,New York City,built-environment; cities,https://eur.cvent.me/9aR2QV?rt=V0Ac6ckJMkOxbM_kz8XScw&RefId=CrprtNnmbrsCWNYCStHLOPdApp,https://www.climateweeknyc.org/event-search/autonomous-cities-building-networks-for-mobility-at-scale?hsLang=en,1 hour,English,autonomous-cities-building-networks-for-mobility-at-scale,parsed
TCG Nexus: India's Capital Corner,official-week,20260921,"06:30pm, Monday, September 21, 2026","06:30pm - 09:30pm, Monday, September 21, 2026",In-person,Private,The Climate Guys,"New York, United States","New York, United States",energy; environmental-justice; food; technology-and-ai,https://luma.com/sakos4np,https://www.climateweeknyc.org/event-search/tcg-nexus-indias-capital-corner?hsLang=en,3 hours,English,tcg-nexus-indias-capital-corner,parsed
Taste & Learn: California's Commitment to Climate-Smart Winegrowing,official-week,20260921,"03:30pm, Monday, September 21, 2026","03:30pm - 05:30pm, Monday, September 21, 2026",In-person,Private,California Sustainable Winegrowing Alliance & California Wines,"Manhattan, New York, New York","Manhattan, New York, New York",health,https://sustainablewinegrowing.org/events/taste-learn-californias-commitment-to-climate-smart-winegrowing/,https://www.climateweeknyc.org/event-search/taste-learn-californias-commitment-to-climate-smart-winegrowing?hsLang=en,2 hours,English,taste-learn-californias-commitment-to-climate-smart-winegrowing,parsed
Harnessing collaborative action to accelerate energy efficiency,official-week,20260921,"03:30pm, Monday, September 21, 2026","03:30pm - 04:30pm, Monday, September 21, 2026",In-person,Private,Climate Group,New York City,New York City,energy; finance,https://eur.cvent.me/9aR2QV?rt=V0Ac6ckJMkOxbM_kz8XScw&RefId=CrprtNnmbrsCWNYCStHLOPdApp,https://www.climateweeknyc.org/event-search/harnessing-collaborative-action-to-accelerate-energy-efficiency?hsLang=en,,English,harnessing-collaborative-action-to-accelerate-energy-efficiency,parsed
The launch of the third Global Environmental League Tables: A global ranking of countries’ commitments to Multilateral Environmental Agreements,official-week,20260921,"02:00pm, Monday, September 21, 2026","02:00pm - 03:00pm, Monday, September 21, 2026",Virtual,Public,Stakeholder Forum for a Sustainable Future,Online,Online,policy,https://us02web.zoom.us/webinar/register/WN_MsbaSh5IQ4-XXDd7t62D7Q,https://www.climateweeknyc.org/event-search/the-launch-of-the-third-global-environmental-league-tables-a-global-ranking-of-countries-commitments-to-multilateral-environmental-agreements?hsLang=en,1 hour,English,the-launch-of-the-third-global-environmental-league-tables-a-global-ranking-of-countries-commitments-to-multilateral-environmental-agreements,parsed
The Challenges We Don't Publish: A Sustainability Benchmarking Roundtable,official-week,20260921,"03:00pm, Monday, September 21, 2026","03:00pm - 04:00pm, Monday, September 21, 2026",In-person,Private,Protiviti,"888 7th Ave 13th Floor, Manhattan, New York, New York, 10106, United States","888 7th Ave 13th Floor, Manhattan, New York, New York, 10106, United States",industry; policy,https://events.protiviti.com/Sustainability_RT_NYClimateWeek2026,https://www.climateweeknyc.org/event-search/the-challenges-we-dont-publish-a-sustainability-benchmarking-roundtable?hsLang=en,1 hour,English,the-challenges-we-dont-publish-a-sustainability-benchmarking-roundtable,parsed
"Dispelling Scope 2 Myths: Companies, Experts, and Leaders Share Why and How to Achieve GHG Protocol Reforms",official-week,20260921,"05:00pm, Monday, September 21, 2026","05:00pm - 07:00pm, Monday, September 21, 2026",In-person,Public,Natural Resources Defense Council and EnergyTag,"40 W 20th St, Manhattan, New York, New York, 10011, United States","40 W 20th St, Manhattan, New York, New York, 10011, United States",energy; environmental-justice; policy; technology-and-ai,https://luma.com/s18hkpcq,https://www.climateweeknyc.org/event-search/dispelling-scope-2-myths-companies-experts-and-leaders-share-why-and-how-to-achieve-ghg-protocol-reforms?hsLang=en,2 hours,English,dispelling-scope-2-myths-companies-experts-and-leaders-share-why-and-how-to-achieve-ghg-protocol-reforms,parsed
"Columbia Fashion, Energy, and Climate Summit",official-week,20260921,"09:00am, Monday, September 21, 2026","09:00am - 05:00pm, Monday, September 21, 2026",In-person,Public,"Fashion, Energy, and Climate Network, Columbia Climate School & Center on Global Energy Policy, School of International and Public Affairs","2950 Broadway, Manhattan, New York, New York, 10027, United States","2950 Broadway, Manhattan, New York, New York, 10027, United States",energy; industry; policy,https://events.columbia.edu/go/fashionenergyclimatesummit,https://www.climateweeknyc.org/event-search/columbia-fashion-energy-and-climate-summit?hsLang=en,One day,English,columbia-fashion-energy-and-climate-summit,parsed
Taming Traffic: How Congestion Pricing Became a Breath of Fresh Air for New York,official-week,20260921,"12:00pm, Monday, September 21, 2026","12:00pm - 01:30pm, Monday, September 21, 2026",In-person,Public,"NRDC, C40 and Parking Reform Network","40 W 20th St, 6th Floor, Manhattan, New York, New York, 10011, United States","40 W 20th St, 6th Floor, Manhattan, New York, New York, 10011, United States",cities; energy; transport-and-travel,https://docs.google.com/forms/d/e/1FAIpQLSf3W1dxs4VooecLY7Uxqgt8PjhBwaGcj-wl3Ehk2BTXaYDNEQ/viewform?usp=dialog,https://www.climateweeknyc.org/event-search/taming-traffic-how-congestion-pricing-became-a-breath-of-fresh-air-for-new-york?hsLang=en,1 hour 30 minutes,English,taming-traffic-how-congestion-pricing-became-a-breath-of-fresh-air-for-new-york,parsed
Built World Resiliency: From Data Centers to Materials (by Zacua Ventures and JLL Spark),official-week,20260921,"03:30pm, Monday, September 21, 2026","03:30pm - 06:30pm, Monday, September 21, 2026",In-person,Public,Zacua Ventures and JLL,"330 Madison Avenue, 3rd Floor (JLL), Manhattan, New York, New York, 10017, United States","330 Madison Avenue, 3rd Floor (JLL), Manhattan, New York, New York, 10017, United States",built-environment; energy; technology-and-ai,https://luma.com/hv33ltxq,https://www.climateweeknyc.org/event-search/built-world-resiliency-from-data-centers-to-materials?hsLang=en,3 hours,English,built-world-resiliency-from-data-centers-to-materials,parsed
Keep the River Liquid: A Finance Lab for the Colorado Basin,official-week,20260921,"12:00pm, Monday, September 21, 2026","12:00pm - 03:30pm, Monday, September 21, 2026",In-person,Private,Thirst Foundation and Walton Family Foundation,"Private - to be disclosed with invitation, Manhattan, New York, New York, 10017, United States","Private - to be disclosed with invitation, Manhattan, New York, New York, 10017, United States",built-environment; cities; finance,https://keeptheriverrunning.com/summit/new-york/,https://www.climateweeknyc.org/event-search/keep-the-river-liquid-a-finance-lab-for-the-colorado-basin?hsLang=en,3 hours,English,keep-the-river-liquid-a-finance-lab-for-the-colorado-basin,parsed
Greenpeace International and The Sixty-Five Million Dollar Letter,official-week,20260921,"02:00pm, Monday, September 21, 2026","02:00pm - 04:00pm, Monday, September 21, 2026",Hybrid,Public,Greenpeace International,"42 West 44th Street, Manhattan, New York City, New York, 10036, United States","42 West 44th Street, Manhattan, New York City, New York, 10036, United States",finance,https://forms.gle/Vjez728qVUYUimVD6,https://www.climateweeknyc.org/event-search/the-sixty-five-million-dollar-letter?hsLang=en,1 hour 30 minutes,English,the-sixty-five-million-dollar-letter,parsed
Protecting Workers on the Frontlines of Extreme Heat: What Changemakers and Investors Need to Know,official-week,20260921,"02:30pm, Monday, September 21, 2026","02:30pm - 04:30pm, Monday, September 21, 2026",In-person,Public,NRDC (Natural Resources Defense Council) and Trillium Asset Management,"40 W 20th St, 6th floor conference room, Manhattan, New York, New York, 10011, United States","40 W 20th St, 6th floor conference room, Manhattan, New York, New York, 10011, United States",health; industry; policy,https://tinyurl.com/3rbmzx5n,https://www.climateweeknyc.org/event-search/protecting-workers-on-the-frontlines-of-extreme-heat-what-changemakers-and-investors-need-to-know?hsLang=en,2 hours,English,protecting-workers-on-the-frontlines-of-extreme-heat-what-changemakers-and-investors-need-to-know,parsed
When the Data Goes Dark: Preparing for Climate Disasters in an Era of Science Disinvestment,official-week,20260921,"05:00pm, Monday, September 21, 2026","05:00pm - 07:00pm, Monday, September 21, 2026",In-person,Public,"Sponsored By: American Geophysical Union, Climate Central, The New York Climate Exchange, Open Environmental Data Project","124 E 14th St, Manhattan, New York, New York, 10003, United States","124 E 14th St, Manhattan, New York, New York, 10003, United States",environmental-justice; health; technology-and-ai,https://luma.com/chl5fguk,https://www.climateweeknyc.org/event-search/when-the-data-goes-dark-preparing-for-climate-disasters-in-an-era-of-science-disinvestment?hsLang=en,2 hours,English,when-the-data-goes-dark-preparing-for-climate-disasters-in-an-era-of-science-disinvestment,parsed
Unlocking Climate Innovation: From Global Commitments to Local Green Technology Deployment,official-week,20260921,"01:00pm, Monday, September 21, 2026","01:00pm - 02:30pm, Monday, September 21, 2026",In-person,Public,World Intellectual Property Organization,"United Nations Headquarters, Manhattan, New York, New York, 10017, United States","United Nations Headquarters, Manhattan, New York, New York, 10017, United States",finance; policy; technology-and-ai,https://forms.cloud.microsoft/e/tUgHUQrs7G,https://www.climateweeknyc.org/event-search/unlocking-climate-innovation-from-global-commitments-to-local-green-technology-deployment?hsLang=en,1 hour 30 minutes,English,unlocking-climate-innovation-from-global-commitments-to-local-green-technology-deployment,parsed
"Building for the Future: Data Centers, Water Stewardship, and Decarbonization",official-week,20260921,"11:30am, Monday, September 21, 2026","11:30am - 03:00pm, Monday, September 21, 2026",In-person,Private,AECOM,"605 3rd Avenue, Manhattan, New York, New York, 10158, United States","605 3rd Avenue, Manhattan, New York, New York, 10158, United States",built-environment; energy; nature,https://luma.com/1vt09qvu,https://www.climateweeknyc.org/event-search/building-for-the-future-data-centers-water-stewardship-and-decarbonization?hsLang=en,3 hours,English,building-for-the-future-data-centers-water-stewardship-and-decarbonization,parsed
"Nature x Infrastructure Mixer, Building for Biodiversity",official-week,20260921,"07:00pm, Monday, September 21, 2026","07:00pm - 09:00pm, Monday, September 21, 2026",In-person,Public,3FWILD,"698 Manhattan Ave, Rooftop, Brooklyn, Brooklyn, New York, 11222, United States","698 Manhattan Ave, Rooftop, Brooklyn, Brooklyn, New York, 11222, United States",built-environment; cities; nature,https://luma.com/yiuqn757,https://www.climateweeknyc.org/event-search/nature-x-infrastructure-mixer-building-for-biodiversity?hsLang=en,2 hours,English,nature-x-infrastructure-mixer-building-for-biodiversity,parsed
From Wildfire Risk to Community Resilience: Financing and Delivering Landscape-Scale Solutions,official-week,20260921,"01:45pm, Monday, September 21, 2026","01:45pm - 03:30pm, Monday, September 21, 2026",In-person,Public,Innovera (nonprofit fiscally sponsored by Buckminster Fuller Institute),"Pier 57 - Community Classrooms, 25 11th Avenue, Manhattan, Manhattan, New York, 10011, United States","Pier 57 - Community Classrooms, 25 11th Avenue, Manhattan, Manhattan, New York, 10011, United States",cities; energy; finance; food; policy,https://luma.com/lt4pjg1u,https://www.climateweeknyc.org/event-search/from-wildfire-risk-to-community-resilience-financing-and-delivering-landscape-scale-solutions?hsLang=en,2 hours,English,from-wildfire-risk-to-community-resilience-financing-and-delivering-landscape-scale-solutions,parsed
Catalyst Conversations of Consequence: The Leadership Challenge,official-week,20260921,"05:00pm, Monday, September 21, 2026","05:00pm - 06:30pm, Monday, September 21, 2026",Hybrid,Public,"Pratt Institute, Creative Enterprise Leadership","536 Myrtle Avenue, 3rd Floor, MH3E_02, DDA Screening Room, Brooklyn, Brooklyn, New York, 11205, United States","536 Myrtle Avenue, 3rd Floor, MH3E_02, DDA Screening Room, Brooklyn, Brooklyn, New York, 11205, United States",cities; policy; technology-and-ai,https://forms.gle/1gTDfSbrPqYvu5ey7,https://www.climateweeknyc.org/event-search/catalyst-conversations-of-consequence-the-leadership-challenge?hsLang=en,1 hour 30 minutes,English,catalyst-conversations-of-consequence-the-leadership-challenge,parsed
"Perspectives on US-Canada Clean Energy Trade, Grid Developments, and Sustainable Investing",official-week,20260921,"01:30pm, Monday, September 21, 2026","01:30pm - 06:30pm, Monday, September 21, 2026",In-person,,"Hydro-Quebec, the Business Council for Sustainable Energy, K&L Gates",,,energy; finance; policy,https://emailcc.com/cv/87885d49c2f0a53d965bcd2279166524ffb172ae,https://www.climateweeknyc.org/event-search/perspectives-on-us-canada-clean-energy-trade-grid-developments-and-sustainable-investing?hsLang=en,,English,perspectives-on-us-canada-clean-energy-trade-grid-developments-and-sustainable-investing,parsed
South Asians in Climate Tech,official-week,20260921,"06:00pm, Monday, September 21, 2026","06:00pm - 08:00pm, Monday, September 21, 2026",In-person,Public,American South Asian Network (ASAN),"Manhattan, New York City, New York, 10001, United States","Manhattan, New York City, New York, 10001, United States",energy; health; policy,https://luma.com/asan-sact-0926,https://www.climateweeknyc.org/event-search/south-asians-in-climate-tech?hsLang=en,2 hours,English,south-asians-in-climate-tech,parsed
The Risk-Resilience Stack: Financing Climate Resilience Across the Financial System,official-week,20260921,"11:00am, Monday, September 21, 2026","11:00am - 01:00pm, Monday, September 21, 2026",In-person,Private,Accion International,"150 5th Ave, Manhattan, New York, New York, NY 10011, United States","150 5th Ave, Manhattan, New York, New York, NY 10011, United States",finance,https://forms.cloud.microsoft/r/7MTCCpN5wR,https://www.climateweeknyc.org/event-search/the-risk-resilience-stack-financing-climate-resilience-across-the-financial-system?hsLang=en,2 hours,English,the-risk-resilience-stack-financing-climate-resilience-across-the-financial-system,parsed
Powering Forward: Sustainable Sports & Entertainment,official-week,20260921,"03:00pm, Monday, September 21, 2026","03:00pm - 07:00pm, Monday, September 21, 2026",In-person,Public,"Sustainability, Energy, and Entertainment Network (SEEN) at Columbia's Climate School, Green Sports Alliance, Hollywood Climate Summit, Music Sustainability Alliance, Sustainable Entertainment Alliance, and Broadway Green Alliance","The Forum at Columbia University - 601 W. 125th St, Manhattan, New York, New York, 10027, United States","The Forum at Columbia University - 601 W. 125th St, Manhattan, New York, New York, 10027, United States",cities; health; transport-and-travel,https://luma.com/t1jnhm78,https://www.climateweeknyc.org/event-search/powering-forward-sustainable-sports-entertainment?hsLang=en,4 hours,English,powering-forward-sustainable-sports-entertainment,parsed
Embodied Carbon Game Night,official-week,20260921,"05:00pm, Monday, September 21, 2026","05:00pm - 06:30pm, Monday, September 21, 2026",In-person,Public,AIANY Committee on the Environment (COTE) and the Carbon Leadership Forum NYC,"11 W 42nd Street,  #6, Manhattan, New York, New York, 10036, United States","11 W 42nd Street,  #6, Manhattan, New York, New York, 10036, United States",built-environment,https://aiany.my.site.com/community/evt__QuickEvent?id=a0bPO000006qbCv,https://www.climateweeknyc.org/event-search/embodied-carbon-game-night?hsLang=en,1 hour 30 minutes,English,embodied-carbon-game-night,parsed
Partnerships for the Future,official-week,20260921,"09:00am, Monday, September 21, 2026","09:00am - 09:00pm, Monday, September 21, 2026",In-person,Private,Consulate General of Denmark in New York,"Various Manhattan locations, United States","Various Manhattan locations, United States",built-environment; energy; finance,https://mfa-events.dk/partnershipsforthefuture26,https://www.climateweeknyc.org/event-search/partnerships-for-the-future?hsLang=en,Multiple days,English,partnerships-for-the-future,parsed
Resilient Infrastructure: Planning for Tomorrow’s Climate Risks,official-week,20260921,"08:30am, Monday, September 21, 2026","08:30am - 10:00am, Monday, September 21, 2026",In-person,Private,"The U.S. Conference of Mayors, AECOM Advisory, C2ES","605 3rd Ave, Manhattan, New York, New York, 10158, United States","605 3rd Ave, Manhattan, New York, New York, 10158, United States",built-environment; health; policy,https://luma.com/admho24l,https://www.climateweeknyc.org/event-search/resilient-infrastructure-planning-for-tomorrows-climate-risks?hsLang=en,1 hour 30 minutes,English,resilient-infrastructure-planning-for-tomorrows-climate-risks,parsed
The Zero Parlour,official-week,20260921,"10:00am, Monday, September 21, 2026","10:00am - 05:00pm, Monday, September 21, 2026",In-person,Public,Brand Singapore led by the Ministry of Trade & Industry of Singapore (MTI),"Madison Square Park, 11 Madison Ave, New York, NY 10010, United States, Manhattan, New York, 10010, United States","Madison Square Park, 11 Madison Ave, New York, NY 10010, United States, Manhattan, New York, 10010, United States",cities; policy,,https://www.climateweeknyc.org/event-search/the-zero-parlour?hsLang=en,7 hours,English,the-zero-parlour,parsed
Are targets the wrong starting point?,official-week,20260921,"08:30am, Monday, September 21, 2026","08:30am - 10:30am, Monday, September 21, 2026",In-person,Private,Milkywire,"1216 Broadway, Manhattan, New York, New York, 10001, United States","1216 Broadway, Manhattan, New York, New York, 10001, United States",policy,https://luma.com/uu8tlb94,https://www.climateweeknyc.org/event-search/are-targets-the-wrong-starting-point?hsLang=en,1 hour 30 minutes,English,are-targets-the-wrong-starting-point,parsed
Can Love Save Us? Engaging Parents in the Climate Fight,official-week,20260921,"12:00pm, Monday, September 21, 2026","12:00pm - 01:30pm, Monday, September 21, 2026",In-person,Public,"Moms Clean Air Force, Medical Society Consortium on Climate and Health, Mothers Out Front, Nevada Clinicians for Climate Action","3 W. 51st St., Manhattan, New York, New York, 10019, United States","3 W. 51st St., Manhattan, New York, New York, 10019, United States",environmental-justice; health,https://form.jotform.com/262444905672058,https://www.climateweeknyc.org/event-search/can-love-save-us-engaging-parents-in-the-climate-fight?hsLang=en,1 hour 30 minutes,English,can-love-save-us-engaging-parents-in-the-climate-fight,parsed
"Light Hill: Art into Action, Educational Gallery",official-week,20260921,"11:00am, Monday, September 21, 2026","11:00am - 06:00pm, Monday, September 21, 2026",In-person,Public,Light Hill Collaborative,"74 Franklin Street, Manhattan, New York City, New York, 10013, United States","74 Franklin Street, Manhattan, New York City, New York, 10013, United States",energy; environmental-justice; policy,https://www.eventbrite.com/e/light-hill-art-into-action-educational-gallery-tickets-2000209310893?aff=oddtdtcreator,https://www.climateweeknyc.org/event-search/light-hill-art-into-action-educational-gallery?hsLang=en,Multiple days,English,light-hill-art-into-action-educational-gallery,parsed
Neste Energy Security Drinks Reception at the Residence of the Consul General of Finland in New York,official-week,20260921,"06:00pm, Monday, September 21, 2026","06:00pm - 08:00pm, Monday, September 21, 2026",In-person,Private,Neste,"Residence of the Consul General of Finland in New York | Address to be shared with the attendees, Manhattan, New York City, United States","Residence of the Consul General of Finland in New York | Address to be shared with the attendees, Manhattan, New York City, United States",built-environment; energy; transport-and-travel,https://www.lyyti.fi/reg/Energy_Security_drinks_reception_at_the_Official_Residence_of_the_Consul_General_of_Finland_4374,https://www.climateweeknyc.org/event-search/neste-energy-security-drinks-reception-at-the-residence-of-the-consul-general-of-finland-in-new-york?hsLang=en,2 hours,English,neste-energy-security-drinks-reception-at-the-residence-of-the-consul-general-of-finland-in-new-york,parsed
PCAF Signatory Workshop -- From Measurement to Decision Making,official-week,20260921,"08:30am, Monday, September 21, 2026","08:30am - 12:00pm, Monday, September 21, 2026",In-person,,Partnership for Carbon Accounting Financials (PCAF) & Deutsche Bank,,,,https://www.eventbrite.com/e/from-measurement-to-decision-making-tickets-1997570514181?aff=oddtdtcreator&keep_tld=true,https://www.climateweeknyc.org/event-search/pcaf-signatory-workshop-from-measurement-to-decision-making?hsLang=en,,English,pcaf-signatory-workshop-from-measurement-to-decision-making,parsed
climate is culture: bird song a dinner by Mike Sabath,official-week,20260921,"07:00pm, Monday, September 21, 2026","07:00pm - 10:00pm, Monday, September 21, 2026",In-person,Private,Lucas + Carroll,"Water Street, Brooklyn, New York, New York, United States","Water Street, Brooklyn, New York, New York, United States",health; nature,https://www.eventbrite.com/e/climate-is-culture-bird-song-a-dinner-with-mike-sabath-tickets-1999669294690,https://www.climateweeknyc.org/event-search/climate-is-culture-bird-song-a-dinner-by-mike-sabath?hsLang=en,3 hours,English,climate-is-culture-bird-song-a-dinner-by-mike-sabath,parsed
From Pasture to Port: Brights Spots in Supply Chain Traceability on Land and Sea,official-week,20260921,"03:30pm, Monday, September 21, 2026","03:30pm - 05:00pm, Monday, September 21, 2026",In-person,Public,The Nature Conservancy,"Scandinavia House, 58 Park Ave, Manhattan, New York, New York, 10016, United States","Scandinavia House, 58 Park Ave, Manhattan, New York, New York, 10016, United States",food; industry; nature,https://luma.com/af9uwjj4,https://www.climateweeknyc.org/event-search/from-pasture-to-port-brights-spots-in-supply-chain-traceability-on-land-and-sea?hsLang=en,1 hour 30 minutes,English,from-pasture-to-port-brights-spots-in-supply-chain-traceability-on-land-and-sea,parsed
Forest Restoration – from local to global,official-week,20260921,"09:30am, Monday, September 21, 2026","09:30am - 12:30am, Monday, September 21, 2026",In-person,Public,Wild Tomorrow and Broadway Mall Association,"2095 Broadway, Manhattan, New York, New York, 10023, United States","2095 Broadway, Manhattan, New York, New York, 10023, United States",nature,https://luma.com/vefy4rif,https://www.climateweeknyc.org/event-search/forest-restoration-from-local-to-global?hsLang=en,3 hours,English,forest-restoration-from-local-to-global,parsed
Lithuania-U.S. Presidential Energy & Resilience Forum,official-week,20260921,"09:30am, Monday, September 21, 2026","09:30am - 01:00pm, Monday, September 21, 2026",In-person,,Lithuania,Input Physical Address,Input Physical Address,energy; policy; technology-and-ai,https://luma.com/hnnimf1p,https://www.climateweeknyc.org/event-search/lithuania-us-presidential-energy-resilience-forum?hsLang=en,,English,lithuania-us-presidential-energy-resilience-forum,parsed
The Resilient Public Waterfront: Designing Climate Infrastructure for People,official-week,20260921,"06:00pm, Monday, September 21, 2026","06:00pm - 07:30pm, Monday, September 21, 2026",In-person,,SITELAB urban studio;WXY architecture + urban design;Regional Plan Association,"195 Broadway #26 Floor, Manhattan, New York, New York, 10007, United States","195 Broadway #26 Floor, Manhattan, New York, New York, 10007, United States",built-environment; cities; health,https://www.eventbrite.com/e/the-resilient-public-waterfront-tickets-1999123649651,https://www.climateweeknyc.org/event-search/the-resilient-public-waterfront-designing-climate-infrastructure-for-people?hsLang=en,,English,the-resilient-public-waterfront-designing-climate-infrastructure-for-people,parsed
Climate Week NYC Opening Roundtable – Why electrification is good business,official-week,20260921,"07:30am, Monday, September 21, 2026","07:30am - 09:00am, Monday, September 21, 2026",In-person,Private,Climate Group,New York City,New York City,energy,https://eur.cvent.me/9aR2QV?rt=V0Ac6ckJMkOxbM_kz8XScw&RefId=CrprtNnmbrsCWNYCStHLOPdApp,https://www.climateweeknyc.org/event-search/climate-week-nyc-opening-roundtable-why-electrification-is-good-business?hsLang=en,,English,climate-week-nyc-opening-roundtable-why-electrification-is-good-business,parsed
Senior Leader Roundtable on AI Emissions Transparency,official-week,20260921,"12:00pm, Monday, September 21, 2026","12:00pm - 02:00pm, Monday, September 21, 2026",In-person,Private,Climate Group,New York City,New York City,energy; technology-and-ai,https://eur.cvent.me/9aR2QV?rt=V0Ac6ckJMkOxbM_kz8XScw&RefId=CrprtNnmbrsCWNYCStHLOPdApp,https://www.climateweeknyc.org/event-search/senior-leader-roundtable-on-ai-emissions-transparency?hsLang=en,,English,senior-leader-roundtable-on-ai-emissions-transparency,parsed
Scoping Scope 2: How Can Companies Prep for a Changing GHG Protocol?,official-week,20260921,"11:30am, Monday, September 21, 2026","11:30am - 01:00pm, Monday, September 21, 2026",In-person,Private,Climate Group,New York City,New York City,industry,https://eur.cvent.me/9aR2QV?rt=V0Ac6ckJMkOxbM_kz8XScw&RefId=CrprtNnmbrsCWNYCStHLOPdApp,https://www.climateweeknyc.org/event-search/scoping-scope-2-how-can-companies-prep-for-a-changing-ghg-protocol?hsLang=en,,English,scoping-scope-2-how-can-companies-prep-for-a-changing-ghg-protocol,parsed
"Athlete Activism, Coffee and Climate with Football For Future & EcoAthletes",official-week,20260921,"09:00am, Monday, September 21, 2026","09:00am - 10:30am, Monday, September 21, 2026",In-person,Private,Football for future,"49 Elizabeth St, New York, NY 10013, United States, Manhattan, New York, New York, 10013, United States","49 Elizabeth St, New York, NY 10013, United States, Manhattan, New York, New York, 10013, United States",health,https://luma.com/qs58w1z7,https://www.climateweeknyc.org/event-search/athlete-activism-coffee-and-climate-with-football-for-future-ecoathletes?hsLang=en,1 hour 30 minutes,English,athlete-activism-coffee-and-climate-with-football-for-future-ecoathletes,parsed
Who’s Really Talking About Climate? With The Talking Climate Collaborative,official-week,20260921,"01:30pm, Monday, September 21, 2026","01:30pm - 02:30pm, Monday, September 21, 2026",In-person,Private,Solutions House,"Manhattan, New York, United States","Manhattan, New York, United States",health; policy,https://www.solutionshouse.net/new-york,https://www.climateweeknyc.org/event-search/whos-really-talking-about-climate-with-the-talking-climate-collaborative?hsLang=en,1 hour,English,whos-really-talking-about-climate-with-the-talking-climate-collaborative,parsed
Supercharging electromobility in Latin America: How can businesses collaborate across national borders to influence regional policy?,official-week,20260921,"11:30am, Monday, September 21, 2026","11:30am - 01:00pm, Monday, September 21, 2026",In-person,,Climate Group,New York City,New York City,policy; technology-and-ai,https://eur.cvent.me/9aR2QV?rt=V0Ac6ckJMkOxbM_kz8XScw&RefId=CrprtNnmbrsCWNYCStHLOPdApp,https://www.climateweeknyc.org/event-search/supercharging-electromobility-in-latin-america-how-can-businesses-collaborate-across-national-borders-to-influence-regional-policy?hsLang=en,,"English, Spanish",supercharging-electromobility-in-latin-america-how-can-businesses-collaborate-across-national-borders-to-influence-regional-policy,parsed
The Protein Boom Versus Climate Reality,official-week,20260921,"01:00pm, Monday, September 21, 2026","01:00pm - 02:00pm, Monday, September 21, 2026",In-person,Private,Solutions House,"Manhattan, New York, United States","Manhattan, New York, United States",food; health; industry,https://www.solutionshouse.net/new-york,https://www.climateweeknyc.org/event-search/the-protein-boom-versus-climate-reality?hsLang=en,1 hour,English,the-protein-boom-versus-climate-reality,parsed
F*ck Doom Hour,official-week,20260921,"06:30pm, Monday, September 21, 2026","06:30pm - 08:00pm, Monday, September 21, 2026",In-person,Private,Solutions House,"Manhattan, New York, United States","Manhattan, New York, United States",cities; health,https://www.solutionshouse.net/new-york,https://www.climateweeknyc.org/event-search/fck-doom-hour?hsLang=en,1 hour 30 minutes,English,fck-doom-hour,parsed
From pledge to panel: How Indonesia can deliver on its 100GW solar ambition,official-week,20260921,"03:30pm, Monday, September 21, 2026","03:30pm - 05:00pm, Monday, September 21, 2026",In-person,,Climate Group,New York City,New York City,energy,https://eur.cvent.me/9aR2QV?rt=V0Ac6ckJMkOxbM_kz8XScw&RefId=CrprtNnmbrsCWNYCStHLOPdApp,https://www.climateweeknyc.org/event-search/from-pledge-to-panel-how-indonesia-can-deliver-on-its-100gw-solar-ambition?hsLang=en,,English,from-pledge-to-panel-how-indonesia-can-deliver-on-its-100gw-solar-ambition,parsed
Worldbuilding Better (or Worse) Worlds - with Grist,official-week,20260921,"05:30pm, Monday, September 21, 2026","05:30pm - 06:30pm, Monday, September 21, 2026",In-person,Private,Solutions House,"Manhattan, New York, United States","Manhattan, New York, United States",cities; health; nature,https://www.solutionshouse.net/new-york,https://www.climateweeknyc.org/event-search/worldbuilding-better-or-worse-worlds-with-grist?hsLang=en,1 hour,English,worldbuilding-better-or-worse-worlds-with-grist,parsed
Resilient and Regenerative Design – Architects and policymakers on building the future,official-week,20260921,"11:30am, Monday, September 21, 2026","11:30am - 12:30pm, Monday, September 21, 2026",In-person,Private,Solutions House,"Manhattan, New York, United States","Manhattan, New York, United States",built-environment; cities; health,https://www.solutionshouse.net/new-york,https://www.climateweeknyc.org/event-search/resilient-and-regenerative-design-architects-and-policymakers-on-building-the-future?hsLang=en,1 hour,English,resilient-and-regenerative-design-architects-and-policymakers-on-building-the-future,parsed
Climate Solutionists Hiding in Plain Sight,official-week,20260921,"11:00am, Monday, September 21, 2026","11:00am - 12:00pm, Monday, September 21, 2026",In-person,Private,Solutions House,"Manhattan, New York, United States","Manhattan, New York, United States",health,https://www.solutionshouse.net/new-york,https://www.climateweeknyc.org/event-search/climate-solutionists-hiding-in-plain-sight?hsLang=en,1 hour,English,climate-solutionists-hiding-in-plain-sight,parsed
Live Recording of Two Steps Forward Podcast - Where Sustainability Meets Business Reality,official-week,20260921,"04:00pm, Monday, September 21, 2026","04:00pm - 05:30pm, Monday, September 21, 2026",In-person,Private,Solutions House,"Manhattan, New York, United States","Manhattan, New York, United States",cities; health; policy,https://www.solutionshouse.net/new-york,https://www.climateweeknyc.org/event-search/live-recording-of-two-steps-forward-podcast-where-sustainability-meets-business-reality?hsLang=en,1 hour 30 minutes,English,live-recording-of-two-steps-forward-podcast-where-sustainability-meets-business-reality,parsed
Moving Beyond Targets: Climate Action in Travel,official-week,20260921,"01:00pm, Monday, September 21, 2026","01:00pm - 02:30pm, Monday, September 21, 2026",In-person,Private,Solutions House,"Manhattan, New York, United States","Manhattan, New York, United States",transport-and-travel,https://www.solutionshouse.net/new-york,https://www.climateweeknyc.org/event-search/moving-beyond-targets-climate-action-in-travel?hsLang=en,1 hour 30 minutes,English,moving-beyond-targets-climate-action-in-travel,parsed
Sunken Suppers & Coastal Secrets: NYC’s Maritime Food History Walking Tour,official-week,20260922,"06:00pm, Tuesday, September 22, 2026","06:00pm - 07:30pm, Tuesday, September 22, 2026",In-person,Public,,"Tall Ship Wavertree, 89 South Street, Manhattan, New York, New York, 10038, United States","Tall Ship Wavertree, 89 South Street, Manhattan, New York, New York, 10038, United States",built-environment; food,https://sunkensuppers.eventbrite.com,https://www.climateweeknyc.org/event-search/sunken-suppers-coastal-secrets-nycs-maritime-food-history-walking-tour?hsLang=en,1 hour 30 minutes,English,sunken-suppers-coastal-secrets-nycs-maritime-food-history-walking-tour,parsed
Convening The Next-Gen Materials Transition,official-week,20260922,"03:30pm, Tuesday, September 22, 2026","03:30pm - 07:30pm, Tuesday, September 22, 2026",In-person,Private,EcoAge,"227 W 27th St, Manhattan, New York, New York, NY 10001, United States","227 W 27th St, Manhattan, New York, New York, NY 10001, United States",industry; nature; policy,https://nycw-nextgenmaterials.rsvpify.com,https://www.climateweeknyc.org/event-search/convening-the-next-gen-materials-transition?hsLang=en,4 hours,English,convening-the-next-gen-materials-transition,parsed
Build your Climate Action Plan in 60 minutes,official-week,20260922,"05:00pm, Tuesday, September 22, 2026","05:00pm - 06:00pm, Tuesday, September 22, 2026",Virtual,Public,,Online,Online,built-environment; energy; industry,https://events.teams.microsoft.com/event/747ca5f4-9d51-4e11-be01-e5ec64020d04@a6a571b6-85ca-4cc9-8a10-a88199ab3d56,https://www.climateweeknyc.org/event-search/build-your-climate-action-plan-in-60-minutes?hsLang=en,1 hour,English,build-your-climate-action-plan-in-60-minutes,parsed
Sip & Spark: Circular Economy Edition,official-week,20260922,"05:30pm, Tuesday, September 22, 2026","05:30pm - 08:00pm, Tuesday, September 22, 2026",In-person,Public,Community Climate Hub (formerly Zero Waste NYC),"381 Troutman St, Brooklyn, Brooklyn, New York, 11237, United States","381 Troutman St, Brooklyn, Brooklyn, New York, 11237, United States",cities; environmental-justice; finance; food; health; industry,https://luma.com/pnn9gqrs,https://www.climateweeknyc.org/event-search/sip-spark-circular-economy-edition?hsLang=en,2 hours 30 minutes,English,sip-spark-circular-economy-edition,parsed
MIT Solve Challenge Finals,official-week,20260922,"08:00am, Tuesday, September 22, 2026","08:00am - 07:00pm, Tuesday, September 22, 2026",In-person,Public,,"450 E 29th Street, Manhattan, New York, New York, 10016, United States","450 E 29th Street, Manhattan, New York, New York, 10016, United States",energy; health; industry,https://mitsolve.swoogo.com/solve-challenge-finals-2026,https://www.climateweeknyc.org/event-search/mit-solve-challenge-finals?hsLang=en,One day,English,mit-solve-challenge-finals,parsed
Sustainability LIVE: The Leadership Summit,official-week,20260922,"08:30am, Tuesday, September 22, 2026","08:30am - 04:30pm, Tuesday, September 22, 2026",In-person,Private,,"Javits Center, 429 11th Avenue, Manhattan, New York City, New York, NY 10001, United States","Javits Center, 429 11th Avenue, Manhattan, New York City, New York, NY 10001, United States",,https://sustainabilitymag.com/events/sustainability-live/sustainability-live-climate-week-nyc-2026/register-your-interest#58b6470795c4d8099576e1a80f279119,https://www.climateweeknyc.org/event-search/sustainability-live-the-leadership-summit?hsLang=en,One day,English,sustainability-live-the-leadership-summit,parsed
Datamaran's Executive Forum at Climate Week NYC,official-week,20260922,"03:30pm, Tuesday, September 22, 2026","03:30pm - 10:00pm, Tuesday, September 22, 2026",In-person,Private,Datamaran,"267 5th Ave, Manhattan, New York, New York, 10016, United States","267 5th Ave, Manhattan, New York, New York, 10016, United States",industry; policy; technology-and-ai,https://datamaran.registration.goldcast.io/events/daf5efe1-e421-4d88-80c6-eb3b94b57cef,https://www.climateweeknyc.org/event-search/datamaran-at-climate-week?hsLang=en,6 hours,English,datamaran-at-climate-week,parsed
Why Regenerative: Regenerative Systems Summit,official-week,20260922,"10:00am, Tuesday, September 22, 2026","10:00am - 03:00pm, Tuesday, September 22, 2026",In-person,Private,Why Regenerative,"873 Broadway, Manhattan, New York, New York, 10010, United States","873 Broadway, Manhattan, New York, New York, 10010, United States",food; health; nature,https://whyregenerative.com/climate-week,https://www.climateweeknyc.org/event-search/regenerative-systems-summit?hsLang=en,5 hours,English,regenerative-systems-summit,parsed
​Voice of the Future: Building Inclusive AI for African National Languages to Unlock Youth Employment,official-week,20260922,"10:00am, Tuesday, September 22, 2026","10:00am - 11:30am, Tuesday, September 22, 2026",Hybrid,Public,,"48 Wall Street, Manhattan, New York city, New York, 10005, United States","48 Wall Street, Manhattan, New York city, New York, 10005, United States",environmental-justice,https://www.congoyouthcoalition.org,https://www.climateweeknyc.org/event-search/voice-of-the-future-building-inclusive-ai-for-african-national-languages-to-unlock-youth-employment?hsLang=en,1 hour 30 minutes,"English, French",voice-of-the-future-building-inclusive-ai-for-african-national-languages-to-unlock-youth-employment,parsed
Rural America & The Clean Energy Transition,official-week,20260922,"12:00pm, Tuesday, September 22, 2026","12:00pm - 07:00pm, Tuesday, September 22, 2026",In-person,Public,Canary Media,"124 E 14th St., Manhattan, New York, New York, 10003, United States","124 E 14th St., Manhattan, New York, New York, 10003, United States",energy; environmental-justice; finance,https://ruralamericaclimateweek.eventbrite.com,https://www.climateweeknyc.org/event-search/rural-america-the-clean-energy-transition?hsLang=en,7 hours,English,rural-america-the-clean-energy-transition,parsed
Reforest the Future Summit,official-week,20260922,"08:00am, Tuesday, September 22, 2026","08:00am - 02:00pm, Tuesday, September 22, 2026",In-person,Private,,"Manhattan, New York City, New York, 10018, United States","Manhattan, New York City, New York, 10018, United States",finance; nature; policy,https://luma.com/db8gacv3,https://www.climateweeknyc.org/event-search/reforest-the-future-summit?hsLang=en,6 hours,English,reforest-the-future-summit,parsed
"Lewis Mumford Lecture: “From Crisis to Proximity: A New Social Contract for Cities,” Featuring Carlos Moreno",official-week,20260922,"06:00pm, Tuesday, September 22, 2026","06:00pm - 07:30pm, Tuesday, September 22, 2026",In-person,Public,,"160 Convent Avenue, Manhattan, New York, New York, 10031, United States","160 Convent Avenue, Manhattan, New York, New York, 10031, United States",built-environment; energy; environmental-justice,https://www.eventbrite.com/e/from-crisis-to-proximity-a-new-social-contract-for-cities-tickets-1992431402961?aff=oddtdtcreator#search,https://www.climateweeknyc.org/event-search/lewis-mumford-lecture-from-crisis-to-proximity-a-new-social-contract-for-cities-featuring-carlos-moreno?hsLang=en,1 hour 30 minutes,English,lewis-mumford-lecture-from-crisis-to-proximity-a-new-social-contract-for-cities-featuring-carlos-moreno,parsed
The Nest Campus,official-week,20260922,"07:30am, Tuesday, September 22, 2026","07:30am, Tuesday, September 22, 2026",In-person,Public,The Nest Campus,"North Javits Center  - 445 11th Ave, Manhattan, New York, New York, 10001, United States","North Javits Center  - 445 11th Ave, Manhattan, New York, New York, 10001, United States",,https://www.thenestclimatecampus.com/register?utm_campaign=43858591-TNC-Attendees-Free-2026&utm_source=Climate%20Group&utm_term=Directory%20Listing&utm_content=ClimateWeekNYC,https://www.climateweeknyc.org/event-search/the-nest-campus?hsLang=en,Multiple days,English,the-nest-campus,parsed
Addressing Food Insecurity: From Goal to Action.,official-week,20260922,"03:00pm, Tuesday, September 22, 2026","03:00pm - 07:00pm, Tuesday, September 22, 2026",In-person,Private,CookUnity,"Brooklyn, New York, 11206, United States","Brooklyn, New York, 11206, United States",cities; health,https://luma.com/d4n7uib0,https://www.climateweeknyc.org/event-search/food-systems-futures-at-cookunity-rethinking-climate-action-through-food-recovery-waste-prevention?hsLang=en,4 hours,English,food-systems-futures-at-cookunity-rethinking-climate-action-through-food-recovery-waste-prevention,parsed
Navigating the New Rules on Environmental Marketing: Perspectives from the U.S. and the E.U.,official-week,20260922,"09:00am, Tuesday, September 22, 2026","09:00am - 11:30am, Tuesday, September 22, 2026",In-person,Public,Frankfurt Kurnit,"28 Liberty Street, New York, New York, 10005, United States","28 Liberty Street, New York, New York, 10005, United States",policy,https://lp.constantcontactpages.com/ev/reg/2hs3k58,https://www.climateweeknyc.org/event-search/navigating-the-new-rules-on-environmental-marketing-perspectives-from-the-us-and-the-eu?hsLang=en,2 hours 30 minutes,English,navigating-the-new-rules-on-environmental-marketing-perspectives-from-the-us-and-the-eu,parsed
A Climate Investor's Guide to Fiduciary Duty: Who's Actually Looking Out for You?,official-week,20260922,"01:00pm, Tuesday, September 22, 2026","01:00pm - 02:00pm, Tuesday, September 22, 2026",Virtual,Public,Michelman Robinson and GreenPortfolio,Online,Online,finance; policy; technology-and-ai,https://luma.com/t1m5z1wp,https://www.climateweeknyc.org/event-search/a-climate-investors-guide-to-fiduciary-duty-whos-actually-looking-out-for-you?hsLang=en,1 hour,English,a-climate-investors-guide-to-fiduciary-duty-whos-actually-looking-out-for-you,parsed
Flagship Two: The choice – committing to competitive pathways,official-week,20260922,"09:00am, Tuesday, September 22, 2026","09:00am - 10:30am, Tuesday, September 22, 2026",In-person,,Climate Group,,,,https://www.climateweeknyc.org/the-hub-live?hsLang=en,https://www.climateweeknyc.org/event-search/flagship-two-the-choice-committing-to-competitive-pathways?hsLang=en,,English,flagship-two-the-choice-committing-to-competitive-pathways,parsed
The Cool House: The Unofficial Cooling Destination of Climate Week NYC,official-week,20260922,"09:00am, Tuesday, September 22, 2026","09:00am - 05:30pm, Tuesday, September 22, 2026",In-person,Public,Refrigerant Emissions Elimination Forum (REEF),"Oasis by Workville, Manhattan, Midtown, New York, 10001","Oasis by Workville, Manhattan, Midtown, New York, 10001",built-environment,https://luma.com/x9325kwa,https://www.climateweeknyc.org/event-search/the-cool-house-the-unofficial-cooling-destination-of-climate-week-nyc?hsLang=en,8 hours,English,the-cool-house-the-unofficial-cooling-destination-of-climate-week-nyc,parsed
Caribbean Energy Roundtable @ Climate Week,official-week,20260922,"06:00pm, Tuesday, September 22, 2026","06:00pm - 08:30pm, Tuesday, September 22, 2026",In-person,Private,Advanced Energy Group,"3 E 28th St, New York, New York, 10016, United States","3 E 28th St, New York, New York, 10016, United States",cities; energy; finance,https://luma.com/caribbeanenergy-cwnyc26,https://www.climateweeknyc.org/event-search/caribbean-energy-roundtable-climate-week?hsLang=en,2 hours 30 minutes,English,caribbean-energy-roundtable-climate-week,parsed
Seeing the South: A Photography Exhibition,official-week,20260922,"08:00am, Tuesday, September 22, 2026","08:00am - 04:00pm, Tuesday, September 22, 2026",In-person,Public,Southern Environmental Law Center,"29 W 23rd St, Manhattan, New York, New York, 10010, United States","29 W 23rd St, Manhattan, New York, New York, 10010, United States",environmental-justice; health; nature; transport-and-travel,https://www.selc.org/page/climate-week/?selcsrc=ClimateWeekNYCListing,https://www.climateweeknyc.org/event-search/seeing-the-south-a-photography-exhibition?hsLang=en,One day,English,seeing-the-south-a-photography-exhibition,parsed
Industrial Decarbonization & Urban Resilience,official-week,20260922,"09:00am, Tuesday, September 22, 2026","09:00am - 11:00am, Tuesday, September 22, 2026",In-person,Public,Climate Salon,"250 W 55th St, Manhattan, New York, New York, 10019, United States","250 W 55th St, Manhattan, New York, New York, 10019, United States",built-environment; cities; technology-and-ai,https://luma.com/wfe5k1gi,https://www.climateweeknyc.org/event-search/industrial-decarbonization-urban-resilience?hsLang=en,2 hours,English,industrial-decarbonization-urban-resilience,parsed
The Food Forum: building resilient food systems for planet and profit,official-week,20260922,"03:30pm, Tuesday, September 22, 2026","03:30pm - 05:30pm, Tuesday, September 22, 2026",In-person,Private,Climate Group,New York City,New York City,food,https://eur.cvent.me/9aR2QV?rt=V0Ac6ckJMkOxbM_kz8XScw&RefId=CrprtNnmbrsCWNYCStHLOPdApp,https://www.climateweeknyc.org/event-search/the-food-forum-building-resilient-food-systems-for-planet-and-profit?hsLang=en,,English,the-food-forum-building-resilient-food-systems-for-planet-and-profit,parsed
Hiding in plain sight: the conventional materials that will scale the clean economy,official-week,20260922,"03:30pm, Tuesday, September 22, 2026","03:30pm - 04:30pm, Tuesday, September 22, 2026",In-person,,Climate Group,New York City,New York City,industry,https://eur.cvent.me/9aR2QV?rt=V0Ac6ckJMkOxbM_kz8XScw&RefId=CrprtNnmbrsCWNYCStHLOPdApp,https://www.climateweeknyc.org/event-search/hiding-in-plain-sight-the-conventional-materials-that-will-scale-the-clean-economy?hsLang=en,,English,hiding-in-plain-sight-the-conventional-materials-that-will-scale-the-clean-economy,parsed
From “Listen to the Science” to the “Science of Listening?” How better storytelling has made climate great again,official-week,20260922,"03:30pm, Tuesday, September 22, 2026","03:30pm - 04:30pm, Tuesday, September 22, 2026",In-person,,Climate Group,New York City,New York City,policy,https://eur.cvent.me/9aR2QV?rt=V0Ac6ckJMkOxbM_kz8XScw&RefId=CrprtNnmbrsCWNYCStHLOPdApp,https://www.climateweeknyc.org/event-search/from-listen-to-the-science-to-the-science-of-listening-how-better-storytelling-has-made-climate-great-again?hsLang=en,,English,from-listen-to-the-science-to-the-science-of-listening-how-better-storytelling-has-made-climate-great-again,parsed
"Climate, security, and America’s place in a shifting world",official-week,20260922,"12:00pm, Tuesday, September 22, 2026","12:00pm - 01:00pm, Tuesday, September 22, 2026",In-person,Private,Climate Group,New York City,New York City,energy; policy,https://eur.cvent.me/9aR2QV?rt=V0Ac6ckJMkOxbM_kz8XScw&RefId=CrprtNnmbrsCWNYCStHLOPdApp,https://www.climateweeknyc.org/event-search/climate-security-and-americas-place-in-a-shifting-world?hsLang=en,,English,climate-security-and-americas-place-in-a-shifting-world,parsed
"Food Tank at Climate Week NYC: Nourishing the Future: How Farming Practices Shape the Food We Eat, the Health We Build, and the Longevity We Seek",official-week,20260922,"01:30pm, Tuesday, September 22, 2026","01:30pm - 04:30pm, Tuesday, September 22, 2026",Hybrid,Private,Food Tank and Diestel Family Ranch,"44 Charlton St, Manhattan, New York, New York, 10014, United States","44 Charlton St, Manhattan, New York, New York, 10014, United States",food; health; industry,https://www.eventbrite.com/e/climate-week-nyc-nourishing-the-future-tickets-1992854301863?aff=oddtdtcreator&keep_tld=true,https://www.climateweeknyc.org/event-search/food-tank-at-climate-week-nyc-nourishing-the-future-how-farming-practices-shape-the-food-we-eat-the-health-we-build-and-the-longevity-we-seek?hsLang=en,3 hours,English,food-tank-at-climate-week-nyc-nourishing-the-future-how-farming-practices-shape-the-food-we-eat-the-health-we-build-and-the-longevity-we-seek,parsed
"Emerging markets, electric futures: how do we unlock the best deal for the  Global South?",official-week,20260922,"12:00pm, Tuesday, September 22, 2026","12:00pm - 01:00pm, Tuesday, September 22, 2026",In-person,Private,Climate Group,New York City,New York City,energy; transport-and-travel,https://eur.cvent.me/9aR2QV?rt=V0Ac6ckJMkOxbM_kz8XScw&RefId=CrprtNnmbrsCWNYCStHLOPdApp,https://www.climateweeknyc.org/event-search/emerging-markets-electric-futures-how-do-we-unlock-the-best-deal-for-the-global-south?hsLang=en,,English,emerging-markets-electric-futures-how-do-we-unlock-the-best-deal-for-the-global-south,parsed
Moving US forward for climate,official-week,20260922,"11:00am, Tuesday, September 22, 2026","11:00am - 12:00pm, Tuesday, September 22, 2026",In-person,Private,Climate Group,New York City,New York City,policy,https://eur.cvent.me/9aR2QV?rt=V0Ac6ckJMkOxbM_kz8XScw&RefId=CrprtNnmbrsCWNYCStHLOPdApp,https://www.climateweeknyc.org/event-search/moving-us-forward-for-climate?hsLang=en,,English,moving-us-forward-for-climate,parsed
"Future factories: How efficiency, electrification and AI will remake modern manufacturing",official-week,20260922,"03:30pm, Tuesday, September 22, 2026","03:30pm - 04:30pm, Tuesday, September 22, 2026",In-person,Private,Climate Group,New York City,New York City,transport-and-travel,https://eur.cvent.me/9aR2QV?rt=V0Ac6ckJMkOxbM_kz8XScw&RefId=CrprtNnmbrsCWNYCStHLOPdApp,https://www.climateweeknyc.org/event-search/future-factories-how-efficiency-electrification-and-ai-will-remake-modern-manufacturing?hsLang=en,,English,future-factories-how-efficiency-electrification-and-ai-will-remake-modern-manufacturing,parsed
Food Tank at Climate Week NYC: People-Focused. Climate-Friendly. Food-Forward New York City,official-week,20260922,"06:30pm, Tuesday, September 22, 2026","06:30pm - 09:30pm, Tuesday, September 22, 2026",Hybrid,Private,"Food Tank, the NYC Mayor’s Office, Support + Feed, and Strong Roots","44 Charlton St, Manhattan, New York, New York, 10014, United States","44 Charlton St, Manhattan, New York, New York, 10014, United States",cities; environmental-justice; policy,https://www.eventbrite.com/e/climate-week-nyc-people-focused-climate-friendly-food-forward-nyc-tickets-1992856836444?aff=oddtdtcreator&keep_tld=true,https://www.climateweeknyc.org/event-search/food-tank-at-climate-week-nyc-people-focused-climate-friendly-food-forward-new-york-city?hsLang=en,3 hours,English,food-tank-at-climate-week-nyc-people-focused-climate-friendly-food-forward-new-york-city,parsed
Food Tank at Climate Week NYC: Thriving Farms and Ranches,official-week,20260922,"09:00am, Tuesday, September 22, 2026","09:00am - 12:00pm, Tuesday, September 22, 2026",Hybrid,Private,Food Tank and American Farmland Trust,"44 Charlton St, Manhattan, New York, New York, 10014, United States","44 Charlton St, Manhattan, New York, New York, 10014, United States",food; industry; policy,https://www.eventbrite.com/e/climate-week-nyc-thriving-farms-and-ranches-tickets-1993617564803?aff=oddtdtcreator,https://www.climateweeknyc.org/event-search/food-tank-at-climate-week-nyc-thriving-farms-and-ranches?hsLang=en,3 hours,English,food-tank-at-climate-week-nyc-thriving-farms-and-ranches,parsed
Scaling low-carbon growth – winning in a volatile world,official-week,20260922,"12:00pm, Tuesday, September 22, 2026","12:00pm - 01:00pm, Tuesday, September 22, 2026",In-person,Private,Climate Group,New York City,New York City,policy,https://eur.cvent.me/9aR2QV?rt=V0Ac6ckJMkOxbM_kz8XScw&RefId=CrprtNnmbrsCWNYCStHLOPdApp,https://www.climateweeknyc.org/event-search/scaling-low-carbon-growth-winning-in-a-volatile-world?hsLang=en,,English,scaling-low-carbon-growth-winning-in-a-volatile-world,parsed
"Climate as growth: how to communicate opportunity, not cost",official-week,20260922,"04:30pm, Tuesday, September 22, 2026","04:30pm - 05:30pm, Tuesday, September 22, 2026",In-person,Private,Climate Group,New York City,New York City,policy,https://eur.cvent.me/9aR2QV?rt=V0Ac6ckJMkOxbM_kz8XScw&RefId=CrprtNnmbrsCWNYCStHLOPdApp,https://www.climateweeknyc.org/event-search/climate-as-growth-how-to-communicate-opportunity-not-cost?hsLang=en,,English,climate-as-growth-how-to-communicate-opportunity-not-cost,parsed
The AI Forum: Scaling sustainable infrastructure,official-week,20260922,"11:00am, Tuesday, September 22, 2026","11:00am - 12:00pm, Tuesday, September 22, 2026",In-person,Private,Climate Group,New York City,New York City,energy; technology-and-ai,https://eur.cvent.me/9aR2QV?rt=V0Ac6ckJMkOxbM_kz8XScw&RefId=CrprtNnmbrsCWNYCStHLOPdApp,https://www.climateweeknyc.org/event-search/the-ai-forum-scaling-sustainable-infrastructure?hsLang=en,,English,the-ai-forum-scaling-sustainable-infrastructure,parsed
How to change the world: with Special Guest,official-week,20260922,"04:30pm, Tuesday, September 22, 2026","04:30pm - 05:30pm, Tuesday, September 22, 2026",In-person,,Climate Group,New York City,New York City,policy,https://eur.cvent.me/9aR2QV?rt=V0Ac6ckJMkOxbM_kz8XScw&RefId=CrprtNnmbrsCWNYCStHLOPdApp,https://www.climateweeknyc.org/event-search/how-to-change-the-world-with-special-guest?hsLang=en,,English,how-to-change-the-world-with-special-guest,parsed
The Invisible Ceiling: Why the qualities that made you exceptional as a climate leader are now working against you,official-week,20260922,"09:15am, Tuesday, September 22, 2026","09:15am - 10:45am, Tuesday, September 22, 2026",Virtual,Public,,Online,Online,industry,https://luma.com/i3z1pobd,https://www.climateweeknyc.org/event-search/the-invisible-ceiling-why-the-qualities-that-made-you-exceptional-as-a-climate-leader-are-now-working-against-you?hsLang=en,1 hour 30 minutes,English,the-invisible-ceiling-why-the-qualities-that-made-you-exceptional-as-a-climate-leader-are-now-working-against-you,parsed
The Urban Systems Symposium,official-week,20260922,"09:00am, Tuesday, September 22, 2026","09:00am - 06:00pm, Tuesday, September 22, 2026",In-person,Private,New York University,"40 Washington Square South, Manhattan, New York, New York, 10012, United States","40 Washington Square South, Manhattan, New York, New York, 10012, United States",cities; health; policy,https://www.urbansystems.org/,https://www.climateweeknyc.org/event-search/the-urban-systems-symposium?hsLang=en,One day,English,the-urban-systems-symposium,parsed
Data Centers: Community-Led Advocacy to Real Solutions,official-week,20260922,"09:00am, Tuesday, September 22, 2026","09:00am - 10:30am, Tuesday, September 22, 2026",In-person,Public,Southern Environmental Law Center,"Manhattan, United States","Manhattan, United States",cities; energy; environmental-justice,https://www.selc.org/page/climate-week/?selcsrc=ClimateWeekNYCListing#datacenters,https://www.climateweeknyc.org/event-search/data-centers-community-led-advocacy-to-real-solutions?hsLang=en,1 hour 30 minutes,English,data-centers-community-led-advocacy-to-real-solutions,parsed
The Next Frontier in Road Transport Decarbonization,official-week,20260922,"04:00pm, Tuesday, September 22, 2026","04:00pm - 06:30pm, Tuesday, September 22, 2026",In-person,Private,ACT Group,,,environmental-justice; industry; transport-and-travel,https://forms.cloud.microsoft/e/Jm8yQqGdSR,https://www.climateweeknyc.org/event-search/the-next-frontier-in-road-transport-decarbonization?hsLang=en,2 hours 30 minutes,English,the-next-frontier-in-road-transport-decarbonization,parsed
Circular Supply Chain Summit,official-week,20260922,"09:00am, Tuesday, September 22, 2026","09:00am - 05:00pm, Tuesday, September 22, 2026",In-person,Public,Circular Supply Chain Network,"137 Grand St., Manhattan, New York, New York, 10013, United States","137 Grand St., Manhattan, New York, New York, 10013, United States",cities; industry; technology-and-ai,https://luma.com/axhd5qj2,https://www.climateweeknyc.org/event-search/circular-supply-chain-summit?hsLang=en,One day,English,circular-supply-chain-summit,parsed
"Interdisciplinary Student Symposium: ""OUR FUTURE: Moving Society from Ego-centrism to Eco-centrism""",official-week,20260922,"01:00pm, Tuesday, September 22, 2026","01:00pm - 05:00pm, Tuesday, September 22, 2026",Hybrid,Public,Society for Earth Law,"SUNY Global Center, 116 E 55th St., Manhattan, New York, New York, 10022, United States","SUNY Global Center, 116 E 55th St., Manhattan, New York, New York, 10022, United States",nature; policy,https://www.societyforearthlaw.org/soel-at-climate-week-nyc-2026,https://www.climateweeknyc.org/event-search/interdisciplinary-student-symposium-our-future-moving-society-from-ego-centrism-to-eco-centrism?hsLang=en,4 hours,English,interdisciplinary-student-symposium-our-future-moving-society-from-ego-centrism-to-eco-centrism,parsed
"Climate Under Pressure: A Corporate Fishbowl on Risk, Resilience, and Finance",official-week,20260922,"03:30pm, Tuesday, September 22, 2026","03:30pm - 06:00pm, Tuesday, September 22, 2026",In-person,Private,The Conference Board,"875 3rd Ave, Manhattan, New York, New York, 10022, United States","875 3rd Ave, Manhattan, New York, New York, 10022, United States",finance; industry,https://www.conference-board.org/events/Climate-week,https://www.climateweeknyc.org/event-search/climate-under-pressure-a-corporate-fishbowl-on-risk-resilience-and-finance?hsLang=en,2 hours 30 minutes,English,climate-under-pressure-a-corporate-fishbowl-on-risk-resilience-and-finance,parsed
Securing growth in a resource-constrained world,official-week,20260922,"03:00pm, Tuesday, September 22, 2026","03:00pm - 06:00pm, Tuesday, September 22, 2026",In-person,Private,"Earth Finance, featuring SpatiaFi","New York City, New York, United States","New York City, New York, United States",energy; environmental-justice; food; health; industry,https://luma.com/6qrodwpl,https://www.climateweeknyc.org/event-search/securing-growth-in-a-resource-constrained-world?hsLang=en,3 hours,English,securing-growth-in-a-resource-constrained-world,parsed
Investing in Circularity: The Business Case for Aluminium Beverage Can Recycling,official-week,20260922,"03:00pm, Tuesday, September 22, 2026","03:00pm - 07:00pm, Tuesday, September 22, 2026",In-person,Public,"International Aluminium Institute, Can Manufacturers Institute, US Aluminum Association","730 Third Avenue, Manhattan, New York City, New York, 10017, United States","730 Third Avenue, Manhattan, New York City, New York, 10017, United States",finance; industry,https://international-aluminium.org/events/climate-week-nyc/,https://www.climateweeknyc.org/event-search/investing-in-circularity-the-business-case-for-aluminium-beverage-can-recycling?hsLang=en,4 hours,English,investing-in-circularity-the-business-case-for-aluminium-beverage-can-recycling,parsed
"Investing in Reliable, Affordable Clean Energy at Scale",official-week,20260922,"08:30am, Tuesday, September 22, 2026","08:30am - 11:00am, Tuesday, September 22, 2026",In-person,Private,"Business Council for Sustainable Energy, CleanCapital, and White & Case",,,energy; finance,https://luma.com/2y2my4gm,https://www.climateweeknyc.org/event-search/investing-in-reliable-affordable-clean-energy-at-scale?hsLang=en,2 hours 30 minutes,English,investing-in-reliable-affordable-clean-energy-at-scale,parsed
"Climate Crossroads 2026 - Resilient rural systems: regenerative agriculture, carbon and finance",official-week,20260922,"08:30am, Tuesday, September 22, 2026","08:30am - 03:00pm, Tuesday, September 22, 2026",In-person,Public,"O Mundo Que Queremos, Eccon Soluções Ambientais and NYU Wagner Social Impact, Innovation, and Investment (SI3) Specialization","Robert F. Wagner Graduate School of Public Service, 105 E 17th St., Manhattan, New York, New York, 10003, United States","Robert F. Wagner Graduate School of Public Service, 105 E 17th St., Manhattan, New York, New York, 10003, United States",cities; food; health,https://docs.google.com/forms/d/e/1FAIpQLSfliUruGZ3nG4zCWnTyBCBkYbaByq_dSTGJR6n9L7qw8avglw/viewform,https://www.climateweeknyc.org/event-search/climate-crossroads-2026-resilient-rural-systems-regenerative-agriculture-carbon-and-finance?hsLang=en,7 hours,English,climate-crossroads-2026-resilient-rural-systems-regenerative-agriculture-carbon-and-finance,parsed
Beyond the Pilot: Securing Corporate Adoption,official-week,20260922,"01:00pm, Tuesday, September 22, 2026","01:00pm - 03:00pm, Tuesday, September 22, 2026",In-person,Public,LACI at BATWorks and Urban Future Lab (UFL),"80 58th Street, Brooklyn, Brooklyn, New York, 11220, United States","80 58th Street, Brooklyn, Brooklyn, New York, 11220, United States",energy; health; technology-and-ai,https://events.laincubator.org/cwnyc26-beyond-pilot-corporate-adoption,https://www.climateweeknyc.org/event-search/beyond-the-pilot-securing-corporate-adoption?hsLang=en,2 hours,English,beyond-the-pilot-securing-corporate-adoption,parsed
Please Don't Flush: Gowanus,official-week,20260922,"06:30pm, Tuesday, September 22, 2026","06:30pm - 07:30pm, Tuesday, September 22, 2026",In-person,Public,Flood Sensor Aunty,"303 Bond Street, Brooklyn, Brooklyn, New York, 11231, United States","303 Bond Street, Brooklyn, Brooklyn, New York, 11231, United States",environmental-justice; health,https://forms.gle/YgqtYed1MuEqPvXu6,https://www.climateweeknyc.org/event-search/please-dont-flush-gowanus?hsLang=en,1 hour,English,please-dont-flush-gowanus,parsed
Climate Week NYC: Pollinator Craft @ North Forest Park Library - QPL,official-week,20260922,"03:30pm, Tuesday, September 22, 2026","03:30pm - 04:15pm, Tuesday, September 22, 2026",In-person,Public,Queens Public Library,"98-27 Metropolitan Ave, Queens, Forest Hills, New York, 11375, United States","98-27 Metropolitan Ave, Queens, Forest Hills, New York, 11375, United States",,,https://www.climateweeknyc.org/event-search/climate-week-nyc-pollinator-craft-north-forest-park-library-qpl?hsLang=en,1 hour,English,climate-week-nyc-pollinator-craft-north-forest-park-library-qpl,parsed
Resilience Action Lab: Building an Integrated Just Transition for Our Communities,official-week,20260922,"12:00pm, Tuesday, September 22, 2026","12:00pm - 02:30pm, Tuesday, September 22, 2026",In-person,Private,Dartmouth Climate Collaborative,"Cornell Club 6 E 44th St, Manhattan, New York, New York, 10017, United States","Cornell Club 6 E 44th St, Manhattan, New York, New York, 10017, United States",energy; environmental-justice; policy,https://climate.dartmouth.edu/news-events/climate-week-new-york-city-2026,https://www.climateweeknyc.org/event-search/resilience-action-lab-building-an-integrated-just-transition-for-our-communities?hsLang=en,2 hours 30 minutes,English,resilience-action-lab-building-an-integrated-just-transition-for-our-communities,parsed
Storing the Future: How Utility-Scale Storage is Unlocking the Clean Energy Transition,official-week,20260922,"10:00am, Tuesday, September 22, 2026","10:00am - 12:30pm, Tuesday, September 22, 2026",In-person,Private,Center for Resource Solutions  |  NERA,"1166 Avenue of the Americas, 35th Floor, Manhattan, New York, New York, 10036, United States","1166 Avenue of the Americas, 35th Floor, Manhattan, New York, New York, 10036, United States",energy,https://www.neraevents.com/event/NYCW2026,https://www.climateweeknyc.org/event-search/the-missing-market-signals-how-to-reward-storage-for-clean-energy-value?hsLang=en,2 hours 30 minutes,English,the-missing-market-signals-how-to-reward-storage-for-clean-energy-value,parsed
Free Central Park Bike Tour for Climate Week NYC 5,official-week,20260922,"11:00am, Tuesday, September 22, 2026","11:00am - 01:00pm, Tuesday, September 22, 2026",In-person,Public,Holland Bikes,"446 W54th Street, Manhattan, New York, New York, 10019, United States","446 W54th Street, Manhattan, New York, New York, 10019, United States",cities,https://fareharbor.com/embeds/book/hollandbikes-ny/items/595323/availability/2121335211/book/?full-items=yes,https://www.climateweeknyc.org/event-search/free-central-park-bike-tour-for-climate-week-nyc-5?hsLang=en,2 hours,English,free-central-park-bike-tour-for-climate-week-nyc-5,parsed
The Social Acceptance Advantage: Pricing in People to Accelerate the Transition,official-week,20260922,"12:30pm, Tuesday, September 22, 2026","12:30pm - 02:30am, Tuesday, September 22, 2026",In-person,Private,"WBCSD, ERM","277 Park Avenue, Manhattan, New York, New York, 10172, United States","277 Park Avenue, Manhattan, New York, New York, 10172, United States",energy; environmental-justice; policy; transport-and-travel,https://wbcsd2.my.salesforce-sites.com/dashboards/GuestEventPageV2?aId=a0POS00000hRGuT,https://www.climateweeknyc.org/event-search/the-social-acceptance-advantage-pricing-in-people-to-accelerate-the-transition?hsLang=en,1 hour 30 minutes,English,the-social-acceptance-advantage-pricing-in-people-to-accelerate-the-transition,parsed
"Vital Signs: Climate × Health — Empowering Youth to Build Healthier, Climate-Resilient Communities",official-week,20260922,"09:00am, Tuesday, September 22, 2026","09:00am - 10:30am, Tuesday, September 22, 2026",Hybrid,Public,Hope Vaada Foundation,Online,Online,health,https://forms.gle/t8NK696yognwzeSFA,https://www.climateweeknyc.org/event-search/vital-signs-climate-health-empowering-youth-to-build-healthier-climate-resilient-communities?hsLang=en,1 hour 30 minutes,English,vital-signs-climate-health-empowering-youth-to-build-healthier-climate-resilient-communities,parsed
Why the Corner Has No Store: The Rules That Make Us Drive,official-week,20260922,"10:30am, Tuesday, September 22, 2026","10:30am - 12:00pm, Tuesday, September 22, 2026",In-person,Public,The Parking Reform Network,"49 Elizabeth St. 6th Floor, Manhattan, New York, New York, 10013, United States","49 Elizabeth St. 6th Floor, Manhattan, New York, New York, 10013, United States",built-environment; cities; transport-and-travel,https://luma.com/parking-bajt,https://www.climateweeknyc.org/event-search/why-the-corner-has-no-store-the-rules-that-make-us-drive?hsLang=en,1 hour 30 minutes,English,why-the-corner-has-no-store-the-rules-that-make-us-drive,parsed
Transit Abundance is a Climate Solution,official-week,20260922,"09:00am, Tuesday, September 22, 2026","09:00am - 10:30am, Tuesday, September 22, 2026",In-person,Public,"Metropolitan Abundance Project, Institute for Progress, and Parking Reform Network","49 Elizabeth St. 6th Floor, Manhattan, New York, New York, 10013, United States","49 Elizabeth St. 6th Floor, Manhattan, New York, New York, 10013, United States",cities; transport-and-travel,https://luma.com/parking-qmu7,https://www.climateweeknyc.org/event-search/transportation-abundance?hsLang=en,1 hour 30 minutes,English,transportation-abundance,parsed
"Climate Week NYC: ""WALL-E"" Movie Screening @ Bayside Library - QPL",official-week,20260922,"04:00pm, Tuesday, September 22, 2026","04:00pm - 06:00pm, Tuesday, September 22, 2026",In-person,Public,Queens Public Library,"214-20 Northern Blvd., Queens, Bayside, New York, 11361, United States","214-20 Northern Blvd., Queens, Bayside, New York, 11361, United States",,,https://www.climateweeknyc.org/event-search/climate-week-nyc-wall-e-movie-screening-bayside-library-qpl?hsLang=en,2 hours,English,climate-week-nyc-wall-e-movie-screening-bayside-library-qpl,parsed
Affordable and Resilient: Community-based Sustainable Energy Transitions,official-week,20260922,"03:00pm, Tuesday, September 22, 2026","03:00pm - 04:15pm, Tuesday, September 22, 2026",In-person,Private,Dartmouth Climate Collaborative & Sustainability Office,"Cornell Club, 6 E 44th St, Manhattan, New York, New York, 10017, United States","Cornell Club, 6 E 44th St, Manhattan, New York, New York, 10017, United States",energy; environmental-justice,https://climate.dartmouth.edu/news-events/climate-week-new-york-city-2026,https://www.climateweeknyc.org/event-search/affordable-and-resilient-community-based-sustainable-energy-transitions?hsLang=en,1 hour,English,affordable-and-resilient-community-based-sustainable-energy-transitions,parsed
Climate Week NYC: Digital Activism Tech Lab @ Flushing Library - QPL,official-week,20260922,"03:30pm, Tuesday, September 22, 2026","03:30pm - 04:30pm, Tuesday, September 22, 2026",In-person,Public,Queens Public Library,"41-17 Main Street, Queens, Flushing, New York, 11355, United States","41-17 Main Street, Queens, Flushing, New York, 11355, United States",environmental-justice; technology-and-ai,https://www.queenslibrary.org/calendar/climate-week-nyc-digital-activism-tech-lab/001129-0726,https://www.climateweeknyc.org/event-search/climate-week-nyc-digital-activism-tech-lab-flushing-library-qpl?hsLang=en,1 hour,English,climate-week-nyc-digital-activism-tech-lab-flushing-library-qpl,parsed
Climate Week NYC: Letters of Gratitude for Our Community Helpers @ Maspeth Library - QPL,official-week,20260922,"03:00pm, Tuesday, September 22, 2026","03:00pm - 04:00pm, Tuesday, September 22, 2026",In-person,Public,Queens Public Library,"6970 Grand Ave., Queens, Maspeth, New York, 11378, United States","6970 Grand Ave., Queens, Maspeth, New York, 11378, United States",cities; environmental-justice; policy,,https://www.climateweeknyc.org/event-search/climate-week-nyc-letters-of-gratitude-for-our-community-helpers-maspeth-library-qpl?hsLang=en,1 hour,English,climate-week-nyc-letters-of-gratitude-for-our-community-helpers-maspeth-library-qpl,parsed
Powering the Future: Fusion & AI,official-week,20260922,"03:30pm, Tuesday, September 22, 2026","03:30pm - 07:00pm, Tuesday, September 22, 2026",In-person,Public,Fusion Industry Association & CBRE,"200 Park Ave, Manhattan, New York City, New York, 10166, United States","200 Park Ave, Manhattan, New York City, New York, 10166, United States",energy; technology-and-ai,https://fia-powering-the-future-fusion-ai.eventsairsite.com/,https://www.climateweeknyc.org/event-search/powering-the-future-fusion-ai?hsLang=en,4 hours,English,powering-the-future-fusion-ai,parsed
"Powering America's Future: Innovation, Investment & Meeting Rising Energy Demand",official-week,20260922,"03:30pm, Tuesday, September 22, 2026","03:30pm - 06:30pm, Tuesday, September 22, 2026",In-person,Private,Bracewell LLP and Business Council for Sustainable Energy,"31 West 52nd Street, Manhattan, New York, New York, 10016, United States","31 West 52nd Street, Manhattan, New York, New York, 10016, United States",finance; policy,https://www.bracewell.com/news-events/powering-americas-future-innovation-investment-meeting-rising-energy-demand/,https://www.climateweeknyc.org/event-search/powering-americas-future-innovation-investment-meeting-rising-energy-demand?hsLang=en,2 hours 30 minutes,English,powering-americas-future-innovation-investment-meeting-rising-energy-demand,parsed
Climate Week: Investors & Founders Connect,official-week,20260922,"04:00pm, Tuesday, September 22, 2026","04:00pm - 07:00pm, Tuesday, September 22, 2026",In-person,Private,Innovation Space and Goodwin Procter,"620 8th Ave, Manhattan, New York, New York, 10018, United States","620 8th Ave, Manhattan, New York, New York, 10018, United States",energy; finance; industry,https://share.hsforms.com/1BvI5HjkLR3SyPaC9wRw4Lg4bpzr,https://www.climateweeknyc.org/event-search/climate-week-investors-founders-connect?hsLang=en,3 hours,English,climate-week-investors-founders-connect,parsed
Climate Jam 2026,official-week,20260922,"07:00pm, Tuesday, September 22, 2026","07:00pm - 11:00pm, Tuesday, September 22, 2026",In-person,Public,Broadscale Group,"61 Wythe Ave, Brooklyn, Brooklyn, New York, 11249, United States","61 Wythe Ave, Brooklyn, Brooklyn, New York, 11249, United States",health; nature,https://www.brooklynbowl.com/brooklyn/events/detail/climate-jam-k7vgf_8kxoymg,https://www.climateweeknyc.org/event-search/climate-jam-2026?hsLang=en,4 hours,English,climate-jam-2026,parsed
Pledge 1% Climate Week Luncheon,official-week,20260922,"12:00pm, Tuesday, September 22, 2026","12:00pm - 02:00pm, Tuesday, September 22, 2026",In-person,Private,Pledge 1%,,,policy,https://pledge1atunga.splashthat.com/,https://www.climateweeknyc.org/event-search/pledge-1-climate-week-luncheon?hsLang=en,2 hours,English,pledge-1-climate-week-luncheon,parsed
Urban Soils Therapy @ Arverne Library - QPL,official-week,20260922,"03:30pm, Tuesday, September 22, 2026","03:30pm - 05:00pm, Tuesday, September 22, 2026",In-person,Public,Big Reuse at Queens Public Library (QPL),"312 Beach 54 Street, Queens, Arverne, New York, 11692, United States","312 Beach 54 Street, Queens, Arverne, New York, 11692, United States",cities; food; nature,https://queenslibrary.org/,https://www.climateweeknyc.org/event-search/urban-soils-therapy-arverne-library-qpl?hsLang=en,1 hour 30 minutes,English,urban-soils-therapy-arverne-library-qpl,parsed
SOUND TRACK for a Just Rural Transition,official-week,20260922,"02:00pm, Tuesday, September 22, 2026","02:00pm - 04:15pm, Tuesday, September 22, 2026",In-person,Public,"Clim-Eat & Laurie M. Tisch Center for Food, Education and Policy","15 West 38th Street, Manhattan, New York, New York, NY 10018, United States","15 West 38th Street, Manhattan, New York, New York, NY 10018, United States",food,https://forms.gle/qMd74BS9aihtVctm9,https://www.climateweeknyc.org/event-search/sound-track-for-a-just-rural-transition?hsLang=en,2 hours,English,sound-track-for-a-just-rural-transition,parsed
Nordic Investor Night - LP Reception,official-week,20260922,"05:30pm, Tuesday, September 22, 2026","05:30pm - 08:30pm, Tuesday, September 22, 2026",In-person,Private,"Helsinki Partners, Copenhagen Capacity, Stockholm Business Region, Oslo & Co and Business Iceland","300 Spring St, Manhattan, New York City, New York, 10013, United States","300 Spring St, Manhattan, New York City, New York, 10013, United States",food; technology-and-ai,https://luma.com/lle53hav,https://www.climateweeknyc.org/event-search/nordic-investor-night-lp-reception?hsLang=en,3 hours,English,nordic-investor-night-lp-reception,parsed
"Climate-Resilient Cities for Everyone: Homelessness, Housing and Climate Justice",official-week,20260922,"09:00am, Tuesday, September 22, 2026","09:00am - 10:00am, Tuesday, September 22, 2026",Virtual,Public,Depaul International and the Global Climate Change-Homelessness Network,Online,Online,cities; energy; finance,https://us02web.zoom.us/meeting/register/I5Kv9oVKSMy_nP68_bXl3Q,https://www.climateweeknyc.org/event-search/climate-resilient-cities-for-everyone-homelessness-housing-and-climate-justice?hsLang=en,1 hour,English,climate-resilient-cities-for-everyone-homelessness-housing-and-climate-justice,parsed
Investing in the Future of Food Systems: Beyond the Business Case,official-week,20260922,"07:30am, Tuesday, September 22, 2026","07:30am - 09:00am, Tuesday, September 22, 2026",In-person,Private,US Sustainable Investment Forum & Food Systems for the Future Institute (kindly hosted by Neuberger),"1290 Avenue of the Americas  New York, NY 10104, Manhattan, New York, New York, 10104, United States","1290 Avenue of the Americas  New York, NY 10104, Manhattan, New York, New York, 10104, United States",health,https://forms.cloud.microsoft/r/LCvHjqfGt2,https://www.climateweeknyc.org/event-search/investing-in-the-future-of-food-systems-beyond-the-business-case?hsLang=en,1 hour 30 minutes,English,investing-in-the-future-of-food-systems-beyond-the-business-case,parsed
Shaping The Future Of Resilient Marine Infrastructure,official-week,20260922,"05:00pm, Tuesday, September 22, 2026","05:00pm - 08:00pm, Tuesday, September 22, 2026",In-person,Private,ECOncrete,"NYC, United States","NYC, United States",built-environment; cities; nature,https://luma.com/ECOncreteClimateWeekNYC26,https://www.climateweeknyc.org/event-search/econcrete-at-nycw-2026-leading-the-shift-toward-nature-positive-infrastructure?hsLang=en,Multiple days,English,econcrete-at-nycw-2026-leading-the-shift-toward-nature-positive-infrastructure,parsed
"Fairness, flexibility, and the future of the grid: The role of virtual power plants in meeting data center energy demand",official-week,20260922,"10:30am, Tuesday, September 22, 2026","10:30am - 01:00pm, Tuesday, September 22, 2026",In-person,,EnergyHub,"159 West 25th Street, 2nd Floor, Manhattan, New York, New York, 10001, United States","159 West 25th Street, 2nd Floor, Manhattan, New York, New York, 10001, United States",energy; technology-and-ai,https://www.energyhub.com/resource/fairness-flexibility-and-the-future-of-the-grid,https://www.climateweeknyc.org/event-search/fairness-flexibility-and-the-future-of-the-grid-the-role-of-virtual-power-plants-in-solving-the-data-center-power-problem?hsLang=en,,English,fairness-flexibility-and-the-future-of-the-grid-the-role-of-virtual-power-plants-in-solving-the-data-center-power-problem,parsed
Trees Count at Crotona Park for Climate Week,official-week,20260922,"01:00pm, Tuesday, September 22, 2026","01:00pm - 03:00pm, Tuesday, September 22, 2026",In-person,Public,NYC Department of Parks and Recreation,"Crotona Park (Park Entrance at Crotona Park East and Crotona Park North), The Bronx, Bronx, New York, 10457, United States","Crotona Park (Park Entrance at Crotona Park East and Crotona Park North), The Bronx, Bronx, New York, 10457, United States",cities; health; nature,https://www.nycgovparks.org/reg/trees-count/20374,https://www.climateweeknyc.org/event-search/trees-count-at-crotona-park-for-climate-week?hsLang=en,2 hours,English,trees-count-at-crotona-park-for-climate-week,parsed
Financing the Congo Basin Forest in the New Development Landscape,official-week,20260922,"02:00pm, Tuesday, September 22, 2026","02:00pm - 06:00pm, Tuesday, September 22, 2026",In-person,Public,WICE Foundation in partnership with the Central African Forest Commission (COMIFAC) about de-risking forest investments in the Congo Basin,"G Gallery, 404 Broadway 2nd floor, Manhattan, Chinatown, New York, 10013, United States","G Gallery, 404 Broadway 2nd floor, Manhattan, Chinatown, New York, 10013, United States",nature; policy,https://luma.com/9ykeq7u8,https://www.climateweeknyc.org/event-search/financing-forests-in-the-new-development-landscape?hsLang=en,4 hours,"English, French",financing-forests-in-the-new-development-landscape,parsed
Sweater Party,official-week,20260922,"06:30pm, Tuesday, September 22, 2026","06:30pm - 09:00pm, Tuesday, September 22, 2026",In-person,,Ambrook,,,food; health; nature; technology-and-ai,https://forms.gle/RAUWNJrcriHpvjqr8,https://www.climateweeknyc.org/event-search/sweater-party?hsLang=en,,English,sweater-party,parsed
State and Local Climate Policy Symposium,official-week,20260922,"09:00am, Tuesday, September 22, 2026","09:00am - 03:00pm, Tuesday, September 22, 2026",In-person,Public,Environmental Advocates NY and Fordham University,"113 W. 60th St, Manhattan, New York, New York, 10023, United States","113 W. 60th St, Manhattan, New York, New York, 10023, United States",built-environment; energy; policy,https://luma.com/climateweekpolicysymposium,https://www.climateweeknyc.org/event-search/state-and-local-climate-policy-symposium?hsLang=en,6 hours,English,state-and-local-climate-policy-symposium,parsed
Ending Displacement as a Way of Life: Climate Risk and Human Mobility,official-week,20260922,"10:00am, Tuesday, September 22, 2026","10:00am - 11:30am, Tuesday, September 22, 2026",In-person,Private,The International Foundation for the Displaced (IFD),"Javits Center, 429 11th Ave., Manhattan, New York, New York, 10001, United States","Javits Center, 429 11th Ave., Manhattan, New York, New York, 10001, United States",environmental-justice; finance; policy,,https://www.climateweeknyc.org/event-search/ending-displacement-as-a-way-of-life-climate-risk-and-human-mobility?hsLang=en,1 hour 30 minutes,English,ending-displacement-as-a-way-of-life-climate-risk-and-human-mobility,parsed
CLIMATE STORYTELLING: A MASTERCLASS,official-week,20260922,"05:00pm, Tuesday, September 22, 2026","05:00pm - 08:00pm, Tuesday, September 22, 2026",In-person,Private,The YEARS Project,,,,https://luma.com/375lgaoh,https://www.climateweeknyc.org/event-search/climate-storytelling-a-masterclass?hsLang=en,,English,climate-storytelling-a-masterclass,parsed
Capital One City Parks Foundation SummerStage Presents:  Music for Action ft. Young the Giant & St. Lucia,official-week,20260922,"06:00pm, Tuesday, September 22, 2026","06:00pm - 10:00pm, Tuesday, September 22, 2026",In-person,Public,City Parks Foundation & LymeLnk,"SummerStage at Rumsey Playfield, Central Park, 5th Ave @ 72nd Street, New York, New York, 10021, United States","SummerStage at Rumsey Playfield, Central Park, 5th Ave @ 72nd Street, New York, New York, 10021, United States",cities; energy; finance,https://www.music4action.org,https://www.climateweeknyc.org/event-search/capital-one-city-parks-foundation-summerstage-presents-music-against-climate-change-tick-borne-disease?hsLang=en,4 hours,English,capital-one-city-parks-foundation-summerstage-presents-music-against-climate-change-tick-borne-disease,parsed
Electing Climate Champions with the Jane Fonda PAC,official-week,20260922,"01:00pm, Tuesday, September 22, 2026","01:00pm - 02:00pm, Tuesday, September 22, 2026",Virtual,Public,1.5°Climate,Online,Online,,https://zoom.us/meeting/register/n-D34YuVQcSOME7e5SWQDw#/registration,https://www.climateweeknyc.org/event-search/electing-climate-champions-with-the-jane-fonda-pac?hsLang=en,1 hour,English,electing-climate-champions-with-the-jane-fonda-pac,parsed
Clams Casino: A Soilpunk Variety Show,official-week,20260922,"06:30pm, Tuesday, September 22, 2026","06:30pm - 09:30pm, Tuesday, September 22, 2026",In-person,Public,Tractor Beam & BEAM,"Honey's - 99 Scott Ave, Brooklyn, Brooklyn, New York, 11237, United States","Honey's - 99 Scott Ave, Brooklyn, Brooklyn, New York, 11237, United States",cities; health; nature,https://luma.com/4ik6o2ks,https://www.climateweeknyc.org/event-search/clams-casino-a-soilpunk-variety-show?hsLang=en,3 hours,English,clams-casino-a-soilpunk-variety-show,parsed
Screening Agrocracy: Big Ag's Power Grab,official-week,20260922,"05:30pm, Tuesday, September 22, 2026","05:30pm - 09:30pm, Tuesday, September 22, 2026",In-person,Public,Nicolaas G. Pierson Foundation,"34 West 13th Street, Manhattan, New York, New York, 10011, United States","34 West 13th Street, Manhattan, New York, New York, 10011, United States",finance; health; policy,https://www.eventbrite.nl/e/documentary-agrocracy-big-ags-power-grab-tickets-1996636215669?aff=oddtdtcreator,https://www.climateweeknyc.org/event-search/screening-agrocracy-big-ags-power-grab?hsLang=en,4 hours,English,screening-agrocracy-big-ags-power-grab,parsed
After Glow NYC,official-week,20260922,"08:00pm, Tuesday, September 22, 2026","08:00pm - 12:30am, Tuesday, September 22, 2026",In-person,Public,Monarch Group,"Times Square Area, Manhattan, New York, New York, 10036, United States","Times Square Area, Manhattan, New York, New York, 10036, United States",built-environment; cities; energy; environmental-justice; finance; food; health; industry; nature; policy; technology-and-ai; transport-and-travel,https://luma.com/AfterGlowNYC,https://www.climateweeknyc.org/event-search/after-glow-nyc?hsLang=en,5 hours,English,after-glow-nyc,parsed
"The Right to Cool: Heat, Labor, and Human Rights in Global Supply Chains",official-week,20260922,"03:00pm, Tuesday, September 22, 2026","03:00pm - 04:30pm, Tuesday, September 22, 2026",In-person,Public,Article One and PepsiCo,"TBD, Manhattan, New York, New York, 10014, United States","TBD, Manhattan, New York, New York, 10014, United States",finance,https://www.eventbrite.com/e/the-right-to-cool-heat-labor-and-human-rights-in-global-supply-chains-tickets-1993503416382?aff=oddtdtcreator,https://www.climateweeknyc.org/event-search/the-right-to-cool-heat-labor-and-human-rights-in-global-supply-chains?hsLang=en,1 hour 30 minutes,English,the-right-to-cool-heat-labor-and-human-rights-in-global-supply-chains,parsed
"Over, Under, and Through: Wildlife Connectivity and Resilience in Appalachia",official-week,20260922,"12:30pm, Tuesday, September 22, 2026","12:30pm - 02:00pm, Tuesday, September 22, 2026",In-person,Public,Southern Environmental Law Center,"29 West 23rd Street, Manhattan, New York, New York, 10010, United States","29 West 23rd Street, Manhattan, New York, New York, 10010, United States",cities; health; nature,https://www.selc.org/page/climate-week/?selcsrc=ClimateWeekNYCListing#overunder,https://www.climateweeknyc.org/event-search/over-under-and-through-wildlife-connectivity-and-resilience-in-appalachia?hsLang=en,1 hour 30 minutes,English,over-under-and-through-wildlife-connectivity-and-resilience-in-appalachia,parsed
Powering the AI Build-Out: India's Data Centre Energy Demand Surge,official-week,20260922,"10:30am, Tuesday, September 22, 2026","10:30am - 12:00pm, Tuesday, September 22, 2026",In-person,Public,CleanMax,,,energy; technology-and-ai,https://luma.com/44kz3j0m,https://www.climateweeknyc.org/event-search/powering-the-ai-build-out-indias-data-centre-energy-demand-surge?hsLang=en,1 hour 30 minutes,English,powering-the-ai-build-out-indias-data-centre-energy-demand-surge,parsed
Agroforestry & Agri-Based Carbon Projects in the Global South — A 360° View: Panel and Project Experience,official-week,20260922,"01:30pm, Tuesday, September 22, 2026","01:30pm - 03:30pm, Tuesday, September 22, 2026",In-person,Public,CleanMax,,,food; nature,https://luma.com/zitz9qq6,https://www.climateweeknyc.org/event-search/agroforestry-agri-based-carbon-projects-in-the-global-south-a-360-view?hsLang=en,2 hours,English,agroforestry-agri-based-carbon-projects-in-the-global-south-a-360-view,parsed
Spittlebugs and Climate Change,official-week,20260922,"03:00pm, Tuesday, September 22, 2026","03:00pm - 04:30pm, Tuesday, September 22, 2026",In-person,Public,Battery Park City Authority,"6 River Terrace, Manhattan, New York, New York, 10282, United States","6 River Terrace, Manhattan, New York, New York, 10282, United States",nature,https://bpca.ny.gov/event/spittlebugs-and-climate-change/,https://www.climateweeknyc.org/event-search/spittlebugs-and-climate-change?hsLang=en,1 hour 30 minutes,English,spittlebugs-and-climate-change,parsed
Power to the People: Understanding Energy. Building Community Power,official-week,20260922,"05:00pm, Tuesday, September 22, 2026","05:00pm - 08:00pm, Tuesday, September 22, 2026",In-person,Public,New York Energy Democracy Alliance,"320 W. 37th Street, Manhattan, New York, New York, United States","320 W. 37th Street, Manhattan, New York, New York, United States",energy; environmental-justice; health,https://admin.actionnetwork.org/forms/nyc-climate-week-power-to-the-people-energy-101-workshop,https://www.climateweeknyc.org/event-search/power-to-the-people-understanding-energy-building-community-power?hsLang=en,3 hours,English,power-to-the-people-understanding-energy-building-community-power,parsed
Unlocking Value Chain Decarbonization with Market-Based Instruments,official-week,20260922,"04:00pm, Tuesday, September 22, 2026","04:00pm - 05:00pm, Tuesday, September 22, 2026",In-person,Public,STX Group and CRS,"Midtown, Manhattan, New York City, New York, United States","Midtown, Manhattan, New York City, New York, United States",energy; health; industry,https://stxgroup.com/event/nyc-climate-week-2026-panel-scope-3/?utm_campaign=217947349-STX%20Events&utm_source=Climate%20Week&utm_medium=partner&utm_content=fy27-nyc-climate-week-panel-scope-3-cw,https://www.climateweeknyc.org/event-search/unlocking-value-chain-decarbonization-with-market-based-instruments?hsLang=en,,English,unlocking-value-chain-decarbonization-with-market-based-instruments,parsed
From Assessment to Action: Launching the Forest Innovation Platform,official-week,20260922,"04:00pm, Tuesday, September 22, 2026","04:00pm - 06:00pm, Tuesday, September 22, 2026",In-person,Private,American Forests,"Manhattan, Midtown East, New York, United States","Manhattan, Midtown East, New York, United States",nature; technology-and-ai,https://americanforests.carrd.co/#FIP,https://www.climateweeknyc.org/event-search/from-assessment-to-action-launching-the-forest-innovation-platform?hsLang=en,2 hours,English,from-assessment-to-action-launching-the-forest-innovation-platform,parsed
"Meet the ""Wonks"" Behind the Wins: A Networking Happy Hour",official-week,20260922,"04:30pm, Tuesday, September 22, 2026","04:30pm - 06:30pm, Tuesday, September 22, 2026",In-person,Public,"Crux Alliance, ReNew 2030, Global Grids Catalyst, and Growald Climate Fund","113 W 24 St, Manhattan, New York, New York, 10001, United States","113 W 24 St, Manhattan, New York, New York, 10001, United States",policy,https://cruxalliance.org/event/climateweek2026/,https://www.climateweeknyc.org/event-search/meet-the-wonks-behind-the-wins-a-networking-happy-hour?hsLang=en,,English,meet-the-wonks-behind-the-wins-a-networking-happy-hour,parsed
Food Solutions Summit: Stories from the Frontlines of Climate and Farming,official-week,20260922,"09:00am, Tuesday, September 22, 2026","09:00am - 12:30pm, Tuesday, September 22, 2026",Hybrid,Public,"Earthshare, Funders for Regenerative Agriculture, Global Alliance for the Future of Food, GRACE Communications Foundation, Ibirapitanga, Macdoch Foundation, McKnight Foundation","124 East 14th Street, Manhattan, New York, New York, 10003, United States","124 East 14th Street, Manhattan, New York, New York, 10003, United States",food; health; nature,https://www.eventbrite.com/e/food-solutions-summit-stories-from-the-frontlines-of-climate-and-farming-tickets-1992846675051?aff=oddtdtcreator,https://www.climateweeknyc.org/event-search/food-solutions-summit-stories-from-the-frontlines-of-climate-and-farming?hsLang=en,4 hours,English,food-solutions-summit-stories-from-the-frontlines-of-climate-and-farming,parsed
How Do Wo Create Meaningful Climate Action in an Increasingly Authoritarian USA?,official-week,20260922,"10:00am, Tuesday, September 22, 2026","10:00am - 12:00pm, Tuesday, September 22, 2026",In-person,Public,Sustaining All Life,"12 East 41st Street, 7th Floor, Manhattan, Manhattan, New York, 10017, United States","12 East 41st Street, 7th Floor, Manhattan, Manhattan, New York, 10017, United States",environmental-justice,http://sal.rc.org/workshop/authoritarian,https://www.climateweeknyc.org/event-search/how-do-wo-create-meaningful-climate-action-in-an-increasingly-authoritarian-usa?hsLang=en,2 hours,English,how-do-wo-create-meaningful-climate-action-in-an-increasingly-authoritarian-usa,parsed
"No ""Throw Away"" People: Ending Racism and the Climate Crisis",official-week,20260922,"01:30pm, Tuesday, September 22, 2026","01:30pm - 03:30pm, Tuesday, September 22, 2026",In-person,Public,Sustaining All Life,"12 East 41st Street, 7th Floor, Manhattan, Manhattan, New York, 10017, United States","12 East 41st Street, 7th Floor, Manhattan, Manhattan, New York, 10017, United States",environmental-justice,http://sal.rc.org/workshop/nothrowaypeople,https://www.climateweeknyc.org/event-search/no-throw-away-people-ending-racism-and-the-climate-crisis?hsLang=en,2 hours,English,no-throw-away-people-ending-racism-and-the-climate-crisis,parsed
"Building Solutions, Not Technology",official-week,20260922,"04:00pm, Tuesday, September 22, 2026","04:00pm - 07:00pm, Tuesday, September 22, 2026",In-person,Public,Madison Energy Infrastructure,"110 Greene St, Manhattan, Suite 1200, New York, 10012, United States","110 Greene St, Manhattan, Suite 1200, New York, 10012, United States",energy; technology-and-ai,https://luma.com/ixhnnmwu,https://www.climateweeknyc.org/event-search/building-solutions-not-technology?hsLang=en,3 hours,English,building-solutions-not-technology,parsed
Backing Indigenous Leaders: Where Ending the Climate Crisis and Decolonization Meet,official-week,20260922,"01:30pm, Tuesday, September 22, 2026","01:30pm - 03:30pm, Tuesday, September 22, 2026",In-person,Public,Sustaining All Life,"12 East 41st Street, 7th Floor, Manhattan, Manhattan, New York, 10017, United States","12 East 41st Street, 7th Floor, Manhattan, Manhattan, New York, 10017, United States",environmental-justice,http://sal.rc.org/workshop/indigenousleaders,https://www.climateweeknyc.org/event-search/backing-indigenous-leaders-where-ending-the-climate-crisis-and-decolonization-meet?hsLang=en,2 hours,English,backing-indigenous-leaders-where-ending-the-climate-crisis-and-decolonization-meet,parsed
The financial risks of extreme environmental events,official-week,20260922,"08:00am, Tuesday, September 22, 2026","08:00am - 09:00am, Tuesday, September 22, 2026",Virtual,Public,CMCC Foundation,Online,Online,cities; finance; policy,https://cmcc-it.zoom.us/webinar/register/WN_-qLCipJ4ToOh87xcuqdz6A,https://www.climateweeknyc.org/event-search/the-financial-risks-of-extreme-environmental-events?hsLang=en,1 hour,English,the-financial-risks-of-extreme-environmental-events,parsed
"No Immunity for Big Oil: How Communities are Standing Up to the Fossil Fuel Industry’s Attacks on Science, Accountability, and the Law",official-week,20260922,"01:00pm, Tuesday, September 22, 2026","01:00pm - 02:00pm, Tuesday, September 22, 2026",In-person,Public,Union of Concerned Scientists and Center for Climate Integrity,"Address provided upon RSVP, Manhattan, New York, New York, 10011, United States","Address provided upon RSVP, Manhattan, New York, New York, 10011, United States",health; policy,https://luma.com/n1pjxqqo,https://www.climateweeknyc.org/event-search/no-immunity-for-big-oil-how-communities-are-standing-up-to-the-fossil-fuel-industrys-attacks-on-science-accountability-and-the-law?hsLang=en,1 hour,English,no-immunity-for-big-oil-how-communities-are-standing-up-to-the-fossil-fuel-industrys-attacks-on-science-accountability-and-the-law,parsed
Beyond Mineral Supply Security: Partnerships and Community Rights,official-week,20260922,"09:30am, Tuesday, September 22, 2026","09:30am - 11:00am, Tuesday, September 22, 2026",In-person,Public,Resource Justice Network and Oxfam,"447 Broadway #2nd floor, Manhattan, New York, New York, 10013, United States","447 Broadway #2nd floor, Manhattan, New York, New York, 10013, United States",energy; environmental-justice; food; industry,https://www.eventbrite.com/e/beyond-mineral-supply-security-partnerships-and-community-rights-tickets-1997108295673?aff=oddtdtcreator,https://www.climateweeknyc.org/event-search/beyond-mineral-supply-security-partnerships-and-community-rights?hsLang=en,1 hour 30 minutes,English,beyond-mineral-supply-security-partnerships-and-community-rights,parsed
What’s Next for Data Center Decarbonization? Navigating the Many Facets to Reach Net Zero in a Volatile Market,official-week,20260922,"05:00pm, Tuesday, September 22, 2026","05:00pm - 06:00pm, Tuesday, September 22, 2026",In-person,Public,STX Group and iMasons Climate Accord,"Midtown, Manhattan, New York City, New York, United States","Midtown, Manhattan, New York City, New York, United States",energy; health; technology-and-ai,https://stxgroup.com/event/nyc-climate-week-2026-panel-scope-2/?utm_campaign=217947349-STX%20Events&utm_source=Climate%20Week&utm_medium=partner&utm_content=fy27-nyc-climate-week-panel-scope-2-cw,https://www.climateweeknyc.org/event-search/whats-next-for-data-center-decarbonization-navigating-the-many-facets-to-reach-net-zero-in-a-volatile-market?hsLang=en,1 hour,English,whats-next-for-data-center-decarbonization-navigating-the-many-facets-to-reach-net-zero-in-a-volatile-market,parsed
"Cornell at Climate Week NYC: Sustainability in Travel, Tourism, and Hospitality",official-week,20260922,"09:00am, Tuesday, September 22, 2026","09:00am - 03:30pm, Tuesday, September 22, 2026",In-person,Private,,,,built-environment; cities; policy,https://business.cornell.edu/centers/chr/events/sustainability-roundtable/,https://www.climateweeknyc.org/event-search/cornell-at-climate-week-nyc-sustainability-in-travel-tourism-and-hospitality?hsLang=en,,English,cornell-at-climate-week-nyc-sustainability-in-travel-tourism-and-hospitality,parsed
Super Pollutants to Super Solutions: Targeting Diesel Black Carbon for Climate and Health Benefits,official-week,20260922,"10:30am, Tuesday, September 22, 2026","10:30am - 12:00pm, Tuesday, September 22, 2026",In-person,Public,Crux Alliance and The International Council on Clean Transportation,"113 W 24 St, Manhattan, New York, New York, 10001, United States","113 W 24 St, Manhattan, New York, New York, 10001, United States",energy; policy; transport-and-travel,https://cruxalliance.org/event/climateweek2026/,https://www.climateweeknyc.org/event-search/super-pollutants-to-super-solutions-targeting-diesel-black-carbon-for-climate-and-health-benefits?hsLang=en,,English,super-pollutants-to-super-solutions-targeting-diesel-black-carbon-for-climate-and-health-benefits,parsed
WaterTech Futures 2.0: Unlocking Critical Minerals From Industrial Water,official-week,20260922,"05:00pm, Tuesday, September 22, 2026","05:00pm - 07:00pm, Tuesday, September 22, 2026",In-person,Public,ClimateHaven's Water Innovation Hub,"SoHo, Manhattan, NYC, New York, 10013, United States","SoHo, Manhattan, NYC, New York, 10013, United States",energy; industry; technology-and-ai,https://luma.com/rsra440j,https://www.climateweeknyc.org/event-search/watertech-futures-20-unlocking-critical-minerals-from-industrial-water?hsLang=en,2 hours,English,watertech-futures-20-unlocking-critical-minerals-from-industrial-water,parsed
"Retooling: Art, Ecology, and Climate Adaptation",official-week,20260922,"06:00pm, Tuesday, September 22, 2026","06:00pm - 09:00pm, Tuesday, September 22, 2026",In-person,Public,MESH_ARTS in collaboration with BioBAT Art Space,"232 3rd St., Brooklyn, New York City, New York, 11215, United States","232 3rd St., Brooklyn, New York City, New York, 11215, United States",energy; environmental-justice; technology-and-ai,https://luma.com/zgnnl2b7,https://www.climateweeknyc.org/event-search/retooling-art-ecology-and-climate-adaptation?hsLang=en,Multiple days,English,retooling-art-ecology-and-climate-adaptation,parsed
Envisioning the Future of the Environmental Justice Movement,official-week,20260922,"08:00am, Tuesday, September 22, 2026","08:00am - 07:30pm, Tuesday, September 22, 2026",In-person,Public,WE ACT for Environmental Justice,"601 West 125th Street, Manhattan, New York, New York, 10027, United States","601 West 125th Street, Manhattan, New York, New York, 10027, United States",finance,https://givebutter.com/weactconvening,https://www.climateweeknyc.org/event-search/envisioning-the-future-of-the-environmental-justice-movement?hsLang=en,,English,envisioning-the-future-of-the-environmental-justice-movement,parsed
From Evidence to Impact: Communicating the Case for Smart Policy,official-week,20260922,"01:00pm, Tuesday, September 22, 2026","01:00pm - 02:00pm, Tuesday, September 22, 2026",In-person,Public,Crux Alliance and The International Council on Clean Transportation,"113 W 24 St, Manhattan, New York, New York, 10001, United States","113 W 24 St, Manhattan, New York, New York, 10001, United States",policy; transport-and-travel,https://cruxalliance.org/event/climateweek2026/,https://www.climateweeknyc.org/event-search/from-evidence-to-impact-communicating-the-case-for-smart-policy?hsLang=en,,English,from-evidence-to-impact-communicating-the-case-for-smart-policy,parsed
Win-Win Policies: Unlocking Investment for a Sustainable Future,official-week,20260922,"08:00am, Tuesday, September 22, 2026","08:00am - 09:30am, Tuesday, September 22, 2026",In-person,Public,"Crux Alliance, Institute for Transportation & Development Policy, CLASP, The International Council on Clean Transportation, and GBPN","113 W 24 St, Manhattan, New York, New York, 10001, United States","113 W 24 St, Manhattan, New York, New York, 10001, United States",cities; energy; policy,https://cruxalliance.org/event/climateweek2026/,https://www.climateweeknyc.org/event-search/win-win-policies-unlocking-investment-for-a-sustainable-future?hsLang=en,,English,win-win-policies-unlocking-investment-for-a-sustainable-future,parsed
Resisting the Easy Fix: The Limits of Coal as a National Response to Geopolitical Shifts,official-week,20260922,"03:00pm, Tuesday, September 22, 2026","03:00pm - 04:30pm, Tuesday, September 22, 2026",In-person,Public,"Crux Alliance, Forum Energii, and International Network of Energy Transition Think Tanks","113 W 24 St, Manhattan, New York, New York, 10001, United States","113 W 24 St, Manhattan, New York, New York, 10001, United States",energy; policy,https://cruxalliance.org/event/climateweek2026/,https://www.climateweeknyc.org/event-search/resisting-the-easy-fix-the-limits-of-coal-as-a-national-response-to-geopolitical-shifts?hsLang=en,,English,resisting-the-easy-fix-the-limits-of-coal-as-a-national-response-to-geopolitical-shifts,parsed
"Building sustainable cities - Clean Energy Edition: London & NYC innovation, investment, and collaboration",official-week,20260922,"09:00am, Tuesday, September 22, 2026","09:00am - 11:00am, Tuesday, September 22, 2026",In-person,Private,London and Partners,"Address will be provided once you're approved for the event, Manhattan, NY, New York, 10005, United States","Address will be provided once you're approved for the event, Manhattan, NY, New York, 10005, United States",energy; policy; technology-and-ai,https://luma.com/london-sqdu,https://www.climateweeknyc.org/event-search/building-sustainable-cities-clean-energy-edition-london-nyc-innovation-investment-and-collaboration?hsLang=en,2 hours,English,building-sustainable-cities-clean-energy-edition-london-nyc-innovation-investment-and-collaboration,parsed
Pancakes* with PENSA: A Forum for Leaders of Hardware Startups,official-week,20260922,"09:00am, Tuesday, September 22, 2026","09:00am - 11:00am, Tuesday, September 22, 2026",In-person,Public,Pensa,"TBA, Brooklyn, New York, New York, 11021, United States","TBA, Brooklyn, New York, New York, 11021, United States",built-environment; cities; energy; industry; technology-and-ai; transport-and-travel,https://pensa.co/pancakes,https://www.climateweeknyc.org/event-search/pancakes-with-pensa-a-forum-for-leaders-of-hardware-startups?hsLang=en,2 hours,English,pancakes-with-pensa-a-forum-for-leaders-of-hardware-startups,parsed
Shipping a Healthy Planet: How the Maritime Sector Can Accelerate Climate and Ocean Action,official-week,20260922,"08:30am, Tuesday, September 22, 2026","08:30am - 10:30am, Tuesday, September 22, 2026",In-person,Public,"Sustainable Shipping Initiative, ICSI/Resilience4Ports, United Nations Foundation","Please register your interest to see the exact location of this event., Manhattan, New York, New York, United States","Please register your interest to see the exact location of this event., Manhattan, New York, New York, United States",built-environment; energy; nature,https://luma.com/a45uktab,https://www.climateweeknyc.org/event-search/shipping-a-healthy-planet-how-the-maritime-sector-can-accelerate-climate-and-ocean-action?hsLang=en,2 hours,English,shipping-a-healthy-planet-how-the-maritime-sector-can-accelerate-climate-and-ocean-action,parsed
International Heat Solutions: Through a California Lens,official-week,20260922,"12:00pm, Tuesday, September 22, 2026","12:00pm - 01:30pm, Tuesday, September 22, 2026",Virtual,Public,California Governor’s Office of Land Use and Climate Innovation (LCI),Online,Online,cities; health; policy,https://opr-ca.zoom.us/webinar/register/WN_sVOLn5XqSN2z71fvCbWs2w#/registration,https://www.climateweeknyc.org/event-search/international-heat-solutions-through-a-california-lens?hsLang=en,1 hour 30 minutes,English,international-heat-solutions-through-a-california-lens,parsed
Storytelling: A catalyst for change,official-week,20260922,"12:00pm, Tuesday, September 22, 2026","12:00pm - 02:00pm, Tuesday, September 22, 2026",In-person,Private,Moms Clean Air Force,,,environmental-justice; health,,https://www.climateweeknyc.org/event-search/storytelling-a-catalyst-for-change?hsLang=en,2 hours,English,storytelling-a-catalyst-for-change,parsed
Trading for Food Security in a Changing Climate,official-week,20260922,"02:00pm, Tuesday, September 22, 2026","02:00pm - 03:00pm, Tuesday, September 22, 2026",In-person,Public,​The Abdul Latif Jameel Water and Food Systems Lab (J-WAFS) at MIT,"Chelsea/Meatpacking District. Exact address provided upon RSVP approval, Manhattan, New York, New York, 10011","Chelsea/Meatpacking District. Exact address provided upon RSVP approval, Manhattan, New York, New York, 10011",food; health; industry,https://luma.com/5ap2c45e,https://www.climateweeknyc.org/event-search/trading-for-food-security-in-a-changing-climate?hsLang=en,1 hour,English,trading-for-food-security-in-a-changing-climate,parsed
"Circular By Design: MIT Alumni Shaping the Future of Cities, Materials, Products and Systems",official-week,20260922,"06:00pm, Tuesday, September 22, 2026","06:00pm - 08:30pm, Tuesday, September 22, 2026",In-person,Private,"MIT Alumni Energy, Environment and Sustainability Network (EESN), MIT Club of NY, MIT Sloan Club of NY","12-16, Vestry Street, Manhattan, New York, New York, 10013, United States","12-16, Vestry Street, Manhattan, New York, New York, 10013, United States",built-environment; cities; industry; transport-and-travel,https://alumcommunity.mit.edu/topics/28487/events/283992,https://www.climateweeknyc.org/event-search/circular-by-design-mit-alumni-shaping-the-future-of-cities-materials-products-and-systems?hsLang=en,2 hours 30 minutes,English,circular-by-design-mit-alumni-shaping-the-future-of-cities-materials-products-and-systems,parsed
From Capital to Implementation: The Next Investment Opportunities in the Low-Carbon Transition,official-week,20260922,"02:00pm, Tuesday, September 22, 2026","02:00pm - 06:00pm, Tuesday, September 22, 2026",In-person,,EY and David Canassa Strategy & Advisory,,,finance; industry; nature,https://davidcanassa.com/nycw2026,https://www.climateweeknyc.org/event-search/from-capital-to-implementation-the-next-investment-opportunities-in-the-low-carbon-transition?hsLang=en,,"English, Portuguese",from-capital-to-implementation-the-next-investment-opportunities-in-the-low-carbon-transition,parsed
Sun Valley Forum Reunion,official-week,20260922,"06:00pm, Tuesday, September 22, 2026","06:00pm - 08:00pm, Tuesday, September 22, 2026",In-person,Private,Sun Valley Forum,"76 E 13th Street, Manhattan, New York, New York, 10003, United States","76 E 13th Street, Manhattan, New York, New York, 10003, United States",nature,https://luma.com/w704dd0r,https://www.climateweeknyc.org/event-search/sun-valley-forum-reunion?hsLang=en,2 hours,English,sun-valley-forum-reunion,parsed
The Natural Hydrogen Opportunity: An Investor Forum at Climate Week NYC,official-week,20260922,"09:30am, Tuesday, September 22, 2026","09:30am - 11:30am, Tuesday, September 22, 2026",In-person,Private,"H2Au.co, NatH2Investing.com & Stinson LLP","140 Broadway, Manhattan, New York, New York, 10005, United States","140 Broadway, Manhattan, New York, New York, 10005, United States",energy; finance; health,https://www.stinsonnews.com/37/3074/landing-pages/the-natural-hydrogen-opportunity--an-investor-forum-at-climate-week-nyc-rsvp-blank.asp,https://www.climateweeknyc.org/event-search/the-natural-hydrogen-opportunity-an-investor-forum-at-climate-week-nyc?hsLang=en,2 hours,English,the-natural-hydrogen-opportunity-an-investor-forum-at-climate-week-nyc,parsed
Aligning Green Leasing and LEED v5 to Advance Building Performance,official-week,20260922,"01:00pm, Tuesday, September 22, 2026","01:00pm - 02:30pm, Tuesday, September 22, 2026",In-person,Public,"Empire State Realty Trust, Institute for Market Transformation, U.S. Green Building Council","21 W 33rd ST, Manhattan, New York, New York, 10118, United States","21 W 33rd ST, Manhattan, New York, New York, 10118, United States",built-environment; policy,https://www.eventbrite.com/e/aligning-green-leasing-and-leed-v5-to-advance-building-performance-tickets-1997094311847,https://www.climateweeknyc.org/event-search/aligning-green-leasing-and-leed-v5-to-advance-building-performance?hsLang=en,1 hour 30 minutes,,aligning-green-leasing-and-leed-v5-to-advance-building-performance,parsed
Finding the Media Hooks: Demographics and Planetary Health,official-week,20260922,"08:00am, Tuesday, September 22, 2026","08:00am - 09:00am, Tuesday, September 22, 2026",Virtual,Public,"Institutes for Planetary Health, the Planetary Health Alliance, the Hopkins Population Center and the William H. Gates Sr. Institute for Population and Reproductive Health",Online,Online,cities; health; transport-and-travel,https://forms.cloud.microsoft/Pages/ResponsePage.aspx?id=OPSkn-axO0eAP4b4rt8N7Bq6P_pfqdJHneMEZqb_LbZUMlVNN1hTU1ZHR1lPTjJZOVlXR1VJRDRaTi4u,https://www.climateweeknyc.org/event-search/finding-the-media-hooks-demographics-and-planetary-health?hsLang=en,1 hour,,finding-the-media-hooks-demographics-and-planetary-health,parsed
What’s Next in Water,official-week,20260922,"09:30pm, Tuesday, September 22, 2026","09:30pm - 11:00am, Tuesday, September 22, 2026",In-person,Private,XPRIZE Foundation,"New York, New York","New York, New York",health; nature; technology-and-ai,https://luma.com/0r0xmr2u,https://www.climateweeknyc.org/event-search/whats-next-in-water?hsLang=en,1 hour 30 minutes,English,whats-next-in-water,parsed
Stories from the Soil,official-week,20260922,"10:00am, Tuesday, September 22, 2026","10:00am - 01:00pm, Tuesday, September 22, 2026",In-person,Public,Project 17 Nigeria,"25 11th Ave, Manhattan, New York, New York, 10011, United States","25 11th Ave, Manhattan, New York, New York, 10011, United States",cities; environmental-justice; health,https://luma.com/gmaiqwss,https://www.climateweeknyc.org/event-search/stories-from-the-soil?hsLang=en,3 hours,English,stories-from-the-soil,parsed
120th NY Hardware Meetup - Climate Tech Week at Antler VC,official-week,20260922,"06:00pm, Tuesday, September 22, 2026","06:00pm - 08:00pm, Tuesday, September 22, 2026",In-person,Public,NY Hardware Meetup,,,built-environment; energy; health,https://luma.com/021ztfq8,https://www.climateweeknyc.org/event-search/120th-ny-hardware-meetup-climate-tech-week-at-antler-vc?hsLang=en,2 hours,English,120th-ny-hardware-meetup-climate-tech-week-at-antler-vc,parsed
How Data Center Fights are Renewing Local Power Across the US,official-week,20260922,"05:30pm, Tuesday, September 22, 2026","05:30pm - 07:30pm, Tuesday, September 22, 2026",In-person,Public,"The Pulitzer Center, Data & Society and Retro Report","633 Third Avenue, 16th Floor, Manhattan, New York, New York, 10017, United States","633 Third Avenue, 16th Floor, Manhattan, New York, New York, 10017, United States",cities; technology-and-ai,https://www.eventbrite.com/e/how-data-center-fights-are-renewing-local-power-across-the-us-tickets-1998454143139,https://www.climateweeknyc.org/event-search/how-data-center-fights-are-renewing-local-power-across-the-us?hsLang=en,2 hours,English,how-data-center-fights-are-renewing-local-power-across-the-us,parsed
The Next Climate Moonshot: Super Pollutants and the Race to Arrest Warming,official-week,20260922,"01:00pm, Tuesday, September 22, 2026","01:00pm - 02:00pm, Tuesday, September 22, 2026",In-person,Private,XPRIZE Foundation,"New York, New York","New York, New York",cities; finance; health,https://luma.com/p3lbszig,https://www.climateweeknyc.org/event-search/the-next-climate-moonshot-super-pollutants-and-the-race-to-arrest-warming?hsLang=en,1 hour,English,the-next-climate-moonshot-super-pollutants-and-the-race-to-arrest-warming,parsed
The Age of Energy Abundance: Accelerating the Race to a Clean Energy Future,official-week,20260922,"02:30pm, Tuesday, September 22, 2026","02:30pm - 03:30pm, Tuesday, September 22, 2026",In-person,Private,XPRIZE Foundation,"New York, New York","New York, New York",energy; health,https://luma.com/08d54riw,https://www.climateweeknyc.org/event-search/the-age-of-energy-abundance-accelerating-the-race-to-a-clean-energy-future?hsLang=en,1 hour,English,the-age-of-energy-abundance-accelerating-the-race-to-a-clean-energy-future,parsed
The Independent Climate 100,official-week,20260922,"09:00am, Tuesday, September 22, 2026","09:00am - 11:30am, Tuesday, September 22, 2026",In-person,Private,The Independent,"New York, Manhattan, New York, New York, 10001, United States","New York, Manhattan, New York, New York, 10001, United States",cities; environmental-justice; policy,,https://www.climateweeknyc.org/event-search/the-independent-climate-100?hsLang=en,3 hours,English,the-independent-climate-100,parsed
Engineering Nature: Soil Ecosystems as Critical Infrastructure,official-week,20260922,"11:30am, Tuesday, September 22, 2026","11:30am - 12:30pm, Tuesday, September 22, 2026",In-person,Private,XPRIZE Foundation,"New York, New York","New York, New York",food; health; nature,https://luma.com/t3ibqfc2,https://www.climateweeknyc.org/event-search/engineering-nature-soil-ecosystems-as-critical-infrastructure?hsLang=en,1 hour,English,engineering-nature-soil-ecosystems-as-critical-infrastructure,parsed
Extreme Heat and Vulnerable Populations Datathon,official-week,20260922,"01:00pm, Tuesday, September 22, 2026","01:00pm - 05:00pm, Tuesday, September 22, 2026",In-person,Public,ICF,"CUNY Advanced Science Research Center, 85 St Nicholas Terrace, Manhattan, New York, New York, 10031, United States","CUNY Advanced Science Research Center, 85 St Nicholas Terrace, Manhattan, New York, New York, 10031, United States",energy,https://luma.com/i70accyk,https://www.climateweeknyc.org/event-search/extreme-heat-and-vulnerable-populations-datathon?hsLang=en,4 hours,English,extreme-heat-and-vulnerable-populations-datathon,parsed
Waterfront Alliance Office Hours,official-week,20260922,"01:30pm, Tuesday, September 22, 2026","01:30pm - 03:30pm, Tuesday, September 22, 2026",In-person,Public,Waterfront Alliance,"11 Broadway, Manhattan, New York, New York, 10004, United States","11 Broadway, Manhattan, New York, New York, 10004, United States",cities; health; transport-and-travel,https://form.jotform.com/262183178975167,https://www.climateweeknyc.org/event-search/waterfront-alliance-office-hours?hsLang=en,2 hours,English,waterfront-alliance-office-hours,parsed
"Building Strong Foundations for Climate-Smart and Resilient Food Systems: Geospatial Innovation, Cloud Technologies, AI & Collaboration",official-week,20260922,"10:30am, Tuesday, September 22, 2026","10:30am - 12:30pm, Tuesday, September 22, 2026",In-person,Public,Taylor Geospatial,"Midtown, New York City","Midtown, New York City",food; technology-and-ai,https://luma.com/cczdyejw,https://www.climateweeknyc.org/event-search/building-strong-foundations-for-climate-smart-and-resilient-food-systems-geospatial-innovation-cloud-technologies-ai-collaboration?hsLang=en,2 hours,English,building-strong-foundations-for-climate-smart-and-resilient-food-systems-geospatial-innovation-cloud-technologies-ai-collaboration,parsed
Interdisciplinary Charette: Creative Solutions to Advance New York’s Resilience Priorities,official-week,20260922,"09:00am, Tuesday, September 22, 2026","09:00am - 12:00pm, Tuesday, September 22, 2026",In-person,Private,"Waterfront Alliance, HNTB, NY Climate Exchange","Building 309 (the chapel) on Governors Island, Manhattan, Governor's Island, New York, 11231, United States","Building 309 (the chapel) on Governors Island, Manhattan, Governor's Island, New York, 11231, United States",built-environment; cities; finance,https://form.jotform.com/262177714946164,https://www.climateweeknyc.org/event-search/interdisciplinary-charette-creative-solutions-to-advance-new-yorks-resilience-priorities?hsLang=en,3 hours,English,interdisciplinary-charette-creative-solutions-to-advance-new-yorks-resilience-priorities,parsed
"Whose Waterfront? Balancing Access, Safety, and Community Priorities",official-week,20260922,"12:00pm, Tuesday, September 22, 2026","12:00pm - 01:00pm, Tuesday, September 22, 2026",Virtual,Public,Waterfront Alliance,Online,Online,cities; health; policy,https://us02web.zoom.us/webinar/register/WN_1GmZYCKkT4-t-zpF6xgPFg,https://www.climateweeknyc.org/event-search/whose-waterfront-balancing-access-safety-and-community-priorities?hsLang=en,1 hour,English,whose-waterfront-balancing-access-safety-and-community-priorities,parsed
Cultivating Abundance on the Bronx River with Foragers in the Foodway and La Bruja,official-week,20260922,"10:00am, Tuesday, September 22, 2026","10:00am - 01:00pm, Tuesday, September 22, 2026",In-person,Public,Holes in the Wall Collective and Bronx River Alliance,"Concrete Plant Park Westchester Ave, Bronx, NY 10472, The Bronx, Bronx, New York, 10472, United States","Concrete Plant Park Westchester Ave, Bronx, NY 10472, The Bronx, Bronx, New York, 10472, United States",cities; environmental-justice; food,https://www.eventbrite.com/e/cultivating-abundance-with-foragers-in-the-foodway-and-la-bruja-tickets-1998106473249?aff=oddtdtcreator,https://www.climateweeknyc.org/event-search/cultivating-abundance-on-the-bronx-river-with-foragers-in-the-foodway-and-la-bruja?hsLang=en,3 hours,English,cultivating-abundance-on-the-bronx-river-with-foragers-in-the-foodway-and-la-bruja,parsed
"Powering a Just Transition: How Worker Inclusion in Climate Implementation, Governance and Finance Accelerates Climate Action",official-week,20260922,"09:00am, Tuesday, September 22, 2026","09:00am - 11:00am, Tuesday, September 22, 2026",In-person,Public,"Solidarity Center, WIEGO (Women in Informal Employment, Globalizing and Organizing), Working Horizons, Global Fund for a New Economy, Avina Foundation","Middle Church - 50 E. 7th Street, East Village, Manhattan, New York, New York, 10003, United States","Middle Church - 50 E. 7th Street, East Village, Manhattan, New York, New York, 10003, United States",cities; energy; finance; food; industry; policy,https://bit.ly/accelerateAction,https://www.climateweeknyc.org/event-search/powering-a-just-transition-how-worker-inclusion-in-climate-implementation-governance-and-finance-accelerates-climate-action?hsLang=en,2 hours,English,powering-a-just-transition-how-worker-inclusion-in-climate-implementation-governance-and-finance-accelerates-climate-action,parsed
Climate Week Networking Evening: Buildings as Grid Assets,official-week,20260922,"05:30pm, Tuesday, September 22, 2026","05:30pm - 07:30pm, Tuesday, September 22, 2026",In-person,Public,Building Energy Exchange,"31 Chambers St. Suite 609, Manhattan, New York City, New York, 10007, United States","31 Chambers St. Suite 609, Manhattan, New York City, New York, 10007, United States",built-environment; energy; health,https://be-exchange.org/buildings-as-grid-assets/,https://www.climateweeknyc.org/event-search/climate-week-networking-evening-buildings-as-grid-assets?hsLang=en,2 hours,English,climate-week-networking-evening-buildings-as-grid-assets,parsed
"The Collision - AI's Sustainability Challenge: A  Case Study on Data Centers, Emissions, and the Future of Climate Accountability",official-week,20260922,"12:00pm, Tuesday, September 22, 2026","12:00pm - 03:00pm, Tuesday, September 22, 2026",In-person,Public,"AICPA and CIMA and Oxford University, Said Business School","1345 Avenue of the Americas, 27th Floor, New York, NY 10105, Manhattan, New York City, New York, NY 10105, United States","1345 Avenue of the Americas, 27th Floor, New York, NY 10105, Manhattan, New York City, New York, NY 10105, United States",environmental-justice; finance; technology-and-ai,https://27aicpa-esg.epwebsite.com/,https://www.climateweeknyc.org/event-search/the-collision-ais-sustainability-challenge-a-case-study-on-data-centers-emissions-and-the-future-of-climate-accountability?hsLang=en,3 hours,English,the-collision-ais-sustainability-challenge-a-case-study-on-data-centers-emissions-and-the-future-of-climate-accountability,parsed
Climate Week 9/22 TrashBlitz Cleanup - Tompkins Square Park,official-week,20260922,"05:00pm, Tuesday, September 22, 2026","05:00pm - 07:00pm, Tuesday, September 22, 2026",In-person,Public,The 5 Gyres Institute,"Tompkins Square Park, Manhattan, New York, New York, United States","Tompkins Square Park, Manhattan, New York, New York, United States",cities; nature; policy,https://forms.gle/PAtD3YqipnZQgMgs5,https://www.climateweeknyc.org/event-search/new-york-climate-week-trashblitz?hsLang=en,2 hours,English,new-york-climate-week-trashblitz,parsed
Sharing Heat: Industrial Energy Partnerships from Sweden and New York,official-week,20260922,"09:00am, Tuesday, September 22, 2026","09:00am - 11:00am, Tuesday, September 22, 2026",Hybrid,Public,Building Energy Exchange,"31 Chambers St, Manhattan, New York, New York, 10007, United States","31 Chambers St, Manhattan, New York, New York, 10007, United States",built-environment; energy; finance,https://be-exchange.org/sharing-heat-sweden-nyc/,https://www.climateweeknyc.org/event-search/sharing-heat-industrial-energy-partnerships-from-sweden-and-new-york?hsLang=en,2 hours,English,sharing-heat-industrial-energy-partnerships-from-sweden-and-new-york,parsed
DEI in the Green Work Era: Reshaping Net-Zero Industries for Gender Equality,official-week,20260922,"08:30am, Tuesday, September 22, 2026","08:30am - 10:00am, Tuesday, September 22, 2026",Virtual,Public,Taiwan Green Energy for Charity Association (TGECA) and Out for Sustainability (Out4S),Online,Online,environmental-justice; industry; policy,https://forms.gle/oWaJkQt39YDhJJa4A,https://www.climateweeknyc.org/event-search/dei-in-the-green-work-era-reshaping-net-zero-industries-for-gender-equality?hsLang=en,1 hour 30 minutes,English,dei-in-the-green-work-era-reshaping-net-zero-industries-for-gender-equality,parsed
The State of Ocean-Climate Action in a World of Accelerating Change,official-week,20260922,"09:00am, Tuesday, September 22, 2026","09:00am - 12:30pm, Tuesday, September 22, 2026",In-person,Public,Ocean Visions,"42 West 44th Street, Manhattan, New York,, New York, 10036, United States","42 West 44th Street, Manhattan, New York,, New York, 10036, United States",nature; policy,https://luma.com/4buvky7v,https://www.climateweeknyc.org/event-search/ocean-climate-action-in-a-changing-world?hsLang=en,3 hours,English,ocean-climate-action-in-a-changing-world,parsed
"Powering the Future: Fission, Fusion and Critical Minerals",official-week,20260922,"01:30pm, Tuesday, September 22, 2026","01:30pm - 06:30pm, Tuesday, September 22, 2026",In-person,Public,Ashurst Perkins Coie x Avalanche Energy x Idemitsu Americas Holdings Corporation,"Manhattan, New York, New York, United States","Manhattan, New York, New York, United States",energy; food,https://events.ashurstperkinscoie.com/climateweeknyc2026?gz=none,https://www.climateweeknyc.org/event-search/powering-the-future-fission-fusion-and-critical-minerals?hsLang=en,5 hours,English,powering-the-future-fission-fusion-and-critical-minerals,parsed
Tackling Health Care's Emissions,official-week,20260922,"11:00am, Tuesday, September 22, 2026","11:00am - 12:00pm, Tuesday, September 22, 2026",In-person,Private,Climate Group,New York City,New York City,health,https://eur.cvent.me/9aR2QV?rt=V0Ac6ckJMkOxbM_kz8XScw&RefId=CrprtNnmbrsCWNYCStHLOPdApp,https://www.climateweeknyc.org/event-search/tackling-health-cares-emissions?hsLang=en,1 hour,English,tackling-health-cares-emissions,parsed
"Clean Air, Healthy Returns: The Economic and Health Case for Fleet Electrification",official-week,20260922,"11:00am, Tuesday, September 22, 2026","11:00am - 12:00pm, Tuesday, September 22, 2026",In-person,Private,Climate Group,New York City,New York City,transport-and-travel,https://eur.cvent.me/9aR2QV?rt=V0Ac6ckJMkOxbM_kz8XScw&RefId=CrprtNnmbrsCWNYCStHLOPdApp,https://www.climateweeknyc.org/event-search/clean-air-healthy-returns-the-economic-and-health-case-for-fleet-electrification?hsLang=en,1 hour,English,clean-air-healthy-returns-the-economic-and-health-case-for-fleet-electrification,parsed
Corporate Superpollutant Roundtable,official-week,20260922,"10:00am, Tuesday, September 22, 2026","10:00am - 12:00pm, Tuesday, September 22, 2026",In-person,Private,SPECTRA Super Pollutant Elimination Alliance,Manhattan,Manhattan,food; industry,https://forms.gle/qSUwyfb8cQQa9kF69,https://www.climateweeknyc.org/event-search/corporate-superpollutant-roundtable?hsLang=en,2 hours,English,corporate-superpollutant-roundtable,parsed
Global Launch of Blend Better Cement,official-week,20260922,"02:00pm, Tuesday, September 22, 2026","02:00pm - 04:00pm, Tuesday, September 22, 2026",In-person,Private,"ConcreteZero, Global ABC / ICBC, UNEP, Systemiq, LC3","Chrysler Building, 405 Lexington Ave, Manhattan, New York, New York, NY 10174, United States","Chrysler Building, 405 Lexington Ave, Manhattan, New York, New York, NY 10174, United States",built-environment; industry,https://luma.com/b9z40q7d,https://www.climateweeknyc.org/event-search/global-launch-of-blend-better-cement?hsLang=en,2 hours,English,global-launch-of-blend-better-cement,parsed
Harvard @ Climate Week NYC,official-week,20260922,"01:00pm, Tuesday, September 22, 2026","01:00pm - 07:30pm, Tuesday, September 22, 2026",In-person,Public,The Salata Institute for Climate and Sustainability at Harvard University,"Vanderbilt University, Chelsea Square Campus, 428 West 20th Street, Manhattan, New York, New York, 10011, United States","Vanderbilt University, Chelsea Square Campus, 428 West 20th Street, Manhattan, New York, New York, 10011, United States",cities; health; policy,https://cvent.me/AowdbR,https://www.climateweeknyc.org/event-search/harvard-climate-week-nyc?hsLang=en,,English,harvard-climate-week-nyc,parsed
Sustainable Growth: The Implementation Imperative,official-week,20260922,"09:30am, Tuesday, September 22, 2026","09:30am - 07:00pm, Tuesday, September 22, 2026",In-person,Private,,"545 W 25th St, Manhattan, New York, New York, 10001, United States","545 W 25th St, Manhattan, New York, New York, 10001, United States",energy,https://events.se.com/AxbnyB,https://www.climateweeknyc.org/event-search/sustainable-growth-the-implementation-imperative?hsLang=en,One day,English,sustainable-growth-the-implementation-imperative,parsed
Volunteer Opportunity: City Harvest Rescued Food Repack—Tuesday Morning,official-week,20260922,"10:00am, Tuesday, September 22, 2026","10:00am - 12:30pm, Tuesday, September 22, 2026",In-person,Public,City Harvest,"171 53rd Street, Brooklyn, Brooklyn, New York, 11232, United States","171 53rd Street, Brooklyn, Brooklyn, New York, 11232, United States",food,https://cityharvestvolunteers.civicore.com/index.php?section=indGpRegistrations&action=covidConditional&fwID=13546,https://www.climateweeknyc.org/event-search/volunteer-opportunity-city-harvest-rescued-food-repacktuesday-morning?hsLang=en,2 hours 30 minutes,English,volunteer-opportunity-city-harvest-rescued-food-repacktuesday-morning,parsed
Volunteer Opportunity: City Harvest Rescued Food Repack—Tuesday Afternoon,official-week,20260922,"02:00pm, Tuesday, September 22, 2026","02:00pm - 04:30pm, Tuesday, September 22, 2026",In-person,Public,City Harvest,"171 53rd Street, Brooklyn, Brooklyn, New York, 11232, United States","171 53rd Street, Brooklyn, Brooklyn, New York, 11232, United States",food,https://cityharvestvolunteers.civicore.com/index.php?section=indGpRegistrations&action=covidConditional&fwID=13545,https://www.climateweeknyc.org/event-search/volunteer-opportunity-city-harvest-rescued-food-repacktuesday-afternoon?hsLang=en,2 hours 30 minutes,English,volunteer-opportunity-city-harvest-rescued-food-repacktuesday-afternoon,parsed
Pathways to Power: Building Sustainable Careers,official-week,20260922,"11:30am, Tuesday, September 22, 2026","11:30am - 05:00am, Tuesday, September 22, 2026",In-person,Public,Henry Street Settlement;Stacks+Joules;Willdan Clean Energy Academy;The Green Launchpad;Lower East Side Employment Network;Energy Economic Development Corporation,"466 Grand Street, Manhattan, New York, New York, 10002, United States","466 Grand Street, Manhattan, New York, New York, 10002, United States",built-environment,https://abronsartscenter.app.getcuebox.com/o/C5XTY485/shows/QLJZTGJV,https://www.climateweeknyc.org/event-search/pathways-to-power-building-sustainable-careers?hsLang=en,5 hours,English,pathways-to-power-building-sustainable-careers,parsed
Space Meal: An earthly dinner of interplanetary provocations,official-week,20260922,"06:00pm, Tuesday, September 22, 2026","06:00pm - 09:00pm, Tuesday, September 22, 2026",In-person,Public,CUE Art,"137 West 25th street, Manhattan, NEW YORK, New York, 10001, United States","137 West 25th street, Manhattan, NEW YORK, New York, 10001, United States",food,https://cueartfoundation.org/event-tickets/space-meal,https://www.climateweeknyc.org/event-search/food-program-with-mari-nagem-and-chef-tessa-liebman-as-part-of-the-tropics-the-moon-and-mars-presented-by-cue-art?hsLang=en,,English,food-program-with-mari-nagem-and-chef-tessa-liebman-as-part-of-the-tropics-the-moon-and-mars-presented-by-cue-art,parsed
Football For Future: How the Beautiful Game Can Drive Global Climate Adaptation,official-week,20260922,"05:30pm, Tuesday, September 22, 2026","05:30pm - 07:00pm, Tuesday, September 22, 2026",Hybrid,Public,NRDC & Football For Future,Online,Online,cities; energy; policy,https://luma.com/z5cph5p2,https://www.climateweeknyc.org/event-search/football-for-future-how-the-beautiful-game-can-drive-global-climate-adaptation?hsLang=en,1 hour 30 minutes,English,football-for-future-how-the-beautiful-game-can-drive-global-climate-adaptation,parsed
Climate Action in Shipping – Progress towards shipping’s 2023 breakthrough report launch,official-week,20260922,"03:00pm, Tuesday, September 22, 2026","03:00pm - 04:30pm, Tuesday, September 22, 2026",In-person,Public,"Global Maritime Forum, University College London and the Marrakech Partnership","Arup, New York Office, 140 Broadway, 19th Floor, Manhattan, New York City, New York, 10005, United States","Arup, New York Office, 140 Broadway, 19th Floor, Manhattan, New York City, New York, 10005, United States",environmental-justice; policy,https://forms.gle/8Q3gXQFqpX6XF8kQA,https://www.climateweeknyc.org/event-search/climate-action-in-shipping-progress-towards-shippings-2023-breakthrough-report-launch?hsLang=en,1 hour 30 minutes,English,climate-action-in-shipping-progress-towards-shippings-2023-breakthrough-report-launch,parsed
Catalyzing Climate Tech Investment: VC & Policy Interplays,official-week,20260922,"09:00am, Tuesday, September 22, 2026","09:00am - 11:00am, Tuesday, September 22, 2026",In-person,Private,Third Way & The Ad Hoc Group,,,energy; finance; policy,https://thirdway.swoogo.com/nyccw-climate-tech-investment,https://www.climateweeknyc.org/event-search/catalyzing-climate-tech-investment-vc-policy-interplays?hsLang=en,2 hours,English,catalyzing-climate-tech-investment-vc-policy-interplays,parsed
What it Takes to Build: The Future of Permitting Reform,official-week,20260922,"03:00pm, Tuesday, September 22, 2026","03:00pm - 04:30pm, Tuesday, September 22, 2026",In-person,,Third Way & Inclusive Abundance,,,energy; policy,https://thirdway.swoogo.com/nyccwpermitting,https://www.climateweeknyc.org/event-search/what-it-takes-to-build-the-future-of-permitting-reform?hsLang=en,,English,what-it-takes-to-build-the-future-of-permitting-reform,parsed
Ask Us Anything: The Climate Therapists Are In,official-week,20260922,"05:30pm, Tuesday, September 22, 2026","05:30pm - 07:30pm, Tuesday, September 22, 2026",In-person,Public,Leslie Davenport & Dr. Laura Carter Robinson,"873 Broadway (Home Studios, Studio 1), Manhattan, New York, New York, 10003, United States","873 Broadway (Home Studios, Studio 1), Manhattan, New York, New York, 10003, United States",energy,https://luma.com/laura.and.leslieNYCW,https://www.climateweeknyc.org/event-search/ask-us-anything-the-climate-therapists-are-in?hsLang=en,Multiple days,English,ask-us-anything-the-climate-therapists-are-in,parsed
Interior Ecologies,official-week,20260922,"06:00pm, Tuesday, September 22, 2026","06:00pm - 08:30pm, Tuesday, September 22, 2026",In-person,Public,"Swissnex, Geneva School of Art and Design (HEAD – Genève)","150 1st Ave, 4th Floor, Manhattan, New York, New York, 10009, United States","150 1st Ave, 4th Floor, Manhattan, New York, New York, 10009, United States",built-environment; cities,https://swissnex.org/boston/event/assembly-interior-ecologies/,https://www.climateweeknyc.org/event-search/interior-ecologies?hsLang=en,2 hours 30 minutes,English,interior-ecologies,parsed
Beyond Reporting: How AI Lets Sustainability Focus on Impact Again,official-week,20260922,"01:30pm, Tuesday, September 22, 2026","01:30pm - 04:00pm, Tuesday, September 22, 2026",In-person,,Pulsora,"307 West 38th Street, Studio 1401, Manhattan, New York City, New York, NY 10018, United States","307 West 38th Street, Studio 1401, Manhattan, New York City, New York, NY 10018, United States",technology-and-ai,https://www.pulsora.com/climate-week-nyc-2026,https://www.climateweeknyc.org/event-search/beyond-reporting-how-ai-lets-sustainability-focus-on-impact-again?hsLang=en,,English,beyond-reporting-how-ai-lets-sustainability-focus-on-impact-again,parsed
Planting Change: School Gardens as Hubs for Climate Action and Community,official-week,20260922,"06:00pm, Tuesday, September 22, 2026","06:00pm - 07:30pm, Tuesday, September 22, 2026",In-person,Public,Edible Schoolyard NYC,"200 Park Avenue, Manhattan, New York, New York, 10166, United States","200 Park Avenue, Manhattan, New York, New York, 10166, United States",cities,https://onecau.se/_nf5k41,https://www.climateweeknyc.org/event-search/planting-change-school-gardens-as-hubs-for-climate-action-and-community?hsLang=en,1 hour 30 minutes,English,planting-change-school-gardens-as-hubs-for-climate-action-and-community,parsed
Moblizing long-term capital for grid and renewable energy infrastructure,official-week,20260922,"12:00pm, Tuesday, September 22, 2026","12:00pm - 01:30pm, Tuesday, September 22, 2026",In-person,Private,"GGI,IRENA,UNEZA,Accenture","395 9th Avenue, New York, NY 10001, USA, Manhattan, New York, New York, NY 10001, United States","395 9th Avenue, New York, NY 10001, USA, Manhattan, New York, New York, NY 10001, United States",energy,https://forms.cloud.microsoft/pages/responsepage.aspx?id=sOvdzLvS0ESYSo5CpcBis8BXmM-Py11ErA_BeKFIEYZUQkxZSzhPVlFDSEQxNFFLRzVWUVNEWkNBMy4u&route=shorturl,https://www.climateweeknyc.org/event-search/moblizing-long-term-capital-for-grid-and-renewable-energy-infrastructure?hsLang=en,1 hour 30 minutes,English,moblizing-long-term-capital-for-grid-and-renewable-energy-infrastructure,parsed
The Sustainable Choice Is Now the Easy Choice: Climate Action in Restaurant POS Systems,official-week,20260922,"03:30pm, Tuesday, September 22, 2026","03:30pm - 04:00pm, Tuesday, September 22, 2026",In-person,Public,"Food Rescue US, ReFED, and Toast","445 11th Ave, Manhattan, New York, New York, 10014, United States","445 11th Ave, Manhattan, New York, New York, 10014, United States",food; health; technology-and-ai,https://www.thenestclimatecampus.com/session/climate-action-in-restaurant-pos-systems?utm_source=climateweeknyc.org&utm_medium=referral&utm_campaign=climate-directory-listing&utm_content=frus-link,https://www.climateweeknyc.org/event-search/the-sustainable-choice-is-now-the-easy-choice-climate-action-in-restaurant-pos-systems?hsLang=en,30 minutes,English,the-sustainable-choice-is-now-the-easy-choice-climate-action-in-restaurant-pos-systems,parsed
Proof Over Promises: The Universal Drive for Verified Climate Leadership,official-week,20260922,"09:00am, Tuesday, September 22, 2026","09:00am - 05:30pm, Tuesday, September 22, 2026",In-person,Public,SCS Global Services,Manhattan,Manhattan,energy; environmental-justice; health; industry; nature; policy,https://info.scsglobalservices.com/scs-global-workshops-at-nycw-2026,https://www.climateweeknyc.org/event-search/proof-over-promises-the-universal-drive-for-verified-climate-leadership?hsLang=en,,English,proof-over-promises-the-universal-drive-for-verified-climate-leadership,parsed
WaterWays//Sitting with Trees: How Can Artists + Scientists + Communities Work Together to Imagine a More Flood Resilient NYC?,official-week,20260922,"12:00pm, Tuesday, September 22, 2026","12:00pm - 01:00pm, Tuesday, September 22, 2026",Virtual,Public,City as Living Laboratory,Online,Online,built-environment; environmental-justice; nature,https://forms.gle/X1FcMYgt6gp97uSs5,https://www.climateweeknyc.org/event-search/waterwayssitting-with-trees-how-can-artists-scientists-communities-work-together-to-imagine-a-more-flood-resilient-nyc?hsLang=en,1 hour,English,waterwayssitting-with-trees-how-can-artists-scientists-communities-work-together-to-imagine-a-more-flood-resilient-nyc,parsed
Connected for Impact: Harnessing the Power of Collaboration to Drive Change,official-week,20260922,"09:00am, Tuesday, September 22, 2026","09:00am - 01:30pm, Tuesday, September 22, 2026",In-person,Public,Kyndryl,"530 5th Ave, Manhattan, New York, New York, 10036, United States","530 5th Ave, Manhattan, New York, New York, 10036, United States",cities; technology-and-ai,https://experience.kyndryl.com/lZmel1,https://www.climateweeknyc.org/event-search/connected-for-impact-harnessing-the-power-of-collaboration-to-drive-change?hsLang=en,4 hours,English,connected-for-impact-harnessing-the-power-of-collaboration-to-drive-change,parsed
CSO Roundtable with Tim Mohin: Realizing and Communicating the Value of Sustainability and Carbon Management,official-week,20260922,"12:00pm, Tuesday, September 22, 2026","12:00pm - 02:00pm, Tuesday, September 22, 2026",In-person,Private,Covington & Burling,,,cities; health; policy,https://forms.cloud.microsoft/pages/responsepage.aspx?id=wbmMV0W0HkqkXXn82_Gl0xNpYB0QJEZFuxh11n9Y9SxUMUIzS0tRTjg1QkNGUE9HTUQyNldGUzRPUC4u&route=shorturl,https://www.climateweeknyc.org/event-search/cso-roundtable-with-tim-mohin-realizing-and-communicating-the-value-of-sustainability-and-carbon-management?hsLang=en,2 hours,English,cso-roundtable-with-tim-mohin-realizing-and-communicating-the-value-of-sustainability-and-carbon-management,parsed
Out in Climate | NYC Climate Week Social,official-week,20260922,"06:30pm, Tuesday, September 22, 2026","06:30pm - 08:30pm, Tuesday, September 22, 2026",In-person,Public,Out in Climate,"250 W 34th St., Manhattan, New York, New York, 10019, United States","250 W 34th St., Manhattan, New York, New York, 10019, United States",energy; environmental-justice; health,https://luma.com/ua097wwh,https://www.climateweeknyc.org/event-search/out-in-climate-nyc-climate-week-social?hsLang=en,2 hours,English,out-in-climate-nyc-climate-week-social,parsed
"Defending 1.5°C in an age of instability: Science, strategy and global solutions",official-week,20260922,"03:30pm, Tuesday, September 22, 2026","03:30pm - 05:00pm, Tuesday, September 22, 2026",Hybrid,Public,Climate Analytics,"58 Park Avenue, Manhattan, New York, New York, 10016, United States","58 Park Avenue, Manhattan, New York, New York, 10016, United States",cities; energy; environmental-justice; finance; food; nature; policy,https://climateanalytics.org/events/defending-1-5-c-in-an-age-of-instability-science-strategy-and-global-solutions,https://www.climateweeknyc.org/event-search/defending-15c-in-an-age-of-instability-science-strategy-and-global-solutions?hsLang=en,,English,defending-15c-in-an-age-of-instability-science-strategy-and-global-solutions,parsed
Traceability and Nature-Positive Supply Chains,official-week,20260922,"09:00am, Tuesday, September 22, 2026","09:00am - 02:00pm, Tuesday, September 22, 2026",In-person,Public,World Wildlife Fund and the Tapestry Foundation,"10 Hudson Yards (347 10th Ave @ W 30th St.), Manhattan, New York, New York, 10005, United States","10 Hudson Yards (347 10th Ave @ W 30th St.), Manhattan, New York, New York, 10005, United States",food; industry; policy,https://luma.com/6hg3xa23,https://www.climateweeknyc.org/event-search/traceability-and-nature-positive-supply-chains?hsLang=en,5 hours,English,traceability-and-nature-positive-supply-chains,parsed
Fusion in Today's Geopolitical World,official-week,20260922,"12:00pm, Tuesday, September 22, 2026","12:00pm - 02:00pm, Tuesday, September 22, 2026",In-person,Public,Clean Air Task Force,"1535 Broadway, Manhattan, New York City, New York, 10036, United States","1535 Broadway, Manhattan, New York City, New York, 10036, United States",environmental-justice; industry,https://give.catf.us/event/fusion-in-todays-geopolitical-world-a-new-york-climate-week-lunch/e836971,https://www.climateweeknyc.org/event-search/fusion-in-todays-geopolitical-world?hsLang=en,2 hours,English,fusion-in-todays-geopolitical-world,parsed
Climate Cafe Facilitator Training & Central Park Hang,official-week,20260922,"06:00pm, Tuesday, September 22, 2026","06:00pm - 08:00pm, Tuesday, September 22, 2026",In-person,Public,Climate Cafe NYC,"Central Park Information Kiosk, Columbus Circle, Manhattan, New York, New York, 10022, United States","Central Park Information Kiosk, Columbus Circle, Manhattan, New York, New York, 10022, United States",cities; environmental-justice,https://luma.com/1u9h5u2m,https://www.climateweeknyc.org/event-search/climate-cafe-facilitator-training-central-park-hang?hsLang=en,2 hours,English,climate-cafe-facilitator-training-central-park-hang,parsed
From Finding to Fixing: Accelerating Action on Methane Super-Emitters,official-week,20260922,"01:30pm, Tuesday, September 22, 2026","01:30pm - 03:30pm, Tuesday, September 22, 2026",In-person,Public,Carbon Mapper,"151 West 42nd Street, Manhattan, New York City, New York, 10036, United States","151 West 42nd Street, Manhattan, New York City, New York, 10036, United States",health; policy; technology-and-ai,https://luma.com/y9xoq22c,https://www.climateweeknyc.org/event-search/from-finding-to-fixing-accelerating-action-on-methane-super-emitters?hsLang=en,1 hour,English,from-finding-to-fixing-accelerating-action-on-methane-super-emitters,parsed
The 35% Moment: What Will It Take to Electrify the Global Economy by 2035?,official-week,20260922,"06:00pm, Tuesday, September 22, 2026","06:00pm - 07:30pm, Tuesday, September 22, 2026",In-person,Public,Columbia Business School,"NY, New York, United States","NY, New York, United States",built-environment; energy; policy; technology-and-ai,https://columbiasocialenterprise.org/civicrm/event/info?id=1092&reset=1,https://www.climateweeknyc.org/event-search/the-35-moment-what-will-it-take-to-electrify-the-global-economy-by-2035?hsLang=en,1 hour 30 minutes,English,the-35-moment-what-will-it-take-to-electrify-the-global-economy-by-2035,parsed
The Hormuz Effect: Climate Action and Energy Security After the Iran War | Panel & Reception,official-week,20260922,"05:30pm, Tuesday, September 22, 2026","05:30pm - 08:00pm, Tuesday, September 22, 2026",In-person,Private,Clean Air Task Force,"Revealed at time of registration, Manhattan, New York City, New York, 10036, United States","Revealed at time of registration, Manhattan, New York City, New York, 10036, United States",environmental-justice; policy,mailto:%20events@catf.us,https://www.climateweeknyc.org/event-search/the-hormuz-effect-climate-action-and-energy-security-after-the-iran-war-panel-reception?hsLang=en,2 hours 30 minutes,English,the-hormuz-effect-climate-action-and-energy-security-after-the-iran-war-panel-reception,parsed
The Future of Heat Insurance is Here,official-week,20260922,"11:30am, Tuesday, September 22, 2026","11:30am - 12:30pm, Tuesday, September 22, 2026",In-person,Public,HERA,"30 West 44th Street, New York, Manhattan, New York, New York, 10036, United States","30 West 44th Street, New York, Manhattan, New York, New York, 10036, United States",cities; health; policy,https://heranow.org/climate-week-nyc-2026-join-heras-back-to-back-events/,https://www.climateweeknyc.org/event-search/the-future-of-heat-insurance-is-here?hsLang=en,1 hour,English,the-future-of-heat-insurance-is-here,parsed
The Public Pathway as Energy Internationalism,official-week,20260922,"02:00pm, Tuesday, September 22, 2026","02:00pm - 04:00pm, Tuesday, September 22, 2026",In-person,Public,"Trade Unions for Energy Democracy (TUED), CUNY School for Labor and Urban Studies (CUNY SLU)","25 W 43rd St, 18th Floor, Manhattan, New York, New York, 10036, United States","25 W 43rd St, 18th Floor, Manhattan, New York, New York, 10036, United States",energy; environmental-justice; policy,https://luma.com/8j2o68y8,https://www.climateweeknyc.org/event-search/the-public-pathway-as-energy-internationalism?hsLang=en,2 hours,English,the-public-pathway-as-energy-internationalism,parsed
Article 6 After Hours,official-week,20260922,"06:45pm, Tuesday, September 22, 2026","06:45pm - 08:00pm, Tuesday, September 22, 2026",In-person,Private,Centrigrade,"45 W 45th St, New York, NY 10036, Manhattan, New York, New York, 10036, United States","45 W 45th St, New York, NY 10036, Manhattan, New York, New York, 10036, United States",cities; health; policy,https://luma.com/zvvykzfk,https://www.climateweeknyc.org/event-search/article-6-after-hours?hsLang=en,2 hours,English,article-6-after-hours,parsed
Your Neighbor’s Table: A Sustainable Global Culinary Bazaar & Tasting,official-week,20260922,"05:30pm, Tuesday, September 22, 2026","05:30pm - 08:30pm, Tuesday, September 22, 2026",In-person,Public,Plant Powered Metro New York,"31-10 Thomson Ave, Queens, Long Island City, New York, 11101, United States","31-10 Thomson Ave, Queens, Long Island City, New York, 11101, United States",cities; food; health,https://plantpoweredmetrony.app.neoncrm.com/nx/portal/neonevents/events?path=%2Fportal%2Fevents%2F55932,https://www.climateweeknyc.org/event-search/your-neighbors-table-a-sustainable-global-culinary-bazaar-tasting?hsLang=en,2 hours 30 minutes,"English, Spanish",your-neighbors-table-a-sustainable-global-culinary-bazaar-tasting,parsed
Where AI Scales and the Grid Gets Cleaner: Australia's Opportunity - Afternoon Forum & Networking,official-week,20260922,"01:30pm, Tuesday, September 22, 2026","01:30pm - 05:00pm, Tuesday, September 22, 2026",In-person,Public,Australian Trade & Investment Commission in partnership with Fortescue,"600 Third Avenue, Floor 34, Manhattan, New York, New York, 10016, United States","600 Third Avenue, Floor 34, Manhattan, New York, New York, 10016, United States",energy; technology-and-ai,https://luma.com/2uu2n368,https://www.climateweeknyc.org/event-search/where-ai-scales-and-the-grid-gets-cleaner-australias-opportunity-afternoon-forum-networking?hsLang=en,4 hours,English,where-ai-scales-and-the-grid-gets-cleaner-australias-opportunity-afternoon-forum-networking,parsed
Pillars of Stability: Building Resilient Systems,official-week,20260922,"09:00am, Tuesday, September 22, 2026","09:00am - 02:45pm, Tuesday, September 22, 2026",In-person,Private,Newsweek,"72nd Floor, One World Trade Center, Manhattan, New York, New York, NY1007, United States","72nd Floor, One World Trade Center, Manhattan, New York, New York, NY1007, United States",cities; health,https://events.newsweek.com/climateweek-nyc/begin,https://www.climateweeknyc.org/event-search/pillars-of-stability-building-resilient-systems?hsLang=en,6 hours,English,pillars-of-stability-building-resilient-systems,parsed
Nuclear Night NYC,official-week,20260922,"05:00pm, Tuesday, September 22, 2026","05:00pm - 08:00pm, Tuesday, September 22, 2026",In-person,Public,Alumni Ventures,"183 Madison Ave 18th Floor, Manhattan, New York, New York, 10016, United States","183 Madison Ave 18th Floor, Manhattan, New York, New York, 10016, United States",energy; finance; policy,https://luma.com/nuclear-night-2026,https://www.climateweeknyc.org/event-search/nuclear-night-nyc?hsLang=en,3 hours,English,nuclear-night-nyc,parsed
"Community Colleges, Climate Pedagogy, and Adaptive Workforce Development",official-week,20260922,"11:00am, Tuesday, September 22, 2026","11:00am - 12:30pm, Tuesday, September 22, 2026",Hybrid,Public,Foundation for California Community Colleges,"CUNY Graduate Center, 365 Fifth Ave, Manhattan, New York, New York, 10016, United States","CUNY Graduate Center, 365 Fifth Ave, Manhattan, New York, New York, 10016, United States",cities; environmental-justice; policy,https://californiacommunitycolleges.cventevents.com/event/2026ClimateWeekNYC/home,https://www.climateweeknyc.org/event-search/community-colleges-climate-pedagogy-and-adaptive-workforce-development?hsLang=en,1 hour 30 minutes,English,community-colleges-climate-pedagogy-and-adaptive-workforce-development,parsed
Unlocking Flood Resilience: How Science and Smarter Insurance Can Protect Communities,official-week,20260922,"10:00am, Tuesday, September 22, 2026","10:00am - 12:00pm, Tuesday, September 22, 2026",In-person,Private,California Ocean Science Trust,"267 5th Ave, Manhattan, New York, New York, 10016, United States","267 5th Ave, Manhattan, New York, New York, 10016, United States",built-environment; finance; nature,https://floodrisk.rsvpify.com,https://www.climateweeknyc.org/event-search/unlocking-flood-resilience-how-science-and-smarter-insurance-can-protect-communities?hsLang=en,2 hours,English,unlocking-flood-resilience-how-science-and-smarter-insurance-can-protect-communities,parsed
Sustainable Fashion Scholars Ideation Day,official-week,20260922,"12:00pm, Tuesday, September 22, 2026","12:00pm - 05:00pm, Tuesday, September 22, 2026",In-person,Public,"​The Gromek Institute for Business at Parsons School of Design, Yale University's Moving the Needle, Columbia University's Impact Style, New York University's Future Fashion Group and Helix Commons: A Storied Resale Marketplace.","55 W 13th St, Manhattan, New York, New York, 10011, United States","55 W 13th St, Manhattan, New York, New York, 10011, United States",cities; environmental-justice; industry,https://luma.com/8g5arl3f,https://www.climateweeknyc.org/event-search/sustainable-fashion-scholars-ideation-day?hsLang=en,5 hours,English,sustainable-fashion-scholars-ideation-day,parsed
Perspectives Shaping Climate Action through Sports,official-week,20260922,"10:00am, Tuesday, September 22, 2026","10:00am - 12:00pm, Tuesday, September 22, 2026",In-person,Public,New York Road Runners,"322 West 57th Street, Manhattan, New York, New York, 10019, United States","322 West 57th Street, Manhattan, New York, New York, 10019, United States",cities; food; health,,https://www.climateweeknyc.org/event-search/perspectives-shaping-climate-action-through-sports?hsLang=en,,English,perspectives-shaping-climate-action-through-sports,parsed
Overcoming the Gap  Between Biomass CDR  Potential and Reality,official-week,20260922,"03:30pm, Tuesday, September 22, 2026","03:30pm - 05:00pm, Tuesday, September 22, 2026",In-person,Public,Clean Air Task Force,"1535 Broadway, Manhattan, New York City, New York, 10036, United States","1535 Broadway, Manhattan, New York City, New York, 10036, United States",industry,https://give.catf.us/event/overcoming-the-gap-between-biomass-cdr-potential-and-reality/e834346,https://www.climateweeknyc.org/event-search/overcoming-the-gap-between-biomass-cdr-potential-and-reality?hsLang=en,1 hour 30 minutes,English,overcoming-the-gap-between-biomass-cdr-potential-and-reality,parsed
"Investing in Resilience: Capital, Risk & Return",official-week,20260922,"02:00pm, Tuesday, September 22, 2026","02:00pm - 04:00pm, Tuesday, September 22, 2026",In-person,Private,Top Tier Impact,"1170 Broadway, Manhattan, New York, New York, 10001, United States","1170 Broadway, Manhattan, New York, New York, 10001, United States",built-environment; finance; nature,https://luma.com/jnh0lxve,https://www.climateweeknyc.org/event-search/investing-in-resilience-capital-risk-return?hsLang=en,2 hours,English,investing-in-resilience-capital-risk-return,parsed
Clean Energy Finance Forum,official-week,20260922,"03:00pm, Tuesday, September 22, 2026","03:00pm - 07:00pm, Tuesday, September 22, 2026",In-person,Private,"CEART.io and Weaver and Cooley, organized by 1BusinessWorld","55 Hudson Yards, New York, New York, 10001, United States","55 Hudson Yards, New York, New York, 10001, United States",energy; finance; technology-and-ai,https://1businessworld.com/event/2026-clean-energy-finance-forum/,https://www.climateweeknyc.org/event-search/clean-energy-finance-forum?hsLang=en,4 hours,English,clean-energy-finance-forum,parsed
LL97 Workshop: Your Emissions and Plan,official-week,20260922,"09:30am, Tuesday, September 22, 2026","09:30am - 12:00pm, Tuesday, September 22, 2026",Virtual,Public,CUNY Building Performance Lab,Online,Online,built-environment; energy; policy,https://events.humanitix.com/your-emissions-and-plan,https://www.climateweeknyc.org/event-search/ll97-workshop-your-emissions-and-plan?hsLang=en,2 hours 30 minutes,English,ll97-workshop-your-emissions-and-plan,parsed
"Indigenous Perspectives on AI, Technology and Climate Solutions",official-week,20260922,"01:30pm, Tuesday, September 22, 2026","01:30pm - 04:00pm, Tuesday, September 22, 2026",Hybrid,Public,Indigenous Climate Action,"315 W 39th St, Unit 1206, Manhattan, New York, New York, 10018, United States","315 W 39th St, Unit 1206, Manhattan, New York, New York, 10018, United States",environmental-justice; industry; technology-and-ai,https://form-can.keela.co/ica-at-nycw-panel-event-attendee-registration-form-2026,https://www.climateweeknyc.org/event-search/indigenous-perspectives-on-ai-technology-and-climate-solutions?hsLang=en,2 hours 30 minutes,English,indigenous-perspectives-on-ai-technology-and-climate-solutions,parsed
"The New Investment Map: Competitiveness, Climate Resilience, and the Future of Clean Energy Investment",official-week,20260922,"05:00pm, Tuesday, September 22, 2026","05:00pm - 08:00pm, Tuesday, September 22, 2026",In-person,Private,University of Pennsylvania,"The Penn Club of New York, 30 W 44th St, Manhattan, New York, New York, 10036, United States","The Penn Club of New York, 30 W 44th St, Manhattan, New York, New York, 10036, United States",energy; industry; policy,https://climate.upenn.edu/news/penn-nyc-climateweek-2026/,https://www.climateweeknyc.org/event-search/the-new-investment-map-competitiveness-climate-resilience-and-the-future-of-clean-energy-investment?hsLang=en,3 hours,English,the-new-investment-map-competitiveness-climate-resilience-and-the-future-of-clean-energy-investment,parsed
Circular transformers for secure grid supply chains,official-week,20260922,"08:30am, Tuesday, September 22, 2026","08:30am - 09:45am, Tuesday, September 22, 2026",Virtual,Public,Renewables Grid Initiative and Hitachi Energy,Online,Online,energy; industry; nature,https://renewables-grid.eu/resources/circular-transformers/,https://www.climateweeknyc.org/event-search/circular-transformers-for-secure-grid-supply-chains?hsLang=en,1 hour 30 minutes,English,circular-transformers-for-secure-grid-supply-chains,parsed
GiveGreen Presents: Common Ground,official-week,20260922,"05:00pm, Tuesday, September 22, 2026","05:00pm - 06:30pm, Tuesday, September 22, 2026",In-person,Public,GiveGreen,Input Physical Address,Input Physical Address,policy,https://www.givegreen.com/climateweek2026,https://www.climateweeknyc.org/event-search/givegreen-presents-common-ground?hsLang=en,,English,givegreen-presents-common-ground,parsed
"Political Giving as a Climate Solution, presented by GiveGreen, NRDC Action Fund, and LCV",official-week,20260922,"03:15pm, Tuesday, September 22, 2026","03:15pm - 04:30pm, Tuesday, September 22, 2026",In-person,Public,GiveGreen,Input Physical Address,Input Physical Address,health; policy,https://www.givegreen.com/climateweek2026,https://www.climateweeknyc.org/event-search/political-giving-as-a-climate-solution-presented-by-givegreen-nrdc-action-fund-and-lcv?hsLang=en,,English,political-giving-as-a-climate-solution-presented-by-givegreen-nrdc-action-fund-and-lcv,parsed
"Human Planet: ​Climate, Care, Children and Innovative Finance",official-week,20260922,"12:00pm, Tuesday, September 22, 2026","12:00pm - 03:00pm, Tuesday, September 22, 2026",In-person,Public,Human Planet and Partners,"Jay Conference Chelsea, Manhattan, 59 West 25th Street, New York, New York, 59 West, United States","Jay Conference Chelsea, Manhattan, 59 West 25th Street, New York, New York, 59 West, United States",built-environment; health; policy,https://luma.com/shfxsx7g,https://www.climateweeknyc.org/event-search/human-planet-climate-care-children-and-innovative-finance?hsLang=en,3 hours,"English, French, German",human-planet-climate-care-children-and-innovative-finance,parsed
TEST 04/09,official-week,20260922,"11:00am, Tuesday, September 22, 2026","11:00am - 11:30am, Tuesday, September 22, 2026",In-person,Public,Emma Wilson Co.,Online,Online,food,https://www.climateweeknyc.org/?hsLang=en,https://www.climateweeknyc.org/event-search/test-0409?hsLang=en,30 minutes,English,test-0409,parsed
Roundtable with New York City Deputy Mayor Julie Su on Protecting Workers from Extreme Heat,official-week,20260922,"12:30pm, Tuesday, September 22, 2026","12:30pm - 02:00pm, Tuesday, September 22, 2026",In-person,Public,"New York City's Deputy Mayor for Economic Justice Julie Su, the TEMP Coalition chaired by New York Committee for Occupational Safety and Health (NYCOSH), 32BJ, and BlueGreen Alliance","25 W 18th Street, Manhattan, New York, New York, 10011, United States","25 W 18th Street, Manhattan, New York, New York, 10011, United States",cities; health; policy,https://forms.gle/RAkUFnPTXfJjHcYy8,https://www.climateweeknyc.org/event-search/roundtable-with-new-york-city-deputy-mayor-julie-su-on-protecting-workers-from-extreme-heat?hsLang=en,1 hour 30 minutes,English,roundtable-with-new-york-city-deputy-mayor-julie-su-on-protecting-workers-from-extreme-heat,parsed
Circular Supply Chain Happy Hour,official-week,20260922,"05:30pm, Tuesday, September 22, 2026","05:30pm - 07:30pm, Tuesday, September 22, 2026",In-person,Public,Circular Supply Chain Network,"155 Grand St, Manhattan, New York, New York, 10013, United States","155 Grand St, Manhattan, New York, New York, 10013, United States",,https://luma.com/8alqvre4,https://www.climateweeknyc.org/event-search/circular-supply-chain-happy-hour?hsLang=en,2 hours,English,circular-supply-chain-happy-hour,parsed
Storytelling in the U.S. South: Igniting Climate Action through Art,official-week,20260922,"04:00pm, Tuesday, September 22, 2026","04:00pm - 05:30pm, Tuesday, September 22, 2026",In-person,Public,Southern Environmental Law Center & The Bitter Southerner,"29 West 23rd Street, Manhattan, New York City, New York, 10010, United States","29 West 23rd Street, Manhattan, New York City, New York, 10010, United States",cities; environmental-justice; health,https://www.selc.org/page/climate-week/?selcsrc=ClimateWeekNYCListing#storytelling,https://www.climateweeknyc.org/event-search/storytelling-in-the-us-south-igniting-climate-action-through-art?hsLang=en,1 hour 30 minutes,English,storytelling-in-the-us-south-igniting-climate-action-through-art,parsed
Moving with a Changing Climate: Slow-Onset Events and Human Mobility,official-week,20260922,"12:00pm, Tuesday, September 22, 2026","12:00pm - 01:30pm, Tuesday, September 22, 2026",Hybrid,Public,Environmental Defense Fund and CARE,"Environmental Defense Fund, 257 Park Ave S, Manhattan, New York, New York, 10010, United States","Environmental Defense Fund, 257 Park Ave S, Manhattan, New York, New York, 10010, United States",environmental-justice; food; policy,https://luma.com/12qnygzh,https://www.climateweeknyc.org/event-search/moving-with-a-changing-climate-slow-onset-events-and-human-mobility?hsLang=en,1 hour 30 minutes,English,moving-with-a-changing-climate-slow-onset-events-and-human-mobility,parsed
Solutions Inside Out,official-week,20260922,"03:00pm, Tuesday, September 22, 2026","03:00pm - 04:00pm, Tuesday, September 22, 2026",In-person,Public,The Impact Lounge,"230 Fifth Avenue (Penthouse) at 1150 Broadway, Manhattan, New York, New York, 10001, United States","230 Fifth Avenue (Penthouse) at 1150 Broadway, Manhattan, New York, New York, 10001, United States",cities; environmental-justice; nature,https://events.humanitix.com/impact-lounge-climate-unga-week-2026,https://www.climateweeknyc.org/event-search/solutions-inside-out?hsLang=en,1 hour,English,solutions-inside-out,parsed
"Indigenous-Led Conservation: Sovereignty, Stewardship, and Natural Climate Solutions​​",official-week,20260922,"09:00am, Tuesday, September 22, 2026","09:00am - 11:00am, Tuesday, September 22, 2026",In-person,Public,Trust for Public Land,"444 Madison Ave, 10th Floor, Manhattan, New York, New York, 10022","444 Madison Ave, 10th Floor, Manhattan, New York, New York, 10022",health; nature; policy,https://share.hsforms.com/2cJmf_k2TS1ytOQCLQzZL-gr3qwk?most_recent_event_rsvp=recenZgByoAdug0Ja,https://www.climateweeknyc.org/event-search/indigenous-led-conservation-sovereignty-stewardship-and-natural-climate-solutions?hsLang=en,2 hours,English,indigenous-led-conservation-sovereignty-stewardship-and-natural-climate-solutions,parsed
Why just building factories isn't cutting it: a roundtable discussion.,official-week,20260922,"07:00am, Tuesday, September 22, 2026","07:00am - 10:30am, Tuesday, September 22, 2026",In-person,Private,Opna,Input Physical Address,Input Physical Address,energy; industry; policy,https://luma.com/uboxbf73,https://www.climateweeknyc.org/event-search/why-just-building-factories-isnt-cutting-it-a-roundtable-discussion?hsLang=en,3 hours,English,why-just-building-factories-isnt-cutting-it-a-roundtable-discussion,parsed
Risilience Private Equity Roundtable: Climate Alpha: Underwriting Risk & Driving PE Value Through Global Volatility,official-week,20260922,"07:00pm, Tuesday, September 22, 2026","07:00pm - 10:00pm, Tuesday, September 22, 2026",In-person,Private,Risilience,"New York, United States","New York, United States",finance; technology-and-ai,https://risilience.com/resources/events/climate-week-nyc/,https://www.climateweeknyc.org/event-search/risilience-private-equity-roundtable-climate-alpha-underwriting-risk-driving-pe-value-through-global-volatility?hsLang=en,3 hours,English,risilience-private-equity-roundtable-climate-alpha-underwriting-risk-driving-pe-value-through-global-volatility,parsed
From Playbook to Practice: Mainstreaming Inclusive Climate Infrastructure Design,official-week,20260922,"09:00am, Tuesday, September 22, 2026","09:00am - 10:30am, Tuesday, September 22, 2026",Virtual,Public,Global Disability Innovation Hub,Online,Online,built-environment; cities; health,https://us06web.zoom.us/webinar/register/WN_mGOitRMTRteuQFeE1XRxzg,https://www.climateweeknyc.org/event-search/from-playbook-to-practice-mainstreaming-inclusive-climate-infrastructure-design?hsLang=en,1 hour 30 minutes,English,from-playbook-to-practice-mainstreaming-inclusive-climate-infrastructure-design,parsed
California's Climate Leadership: Building the Next Generation of Subnational Climate Cooperation,official-week,20260922,"03:30pm, Tuesday, September 22, 2026","03:30pm - 05:00pm, Tuesday, September 22, 2026",In-person,Private,Co-hosted by Covington and Elevate Climate,,,cities; health; policy,https://forms.office.com/Pages/ResponsePage.aspx?id=wbmMV0W0HkqkXXn82_Gl08UoT9Q2LL5IhRRQH5Mhf_ZUNzNUU1ZFRjRPSjJaVDNOSkpVQ005TjQ0Wi4u,https://www.climateweeknyc.org/event-search/californias-climate-leadership-building-the-next-generation-of-subnational-climate-cooperation?hsLang=en,1 hour 30 minutes,English,californias-climate-leadership-building-the-next-generation-of-subnational-climate-cooperation,parsed
The Water–Flooding–Energy Nexus in New York;Inaugural Workshop of the NYC Water Environment Technology (W.E.T.) Lab,official-week,20260922,"03:00pm, Tuesday, September 22, 2026","03:00pm - 05:00pm, Tuesday, September 22, 2026",In-person,Public,Co-hosted by Pratt Institute Graduate Architecture/Landscape Architecture/Urban Design and Arup,"140 Broadway, Manhattan, New York, New York, 10005, United States","140 Broadway, Manhattan, New York, New York, 10005, United States",built-environment; cities; energy,https://info.arup.com/3284-Water-Flooding-Energy-Nexus-NY_Register-Interest.html,https://www.climateweeknyc.org/event-search/the-waterfloodingenergy-nexus-in-new-yorkinaugural-workshop-of-the-nyc-water-environment-technology-wet-lab?hsLang=en,2 hours,English,the-waterfloodingenergy-nexus-in-new-yorkinaugural-workshop-of-the-nyc-water-environment-technology-wet-lab,parsed
NPUC UTILITY SOLUTIONS Forum,official-week,20260922,"01:30pm, Tuesday, September 22, 2026","01:30pm - 12:30pm, Tuesday, September 22, 2026",In-person,Private,Motive Power & The National Public Utilities Council (NPUC),"445 11th Avenue, Manhattan, New York, New York, 10001, United States","445 11th Avenue, Manhattan, New York, New York, 10001, United States",built-environment; energy; technology-and-ai,https://www.decarbforum.com,https://www.climateweeknyc.org/event-search/npuc-utility-solutions-forum?hsLang=en,Multiple days,English,npuc-utility-solutions-forum,parsed
"A common future: shared prosperity, human rights and conflict prevention in the energy transition",official-week,20260922,"01:00pm, Tuesday, September 22, 2026","01:00pm - 02:30pm, Tuesday, September 22, 2026",In-person,Private,Business and Human Rights Centre,"1227 Broadway, Manhattan, New York, New York, NY 10001, United States","1227 Broadway, Manhattan, New York, New York, NY 10001, United States",energy; environmental-justice; policy,https://www.eventbrite.co.uk/e/shared-prosperity-rights-and-conflict-prevention-in-the-energy-transition-tickets-1999090404213,https://www.climateweeknyc.org/event-search/a-common-future-shared-prosperity-human-rights-and-conflict-prevention-in-the-energy-transition?hsLang=en,1 hour 30 minutes,English,a-common-future-shared-prosperity-human-rights-and-conflict-prevention-in-the-energy-transition,parsed
Can Sex Sell…Climate? With Yellow Dot,official-week,20260922,"04:30pm, Tuesday, September 22, 2026","04:30pm - 05:30pm, Tuesday, September 22, 2026",In-person,Private,Solutions House,"Manhattan, New York, United States","Manhattan, New York, United States",health,https://www.solutionshouse.net/new-york,https://www.climateweeknyc.org/event-search/can-sex-sellclimate-with-yellow-dot?hsLang=en,1 hour,English,can-sex-sellclimate-with-yellow-dot,parsed
"The New Security Agenda: Clean Energy, Nature Restoration, and Economic Security",official-week,20260922,"08:30am, Tuesday, September 22, 2026","08:30am - 10:00am, Tuesday, September 22, 2026",In-person,Public,ClientEarth and the Global Commons Alliance,Input Physical Address,Input Physical Address,energy; nature; policy,https://act.clientearth.org/page/198560/event/1,https://www.climateweeknyc.org/event-search/the-new-security-agenda-clean-energy-nature-restoration-and-economic-security?hsLang=en,1 hour 30 minutes,English,the-new-security-agenda-clean-energy-nature-restoration-and-economic-security,parsed
"Rethinking How Business Builds a Circular, Low-Carbon Future",official-week,20260922,"11:30am, Tuesday, September 22, 2026","11:30am - 12:30pm, Tuesday, September 22, 2026",In-person,Private,Solutions House,"Manhattan, New York, United States","Manhattan, New York, United States",finance; industry; technology-and-ai,https://www.solutionshouse.net/new-york,https://www.climateweeknyc.org/event-search/rethinking-how-business-builds-a-circular-low-carbon-future?hsLang=en,1 hour,English,rethinking-how-business-builds-a-circular-low-carbon-future,parsed
24/7 CFE Solutions Accelerator Workshop,official-week,20260922,"09:30am, Tuesday, September 22, 2026","09:30am - 01:00pm, Tuesday, September 22, 2026",In-person,Private,Climate Group,New York City,New York City,,https://eur.cvent.me/9aR2QV?rt=V0Ac6ckJMkOxbM_kz8XScw&RefId=CrprtNnmbrsCWNYCStHLOPdApp,https://www.climateweeknyc.org/event-search/247-cfe-solutions-accelerator-workshop?hsLang=en,,English,247-cfe-solutions-accelerator-workshop,parsed
What the World Can Learn from Ukraine's Energy Resilience,official-week,20260922,"04:00pm, Tuesday, September 22, 2026","04:00pm - 06:00pm, Tuesday, September 22, 2026",In-person,Public,Razom We Stand & chilli,"49 Elizabeth St, Manhattan, New York, New York, NY 10013, United States","49 Elizabeth St, Manhattan, New York, New York, NY 10013, United States",energy; policy,https://luma.com/ea2gpe4l,https://www.climateweeknyc.org/event-search/what-the-world-can-learn-from-ukraines-energy-resilience?hsLang=en,2 hours,English,what-the-world-can-learn-from-ukraines-energy-resilience,parsed
TED Storytelling Workshop,official-week,20260922,"06:00pm, Tuesday, September 22, 2026","06:00pm - 07:00pm, Tuesday, September 22, 2026",In-person,Private,Solutions House,"Manhattan, New York, United States","Manhattan, New York, United States",health,https://www.solutionshouse.net/new-york,https://www.climateweeknyc.org/event-search/ted-storytelling-workshop?hsLang=en,1 hour,English,ted-storytelling-workshop,parsed
"Shifting distributed energy policy, maximizing speed, demand and affordability",official-week,20260922,"07:30am, Tuesday, September 22, 2026","07:30am - 09:00am, Tuesday, September 22, 2026",In-person,Private,Climate Group,New York City,New York City,energy,https://eur.cvent.me/9aR2QV?rt=V0Ac6ckJMkOxbM_kz8XScw&RefId=CrprtNnmbrsCWNYCStHLOPdApp,https://www.climateweeknyc.org/event-search/shifting-distributed-energy-policy-maximizing-speed-demand-and-affordability?hsLang=en,,English,shifting-distributed-energy-policy-maximizing-speed-demand-and-affordability,parsed
Extreme Weather & Creativity - with TED Countdown and the Sustainable Entertainment Alliance,official-week,20260922,"03:00pm, Tuesday, September 22, 2026","03:00pm - 04:00pm, Tuesday, September 22, 2026",In-person,Private,Solutions House,"Manhattan, New York, United States","Manhattan, New York, United States",health,https://www.solutionshouse.net/new-york,https://www.climateweeknyc.org/event-search/extreme-weather-creativity-with-ted-countdown-and-the-sustainable-entertainment-alliance?hsLang=en,1 hour,English,extreme-weather-creativity-with-ted-countdown-and-the-sustainable-entertainment-alliance,parsed
Supercharging climate action: How more precise science-based capital deployment can maximize impacts,official-week,20260922,"10:00am, Tuesday, September 22, 2026","10:00am - 11:00am, Tuesday, September 22, 2026",In-person,Private,Solutions House,"Manhattan, New York, United States","Manhattan, New York, United States",finance,https://www.solutionshouse.net/new-york,https://www.climateweeknyc.org/event-search/supercharging-climate-action-how-more-precise-science-based-capital-deployment-can-maximize-impacts?hsLang=en,1 hour,English,supercharging-climate-action-how-more-precise-science-based-capital-deployment-can-maximize-impacts,parsed
Collaboration in the Creative Industries,official-week,20260922,"07:00pm, Tuesday, September 22, 2026","07:00pm - 09:00am, Tuesday, September 22, 2026",In-person,Private,Solutions House,"Manhattan, New York, United States","Manhattan, New York, United States",health,https://www.solutionshouse.net/new-york,https://www.climateweeknyc.org/event-search/collaboration-in-the-creative-industries?hsLang=en,2 hours,English,collaboration-in-the-creative-industries,parsed
Trust by Design: Protecting Climate Information in the Age of AI”;a closed-door executive roundtable,official-week,20260922,"02:00pm, Tuesday, September 22, 2026","02:00pm - 03:30pm, Tuesday, September 22, 2026",In-person,Private,Climate Group,New York City,New York City,energy,https://eur.cvent.me/9aR2QV?rt=V0Ac6ckJMkOxbM_kz8XScw&RefId=CrprtNnmbrsCWNYCStHLOPdApp,https://www.climateweeknyc.org/event-search/trust-by-design-protecting-climate-information-in-the-age-of-aia-closed-door-executive-roundtable?hsLang=en,,English,trust-by-design-protecting-climate-information-in-the-age-of-aia-closed-door-executive-roundtable,parsed
"The Jargon Detox, or how not to talk about climate - with TED Countdown and the Sustainable Entertainment Alliance",official-week,20260922,"04:30pm, Tuesday, September 22, 2026","04:30pm - 05:30pm, Tuesday, September 22, 2026",In-person,Private,Solutions House,"Manhattan, New York, United States","Manhattan, New York, United States",health,https://www.solutionshouse.net/new-york,https://www.climateweeknyc.org/event-search/the-jargon-detox-or-how-not-to-talk-about-climate-with-ted-countdown-and-the-sustainable-entertainment-alliance?hsLang=en,1 hour,English,the-jargon-detox-or-how-not-to-talk-about-climate-with-ted-countdown-and-the-sustainable-entertainment-alliance,parsed
The Big Narrative Debate - with TED Countdown and the Sustainable Entertainment Alliance,official-week,20260922,"03:00pm, Tuesday, September 22, 2026","03:00pm - 04:00pm, Tuesday, September 22, 2026",In-person,Private,Solutions House,"Manhattan, New York, United States","Manhattan, New York, United States",health,https://www.solutionshouse.net/new-york,https://www.climateweeknyc.org/event-search/the-big-narrative-debate-with-ted-countdown-and-the-sustainable-entertainment-alliance?hsLang=en,1 hour,English,the-big-narrative-debate-with-ted-countdown-and-the-sustainable-entertainment-alliance,parsed
"Big Storms, Big Feelings - Helping young children cope with extreme weather",official-week,20260922,"01:30pm, Tuesday, September 22, 2026","01:30pm - 02:30pm, Tuesday, September 22, 2026",In-person,Private,Solutions House,"Manhattan, New York, United States","Manhattan, New York, United States",cities; health; nature,https://www.solutionshouse.net/new-york,https://www.climateweeknyc.org/event-search/big-storms-big-feelings-helping-young-children-cope-with-extreme-weather?hsLang=en,1 hour,English,big-storms-big-feelings-helping-young-children-cope-with-extreme-weather,parsed
"Vale Dialogues: Financing Biofuels, a conversation in partnership with UBS - Unlocking Investments and Accelerating Low-Carbon Solutions in Industry",official-week,20260922,"12:00pm, Tuesday, September 22, 2026","12:00pm - 01:30pm, Tuesday, September 22, 2026",In-person,Private,Vale,"Private Event, Manhattan, New York, New York, United States","Private Event, Manhattan, New York, New York, United States",food; industry,,https://www.climateweeknyc.org/event-search/vale-dialogues-financing-biofuels-a-conversation-in-partnership-with-ubs-unlocking-investments-and-accelerating-low-carbon-solutions-in-industry?hsLang=en,1 hour 30 minutes,"English, Portuguese",vale-dialogues-financing-biofuels-a-conversation-in-partnership-with-ubs-unlocking-investments-and-accelerating-low-carbon-solutions-in-industry,parsed
Sustainability Served on the Half Shell,official-week,20260922,"01:00pm, Tuesday, September 22, 2026","01:00pm - 04:00pm, Tuesday, September 22, 2026",In-person,Public,Greenplaces,"945 Second Ave, Manhattan, New York, New York, 10022, United States","945 Second Ave, Manhattan, New York, New York, 10022, United States",finance; food; nature,https://info.greenplaces.com/nycw-sustainability-served-on-the-half-shell,https://www.climateweeknyc.org/event-search/sustainability-served-on-the-half-shell?hsLang=en,3 hours,English,sustainability-served-on-the-half-shell,parsed
"Living Data, Living Lands: More-Than-Human Rights, AI, and Indigenous Data Sovereignty",official-week,20260922,"06:30pm, Tuesday, September 22, 2026","06:30pm - 08:30pm, Tuesday, September 22, 2026",In-person,Public,"Local Contexts, NYU Engelberg Center on Innovation Law & Policy","40 Washington Square S, Manhattan, New York, New York, 10012, United States","40 Washington Square S, Manhattan, New York, New York, 10012, United States",environmental-justice; nature; technology-and-ai,https://www.eventbrite.com/e/living-data-living-lands-tickets-1997151723567?aff=Ecweb,https://www.climateweeknyc.org/event-search/living-data-living-lands-more-than-human-rights-ai-and-indigenous-data-sovereignty?hsLang=en,2 hours,"English, Spanish",living-data-living-lands-more-than-human-rights-ai-and-indigenous-data-sovereignty,parsed
"Fireside Chat & AMA with Andy Bowman, Jupiter Power",official-week,20260922,"05:00pm, Tuesday, September 22, 2026","05:00pm - 07:30pm, Tuesday, September 22, 2026",In-person,Private,Modo Energy,"88 Pine Street, Manhattan, New York, New York, 10005, United States","88 Pine Street, Manhattan, New York, New York, 10005, United States",energy,https://luma.com/modo-34z5,https://www.climateweeknyc.org/event-search/fireside-chat-ama-with-andy-bowman-jupiter-power?hsLang=en,2 hours 30 minutes,English,fireside-chat-ama-with-andy-bowman-jupiter-power,parsed
Forecasting the Future: How AI-Powered Weather Intelligence Can Protect and Improve our Health,official-week,20260922,"10:00am, Tuesday, September 22, 2026","10:00am - 12:00pm, Tuesday, September 22, 2026",In-person,Public,University of Chicago Institute for Climate & Sustainable Growth,"Rockefeller Foundation, 23rd Floor Cafe, 420 5th Ave, Manhattan, New York, New York, 10018, United States","Rockefeller Foundation, 23rd Floor Cafe, 420 5th Ave, Manhattan, New York, New York, 10018, United States",energy; technology-and-ai,https://web.cvent.com/event/a940a88d-c29b-4a31-87be-bccda21dc53c/register,https://www.climateweeknyc.org/event-search/forecasting-the-future-how-ai-powered-weather-intelligence-can-protect-and-improve-our-health?hsLang=en,2 hours,English,forecasting-the-future-how-ai-powered-weather-intelligence-can-protect-and-improve-our-health,parsed
2026 NYCW Side Event on CCS Finance,official-week,20260922,"12:00pm, Tuesday, September 22, 2026","12:00pm - 07:00pm, Tuesday, September 22, 2026",In-person,Private,Global CCS Institute,"New York City, New York, United States","New York City, New York, United States",energy; finance; industry,https://www.globalccsinstitute.com/events/2026-new-york-climate-week-side-event/,https://www.climateweeknyc.org/event-search/2026-nycw-side-event-on-ccs-finance?hsLang=en,7 hours,English,2026-nycw-side-event-on-ccs-finance,parsed
10th NYC Green School Conference 2026,official-week,20260923,"09:00am, Wednesday, September 23, 2026","09:00am - 05:00pm, Wednesday, September 23, 2026",In-person,Public,Green Mentors,"The SUNY Global Center, Manhattan, 116 East 55th Street, New York, 10022, United States","The SUNY Global Center, Manhattan, 116 East 55th Street, New York, 10022, United States",cities; environmental-justice; nature,https://www.nycgreenschoolconference.world/register?action=form,https://www.climateweeknyc.org/event-search/10th-nyc-green-school-conference-2026?hsLang=en,Multiple days,English,10th-nyc-green-school-conference-2026,parsed
Waste Is a Design Flaw: Building the Circular Industrial Economy,official-week,20260923,"11:30am, Wednesday, September 23, 2026","11:30am - 01:30pm, Wednesday, September 23, 2026",In-person,Public,,"Penn1: 250 W 34th St., 2nd Floor, Manhattan, New York, New York, 10019, United States","Penn1: 250 W 34th St., 2nd Floor, Manhattan, New York, New York, 10019, United States",energy; industry; policy,https://cvent.me/n3BOyE,https://www.climateweeknyc.org/event-search/waste-is-a-design-flaw-building-the-circular-industrial-economy?hsLang=en,2 hours,English,waste-is-a-design-flaw-building-the-circular-industrial-economy,parsed
From Measurement to Momentum: Scaling Decarbonization Across Your Supply Chain,official-week,20260923,"05:00pm, Wednesday, September 23, 2026","05:00pm - 07:30pm, Wednesday, September 23, 2026",In-person,Private,Green Project Technologies,"All accepted registrants will receive the address, Manhattan, New York City, New York, 10022, United States","All accepted registrants will receive the address, Manhattan, New York City, New York, 10022, United States",energy; industry; policy,https://go.greenprojecttech.com/climate-week-nyc-2026?utm_source=nyccw&utm_medium=referral&utm_campaign=nyccw_2026,https://www.climateweeknyc.org/event-search/from-measurement-to-momentum-scaling-decarbonization-across-your-supply-chain?hsLang=en,2 hours 30 minutes,English,from-measurement-to-momentum-scaling-decarbonization-across-your-supply-chain,parsed
Why Regenerative: Partnerships in Indigenous Agriculture,official-week,20260923,"09:00am, Wednesday, September 23, 2026","09:00am - 12:30pm, Wednesday, September 23, 2026",In-person,Private,Why Regenerative,"873 Broadway, Manhattan, New York, New York, 10010, United States","873 Broadway, Manhattan, New York, New York, 10010, United States",food; health; nature,https://whyregenerative.com/climate-week,https://www.climateweeknyc.org/event-search/partnerships-in-indigenous-agriculture?hsLang=en,3 hours,English,partnerships-in-indigenous-agriculture,parsed
Why Regenerative: The State of Regenerative Agriculture (SORA),official-week,20260923,"01:00pm, Wednesday, September 23, 2026","01:00pm - 06:00pm, Wednesday, September 23, 2026",In-person,Private,Why Regenerative,"873 Broadway, Manhattan, New York, New York, 10010, United States","873 Broadway, Manhattan, New York, New York, 10010, United States",food; health; nature,https://whyregenerative.com/climate-week,https://www.climateweeknyc.org/event-search/the-state-of-regenerative-agriculture-sora?hsLang=en,5 hours,English,the-state-of-regenerative-agriculture-sora,parsed
What is Shaping Data Center Energy? | Panel & Networking Lunch,official-week,20260923,"01:00pm, Wednesday, September 23, 2026","01:00pm - 04:00pm, Wednesday, September 23, 2026",In-person,Private,GO2 Markets,"285 Fulton St, Manhattan, New York, New York, 10007, United States","285 Fulton St, Manhattan, New York, New York, 10007, United States",energy; environmental-justice; industry; technology-and-ai,https://luma.com/m1avo0bz,https://www.climateweeknyc.org/event-search/what-is-shaping-data-center-energy-panel-networking-lunch?hsLang=en,3 hours,English,what-is-shaping-data-center-energy-panel-networking-lunch,parsed
The Scope 3 Control Paradox | Panel & Networking Lunch,official-week,20260923,"11:00am, Wednesday, September 23, 2026","11:00am - 01:00pm, Wednesday, September 23, 2026",In-person,Public,GO2 Markets,"285 Fulton St, Manhattan, New York, New York, 10007, United States","285 Fulton St, Manhattan, New York, New York, 10007, United States",energy; environmental-justice; industry; technology-and-ai,https://luma.com/kep171yi,https://www.climateweeknyc.org/event-search/the-scope-3-control-paradox-panel-networking-lunch?hsLang=en,2 hours,"Arabic, English",the-scope-3-control-paradox-panel-networking-lunch,parsed
INDIGENOUS PEOPLES' RESPONSES TO CLIMATE-RELATED ENVIRONMENTAL DISASTERS,official-week,20260923,"05:30pm, Wednesday, September 23, 2026","05:30pm - 08:30pm, Wednesday, September 23, 2026",In-person,Public,Land is Life,"320 W 37th St, Manhattan, New York, New York, 10018, United States","320 W 37th St, Manhattan, New York, New York, 10018, United States",environmental-justice; nature; policy,https://www.eventbrite.com/e/1995140754705?aff=oddtdtcreator,https://www.climateweeknyc.org/event-search/indigenous-peoples-responses-to-climate-related-environmental-disasters?hsLang=en,3 hours,"English, Portuguese, Spanish",indigenous-peoples-responses-to-climate-related-environmental-disasters,parsed
Food Tank at Climate Week NYC: Soil to Shelf,official-week,20260923,"09:00am, Wednesday, September 23, 2026","09:00am - 09:30pm, Wednesday, September 23, 2026",Hybrid,Private,"Food Tank, Organic Trade Association, Organic Valley, Once Upon a Farm, Handsome Brook Farms, Stonyfield, and Amy’s Kitchen","44 Charlton St, Manhattan, New York, New York, 10014, United States","44 Charlton St, Manhattan, New York, New York, 10014, United States",food; health; industry,https://www.eventbrite.com/e/climate-week-nyc-soil-to-shelf-tickets-1992852020038?aff=oddtdtcreator&keep_tld=true,https://www.climateweeknyc.org/event-search/food-tank-at-climate-week-nyc-soil-to-shelf?hsLang=en,One day,English,food-tank-at-climate-week-nyc-soil-to-shelf,parsed
Designing Resilient Cities: Nature-Based Solutions for an Urban Planet,official-week,20260923,"09:30am, Wednesday, September 23, 2026","09:30am - 10:30am, Wednesday, September 23, 2026",In-person,Public,,"The New York Botanical Garden | 2900 Southern Blvd., The Bronx, Bronx, New York, 10458, United States","The New York Botanical Garden | 2900 Southern Blvd., The Bronx, Bronx, New York, 10458, United States",built-environment; nature,https://www.nybg.org/event/climate-week-2026/,https://www.climateweeknyc.org/event-search/designing-resilient-cities-nature-based-solutions-for-an-urban-planet?hsLang=en,1 hour,English,designing-resilient-cities-nature-based-solutions-for-an-urban-planet,parsed
"AEG NYC Health, Energy & Prosperity Action Challenge @ Climate Week NYC",official-week,20260923,"11:30am, Wednesday, September 23, 2026","11:30am - 04:30pm, Wednesday, September 23, 2026",In-person,Private,Advanced Energy Group,"250 W 34th St., New York, New York, 10119, United States","250 W 34th St., New York, New York, 10119, United States",cities; energy; health,https://luma.com/nychep-cwnyc26,https://www.climateweeknyc.org/event-search/aeg-nyc-health-energy-equity-action-challenge-climate-week-nyc?hsLang=en,5 hours,English,aeg-nyc-health-energy-equity-action-challenge-climate-week-nyc,parsed
Net Zero Negronis,official-week,20260923,"06:00pm, Wednesday, September 23, 2026","06:00pm - 10:00pm, Wednesday, September 23, 2026",In-person,Public,Net Zero Negronis,Input Physical Address,Input Physical Address,,https://luma.com/ax6x4eb8,https://www.climateweeknyc.org/event-search/net-zero-negronis?hsLang=en,3 hours,English,net-zero-negronis,parsed
"Architecture, Planning, and International Law: Building Postcarbon Futures",official-week,20260923,"06:30pm, Wednesday, September 23, 2026","06:30pm - 08:00pm, Wednesday, September 23, 2026",In-person,Public,"The Architectural League of New York, Center for Brooklyn History of the Brooklyn Public Library, Climate and Community Institute.","128 Pierrepont St, Brooklyn, Brooklyn, New York, 11201, United States","128 Pierrepont St, Brooklyn, Brooklyn, New York, 11201, United States",built-environment; environmental-justice; policy,https://archleague.org/event/architecture-planning-and-international-law-building-postcarbon-futures/,https://www.climateweeknyc.org/event-search/architecture-planning-and-international-law-building-postcarbon-futures?hsLang=en,,English,architecture-planning-and-international-law-building-postcarbon-futures,parsed
"Building as Nature: The Biomimicry Institute Launches the Nature Positive Buildings, Cities & Infrastructure Alliance",official-week,20260923,"06:00pm, Wednesday, September 23, 2026","06:00pm - 08:00pm, Wednesday, September 23, 2026",In-person,,The Biomimicry Institute,,,built-environment; cities; energy,https://luma.com/svzyf71g,https://www.climateweeknyc.org/event-search/building-as-nature-the-biomimicry-institute-launches-the-nature-positive-buildings-cities-infrastructure-alliance?hsLang=en,,English,building-as-nature-the-biomimicry-institute-launches-the-nature-positive-buildings-cities-infrastructure-alliance,parsed
Scaling the Transition: Clean Fuels and the Future of Corporate Decarbonization,official-week,20260923,"08:00am, Wednesday, September 23, 2026","08:00am - 10:00am, Wednesday, September 23, 2026",In-person,Private,ACT Group,,,energy; industry; policy,https://forms.cloud.microsoft/e/789CzdUQL2,https://www.climateweeknyc.org/event-search/scaling-the-transition-clean-fuels-and-the-future-of-corporate-decarbonization?hsLang=en,2 hours,English,scaling-the-transition-clean-fuels-and-the-future-of-corporate-decarbonization,parsed
From Data to Decarbonization: AI-Powered Climate Action Across the Value Chain,official-week,20260923,"01:00pm, Wednesday, September 23, 2026","01:00pm - 06:00pm, Wednesday, September 23, 2026",In-person,Public,ASUENE Inc.,"432 W 45th St, Manhattan, New York, New York, 10036, United States","432 W 45th St, Manhattan, New York, New York, 10036, United States",energy; industry; technology-and-ai,https://luma.com/k7xjtird,https://www.climateweeknyc.org/event-search/from-data-to-decarbonization-ai-powered-climate-action-across-the-value-chain?hsLang=en,5 hours,English,from-data-to-decarbonization-ai-powered-climate-action-across-the-value-chain,parsed
Pure Strategies “Day of Action” during Climate Week NYC,official-week,20260923,"08:45am, Wednesday, September 23, 2026","08:45am - 07:00pm, Wednesday, September 23, 2026",In-person,Public,Pure Strategies,,,food; industry; nature,https://purestrategies.com/events/climateweek2026/,https://www.climateweeknyc.org/event-search/pure-strategies-day-of-action-during-climate-week-nyc?hsLang=en,7 hours,English,pure-strategies-day-of-action-during-climate-week-nyc,parsed
Rx Sneakers presents Climate Week After Dark,official-week,20260923,"07:00pm, Wednesday, September 23, 2026","07:00pm - 11:00pm, Wednesday, September 23, 2026",In-person,Public,Rx Sneakers,"Arlene’s Grocery, 95 Stanton Street, Manhattan, New York City, New York, 10002, United States","Arlene’s Grocery, 95 Stanton Street, Manhattan, New York City, New York, 10002, United States",cities; health,https://aftontickets.com/event/buyticket/z59r711njq,https://www.climateweeknyc.org/event-search/rx-sneakers-presents-climate-week-after-dark?hsLang=en,4 hours,English,rx-sneakers-presents-climate-week-after-dark,parsed
SOSV's HAX Deep Tech Showcase (Investors Only),official-week,20260923,"06:00pm, Wednesday, September 23, 2026","06:00pm - 08:00pm, Wednesday, September 23, 2026",In-person,Public,SOSV,"370 7th Avenue, Manhattan, New York, New York, 10001, United States","370 7th Avenue, Manhattan, New York, New York, 10001, United States",energy; food; health,https://luma.com/zp28xv7c,https://www.climateweeknyc.org/event-search/sosvs-hax-deep-tech-showcase?hsLang=en,2 hours,English,sosvs-hax-deep-tech-showcase,parsed
Climate Leadership Beyond Reporting: How Boards and Executives Can Turn Climate Information into Better Business Decisions,official-week,20260923,"02:00pm, Wednesday, September 23, 2026","02:00pm - 04:30pm, Wednesday, September 23, 2026",In-person,Public,ISS-Corporate,"1177 Avenue of the Americas, Fl 14, New York, New York, NY 10036, United States","1177 Avenue of the Americas, Fl 14, New York, New York, NY 10036, United States",policy,https://page.iss-corporate.com/climate-leadership-beyond-reporting,https://www.climateweeknyc.org/event-search/climate-leadership-beyond-reporting-how-boards-and-executives-can-turn-climate-information-into-better-business-decisions?hsLang=en,2 hours 30 minutes,English,climate-leadership-beyond-reporting-how-boards-and-executives-can-turn-climate-information-into-better-business-decisions,parsed
Venice Tap Water: A Scalable Model for Refill Culture in High-Tourism Cities,official-week,20260923,"11:30am, Wednesday, September 23, 2026","11:30am - 12:30pm, Wednesday, September 23, 2026",Virtual,Public,Venice Tap Water,Online,Online,cities; health; nature,https://luma.com/m530zb26,https://www.climateweeknyc.org/event-search/venice-tap-water-a-scalable-model-for-refill-culture-in-high-tourism-cities?hsLang=en,1 hour,"English, Italian",venice-tap-water-a-scalable-model-for-refill-culture-in-high-tourism-cities,parsed
Net Zero Value Chains - From accounting to action: advancing credible Scope 3 decarbonization,official-week,20260923,"02:30pm, Wednesday, September 23, 2026","02:30pm - 06:00pm, Wednesday, September 23, 2026",In-person,Public,Value Change Initiative,"135 Madison Avenue, New York, New York, United States","135 Madison Avenue, New York, New York, United States",food; industry; policy,https://luma.com/dq9j8m15,https://www.climateweeknyc.org/event-search/net-zero-value-chains-from-accounting-to-action-advancing-credible-scope-3-decarbonization?hsLang=en,3 hours,English,net-zero-value-chains-from-accounting-to-action-advancing-credible-scope-3-decarbonization,parsed
Global Decarbonization Forum - NYC,official-week,20260923,"01:00pm, Wednesday, September 23, 2026","01:00pm - 09:00pm, Wednesday, September 23, 2026",In-person,Private,carbmee GmbH,"208 W 30th St, Suite 801, New York, NY 10001, Manhattan, New York City, New York, 10001, United States","208 W 30th St, Suite 801, New York, NY 10001, Manhattan, New York City, New York, 10001, United States",industry; policy; technology-and-ai,https://www.carbmee.com/global-decarbonization-forum-new-york,https://www.climateweeknyc.org/event-search/global-decarbonization-forum-nyc?hsLang=en,6 hours,English,global-decarbonization-forum-nyc,parsed
Climate Week NYC: Build Your Own Air Purifier @ East Flushing - QPL,official-week,20260923,"03:30pm, Wednesday, September 23, 2026","03:30pm - 04:30pm, Wednesday, September 23, 2026",In-person,Public,Queens Public Library,"19636 Northern Blvd., Queens, Flushing, New York, 11358, United States","19636 Northern Blvd., Queens, Flushing, New York, 11358, United States",health,,https://www.climateweeknyc.org/event-search/climate-week-nyc-build-your-own-air-purifier?hsLang=en,1 hour,English,climate-week-nyc-build-your-own-air-purifier,parsed
Climate Week NYC: Nature Detectives: Pollinators! @ Arverne Library - QPL,official-week,20260923,"03:30pm, Wednesday, September 23, 2026","03:30pm - 04:30pm, Wednesday, September 23, 2026",In-person,Public,Queens Public Library,"312 Beach 54th St., Queens, Arverne, New York, 11692","312 Beach 54th St., Queens, Arverne, New York, 11692",nature,,https://www.climateweeknyc.org/event-search/climate-week-nyc-nature-detectives-pollinators-arverne-library-qpl?hsLang=en,1 hour,English,climate-week-nyc-nature-detectives-pollinators-arverne-library-qpl,parsed
Building Tomorrow’s Grid: Lessons from the U.S and China,official-week,20260923,"12:00pm, Wednesday, September 23, 2026","12:00pm - 01:30pm, Wednesday, September 23, 2026",Virtual,Public,National Committee on U.S.-China Relations,Online,Online,energy,https://forms.gle/NYJmTjtSoCvw39KN7,https://www.climateweeknyc.org/event-search/building-tomorrows-grid-lessons-from-the-us-and-china?hsLang=en,1 hour 30 minutes,English,building-tomorrows-grid-lessons-from-the-us-and-china,parsed
Building Adaptive Organizations for the Circular Economy,official-week,20260923,"04:00pm, Wednesday, September 23, 2026","04:00pm - 05:00pm, Wednesday, September 23, 2026",Virtual,Public,"FlaviaSales.com is an independent platform dedicated to exploring the intersection between strategy, innovation, sustainability, and organizational transformation.  Through conferences, executive content, and thought leadership, the platform helps organizations rethink how they grow, innovate, and create long-term value in an increasingly complex environment.",Online,Online,policy,https://flaviasales.com/climateweeknyc2026/,https://www.climateweeknyc.org/event-search/building-adaptive-organizations-for-the-circular-economy?hsLang=en,1 hour,English,building-adaptive-organizations-for-the-circular-economy,parsed
Antenna House: The Value Transition,official-week,20260923,"09:00am, Wednesday, September 23, 2026","09:00am - 08:00pm, Wednesday, September 23, 2026",In-person,Public,Antenna Group,"393 Broadway, Manhattan, New York, New York, 10013, United States","393 Broadway, Manhattan, New York, New York, 10013, United States",built-environment; cities; energy,https://www.antennagroup.com/antenna-house,https://www.climateweeknyc.org/event-search/antenna-house-the-value-transition-presented-by-sunrun-powered-by-antenna-group?hsLang=en,One day,English,antenna-house-the-value-transition-presented-by-sunrun-powered-by-antenna-group,parsed
Free Central Park Bike Tour for Climate Week NYC 7,official-week,20260923,"11:00am, Wednesday, September 23, 2026","11:00am - 01:00pm, Wednesday, September 23, 2026",In-person,Public,Holland Bikes,"446 W54th Street, Manhattan, New York, New York, 10019, United States","446 W54th Street, Manhattan, New York, New York, 10019, United States",cities,https://fareharbor.com/embeds/book/hollandbikes-ny/items/595323/availability/2121335213/book/?full-items=yes,https://www.climateweeknyc.org/event-search/free-central-park-bike-tour-for-climate-week-nyc-7?hsLang=en,2 hours,English,free-central-park-bike-tour-for-climate-week-nyc-7,parsed
Carbontech Summit,official-week,20260923,"12:00pm, Wednesday, September 23, 2026","12:00pm - 07:00pm, Wednesday, September 23, 2026",In-person,Public,Carbontech Development Initiative,"15 East 27th Street, Manhattan, New York, New York, 10016, United States","15 East 27th Street, Manhattan, New York, New York, 10016, United States",,https://2026carbontechsummit.splashthat.com/,https://www.climateweeknyc.org/event-search/carbontech-summit?hsLang=en,7 hours,English,carbontech-summit,parsed
"Build More, Electrify Faster: Aligning Housing Abundance and Building Decarbonization",official-week,20260923,"10:30am, Wednesday, September 23, 2026","10:30am - 11:45am, Wednesday, September 23, 2026",In-person,Public,"Urban Land Institute, World Resources Institute, Housing-Climate Project, and The Parking Reform Network","395 Hudson Street, 8th Floor, Manhattan, New York, New York, 10014, United States","395 Hudson Street, 8th Floor, Manhattan, New York, New York, 10014, United States",built-environment; cities,https://luma.com/parking-mgwo,https://www.climateweeknyc.org/event-search/build-more-electrify-faster-aligning-housing-abundance-and-building-decarbonization?hsLang=en,1 hour 30 minutes,English,build-more-electrify-faster-aligning-housing-abundance-and-building-decarbonization,parsed
India as Global Green Data Center Hub,official-week,20260923,"10:30am, Wednesday, September 23, 2026","10:30am - 05:00pm, Wednesday, September 23, 2026",In-person,Private,NSEFI Green Data Center Coalition,"3 West Club 51st St, Manhattan, New York, New York, 10019, United States","3 West Club 51st St, Manhattan, New York, New York, 10019, United States",energy; technology-and-ai,https://docs.google.com/forms/d/e/1FAIpQLSejEYx7sxMhk3Jdhh0oXQdihpbESDgO37eiiCe2CMAcBfFaGg/viewform,https://www.climateweeknyc.org/event-search/india-as-global-green-data-center-hub?hsLang=en,7 hours,English,india-as-global-green-data-center-hub,parsed
Infill Development: Market-Based Climate Solution,official-week,20260923,"09:00am, Wednesday, September 23, 2026","09:00am - 10:15am, Wednesday, September 23, 2026",In-person,Public,"Gehl Architects, Pew, Parking Reform Network, World Resources Institute, and the Metropolitan Abundance Project","395 Hudson Street, 8th Floor, Manhattan, New York, New York, 10014, United States","395 Hudson Street, 8th Floor, Manhattan, New York, New York, 10014, United States",built-environment; cities; transport-and-travel,https://luma.com/parking-t19x,https://www.climateweeknyc.org/event-search/infill-development-market-based-climate-solution?hsLang=en,1 hour 30 minutes,English,infill-development-market-based-climate-solution,parsed
Climate Defenders Happy Hour,official-week,20260923,"06:00pm, Wednesday, September 23, 2026","06:00pm - 09:00pm, Wednesday, September 23, 2026",In-person,Public,Climate Defenders and New York Communities for Change,"327 Bowery, New York, New York, 10003, United States","327 Bowery, New York, New York, 10003, United States",environmental-justice,https://secure.everyaction.com/b9_83qfD3kSKdA4kvYacVQ2,https://www.climateweeknyc.org/event-search/climate-defenders-happy-hour?hsLang=en,,English,climate-defenders-happy-hour,parsed
Accommodating Growth in the Global South,official-week,20260923,"01:30pm, Wednesday, September 23, 2026","01:30pm - 02:45pm, Wednesday, September 23, 2026",In-person,Public,"Gehl Architects, NYU Marron Institute, World Resources Institute, and The Parking Reform Network","395 Hudson Street, 8th Floor, Manhattan, New York, New York, 10014, United States","395 Hudson Street, 8th Floor, Manhattan, New York, New York, 10014, United States",built-environment; cities; transport-and-travel,https://luma.com/parking-it6l,https://www.climateweeknyc.org/event-search/accommodating-growth-in-the-global-south?hsLang=en,1 hour 30 minutes,English,accommodating-growth-in-the-global-south,parsed
Making the Case for Climate-Aligned Abundance and Urbanism,official-week,20260923,"03:00pm, Wednesday, September 23, 2026","03:00pm - 04:15pm, Wednesday, September 23, 2026",In-person,Public,"World Resources Institute, Metropolitan Abundance Project, Climate Cabinet, Parking Reform Network","395 Hudson Street, 8th Floor, Manhattan, New York, New York, 10014, United States","395 Hudson Street, 8th Floor, Manhattan, New York, New York, 10014, United States",built-environment; cities; policy,https://luma.com/parking-tpr0,https://www.climateweeknyc.org/event-search/making-the-case-for-climate-aligned-abundance-and-urbanism?hsLang=en,1 hour 30 minutes,English,making-the-case-for-climate-aligned-abundance-and-urbanism,parsed
Kintsugi for Infrastructure;A Climate Week NYC Morning Forum,official-week,20260923,"08:30am, Wednesday, September 23, 2026","08:30am - 11:30am, Wednesday, September 23, 2026",In-person,Private,"Blackhorn Ventures, Mitsubishi Electric and Morrison Foerster","250 W 55th St, New York, New York, 10019","250 W 55th St, New York, New York, 10019",built-environment; industry; technology-and-ai,https://luma.com/9apmhf9l,https://www.climateweeknyc.org/event-search/kintsugi-for-infrastructurea-climate-week-nyc-morning-forum?hsLang=en,2 hours 30 minutes,English,kintsugi-for-infrastructurea-climate-week-nyc-morning-forum,parsed
Climate Week NYC: Digital Activism Tech Lab @ Long Island City Library - QPL,official-week,20260923,"04:00pm, Wednesday, September 23, 2026","04:00pm - 05:00pm, Wednesday, September 23, 2026",In-person,Public,Queens Public Library,"37-44 21 Street, Queens, Long Island City, New York, 11101, United States","37-44 21 Street, Queens, Long Island City, New York, 11101, United States",environmental-justice; technology-and-ai,https://www.queenslibrary.org/calendar/climate-week-nyc-digital-activism-tech-lab/001252-0726,https://www.climateweeknyc.org/event-search/climate-week-nyc-digital-activism-tech-lab-long-island-city-library-qpl?hsLang=en,1 hour,English,climate-week-nyc-digital-activism-tech-lab-long-island-city-library-qpl,parsed
Corn Party,official-week,20260923,"06:00pm, Wednesday, September 23, 2026","06:00pm - 10:00pm, Wednesday, September 23, 2026",In-person,,Ambrook,,,food; health; technology-and-ai,https://forms.gle/jqchHEpgZHCrApVU6,https://www.climateweeknyc.org/event-search/corn-party?hsLang=en,,English,corn-party,parsed
Aristotelian ‘Paideia’ and Global Educational Challenges: Revisiting the Past to Plan for Sustainable Education in the 21st-Century,official-week,20260923,"01:15pm, Wednesday, September 23, 2026","01:15pm - 03:00pm, Wednesday, September 23, 2026",Hybrid,Public,"Southern Connecticut State University Philosophy Department (U.S.A.), School of Psychology, Faculty of Philosophy, Aristotle University of Thessaloniki (Greece), Interdisciplinary Center for Aristotle Studies, Aristotle University of Thessaloniki (Greece)",Online,Online,technology-and-ai,https://southernct-edu.zoom.us/meeting/register/6yOt2LZ1QFy2AtlWtnPsNw,https://www.climateweeknyc.org/event-search/aristotelian-paideia-and-global-educational-challenges-revisiting-the-past-to-plan-for-sustainable-education-in-the-21st-century?hsLang=en,1 hour 30 minutes,English,aristotelian-paideia-and-global-educational-challenges-revisiting-the-past-to-plan-for-sustainable-education-in-the-21st-century,parsed
Plug-In Solar and the Consumer-Led Clean Energy Transition,official-week,20260923,"01:00pm, Wednesday, September 23, 2026","01:00pm - 04:00pm, Wednesday, September 23, 2026",In-person,Private,Solar United Neighbors and Bright Saver,"800 FDR Drive Service Road East, Manhattan, New York, New York, 10010, United States","800 FDR Drive Service Road East, Manhattan, New York, New York, 10010, United States",energy; health,mailto:development@solarunitedneighbors.org?subject=Climate%20Week%20Plug-In%20Solar%20Registration,https://www.climateweeknyc.org/event-search/plug-in-solar-and-the-consumer-led-clean-energy-transition?hsLang=en,3 hours,English,plug-in-solar-and-the-consumer-led-clean-energy-transition,parsed
Climate Week NYC: Arts & Crafts @ Bayside Library - QPL,official-week,20260923,"04:00pm, Wednesday, September 23, 2026","04:00pm - 04:45pm, Wednesday, September 23, 2026",In-person,Public,Queens Public Library,"214-20 Northern Blvd., Queens, Bayside, New York, 11361, United States","214-20 Northern Blvd., Queens, Bayside, New York, 11361, United States",,,https://www.climateweeknyc.org/event-search/climate-week-nyc-arts-crafts-bayside-library-qpl?hsLang=en,1 hour,English,climate-week-nyc-arts-crafts-bayside-library-qpl,parsed
"Building a More Resilient Grid: U.S. and Global Perspectives on Extreme Weather, Energy Resilience, and Wildfire Mitigation",official-week,20260923,"01:30pm, Wednesday, September 23, 2026","01:30pm - 03:30pm, Wednesday, September 23, 2026",In-person,Private,"Smart Electric Power Alliance (SEPA), Electric Power Research Institute (EPRI), Business Council for Sustainable Energy (BCSE), and Consolidated Edison (Con Edison)","Union Square, Manhattan, New York, New York, United States","Union Square, Manhattan, New York, New York, United States",energy; policy; technology-and-ai,https://luma.com/bjtpdnab,https://www.climateweeknyc.org/event-search/building-a-more-resilient-grid-us-and-global-perspectives-on-extreme-weather-energy-resilience-and-wildfire-mitigation?hsLang=en,2 hours,English,building-a-more-resilient-grid-us-and-global-perspectives-on-extreme-weather-energy-resilience-and-wildfire-mitigation,parsed
Climate Week NYC: Healthy Homes @ East Flushing Library - QPL,official-week,20260923,"12:00pm, Wednesday, September 23, 2026","12:00pm - 01:00pm, Wednesday, September 23, 2026",In-person,Public,Queens Public Library,"196-36 Northern Boulevard, Flushing, New York, 11358, United States","196-36 Northern Boulevard, Flushing, New York, 11358, United States",cities; health,https://www.queenslibrary.org/calendar/healthy-homes/017708-0526,https://www.climateweeknyc.org/event-search/climate-week-nyc-healthy-homes-east-flushing-library-qpl?hsLang=en,1 hour,English,climate-week-nyc-healthy-homes-east-flushing-library-qpl,parsed
Following the Money to Climate Justice: A Practical Workshop for Climate Strategists,official-week,20260923,"01:00pm, Wednesday, September 23, 2026","01:00pm - 03:00pm, Wednesday, September 23, 2026",In-person,Public,Inclusive Development International (IDI),"109 W 39th St 2nd Fl (London Room), Manhattan, New York, New York, 10018, United States","109 W 39th St 2nd Fl (London Room), Manhattan, New York, New York, 10018, United States",environmental-justice; finance; industry,https://luma.com/0uf31i74,https://www.climateweeknyc.org/event-search/following-the-money-to-climate-justice-a-practical-workshop-for-climate-strategists?hsLang=en,2 hours,English,following-the-money-to-climate-justice-a-practical-workshop-for-climate-strategists,parsed
Pledge 1% Climate Week Reception,official-week,20260923,"06:00pm, Wednesday, September 23, 2026","06:00pm - 07:30pm, Wednesday, September 23, 2026",In-person,Private,Pledge 1% + Atlassian Foundation,,,policy,https://pledge1atunga.splashthat.com/,https://www.climateweeknyc.org/event-search/pledge-1-climate-week-reception?hsLang=en,1 hour 30 minutes,English,pledge-1-climate-week-reception,parsed
Climate Week NYC: Upcycle Challenge @ Central Library Teen Center - QPL,official-week,20260923,"05:00pm, Wednesday, September 23, 2026","05:00pm - 06:00pm, Wednesday, September 23, 2026",In-person,Public,Queens Public Library,"89-11 Merrick Blvd., Queens, Jamaica, New York, 11432, United States","89-11 Merrick Blvd., Queens, Jamaica, New York, 11432, United States",,,https://www.climateweeknyc.org/event-search/climate-week-nyc-upcycle-challenge-central-library-teen-center-qpl?hsLang=en,1 hour,English,climate-week-nyc-upcycle-challenge-central-library-teen-center-qpl,parsed
"Planet China: Green Promises, Global Consequences",official-week,20260923,"05:30pm, Wednesday, September 23, 2026","05:30pm - 07:30pm, Wednesday, September 23, 2026",In-person,,Inside Climate News,"Flatiron District, Manhattan","Flatiron District, Manhattan",energy; finance; policy,https://docs.google.com/forms/d/e/1FAIpQLSc0AwSBJ7ypaQRsxaxUg09Ka-dKxHTRIBHHtoAOGTSUQEhbAQ/viewform,https://www.climateweeknyc.org/event-search/planet-china-green-promises-global-consequences?hsLang=en,,English,planet-china-green-promises-global-consequences,parsed
A new era for SRM research: launching the world’s first global SRM-agriculture study,official-week,20260923,"09:00am, Wednesday, September 23, 2026","09:00am - 11:00am, Wednesday, September 23, 2026",In-person,,Cornell University and the Degrees Initiative,,,health; policy,https://www.cognitoforms.com/TheDegreesInitiative/CornellUniversityTheDegreesInitiativeANewEraForSRMResearchEvent,https://www.climateweeknyc.org/event-search/a-new-era-for-srm-research-launching-the-worlds-first-global-srm-agriculture-study?hsLang=en,,"English, Hindustani (Hindi/Urdu), Javanese",a-new-era-for-srm-research-launching-the-worlds-first-global-srm-agriculture-study,parsed
AI Fans the Climate Crisis,official-week,20260923,"04:30pm, Wednesday, September 23, 2026","04:30pm - 06:00pm, Wednesday, September 23, 2026",In-person,Public,Rise and Resist; Climate Families,"111 8th Avenue, Manhattan, New York, New York, 10011, United States","111 8th Avenue, Manhattan, New York, New York, 10011, United States",energy; technology-and-ai,https://actionnetwork.org/events/google-protect-our-kids-data-centers-out-of-ny-ai-out-of-schools/,https://www.climateweeknyc.org/event-search/ai-fans-the-climate-crisis?hsLang=en,1 hour,English,ai-fans-the-climate-crisis,parsed
Rewriting the Climate Story: 10 Years of Solutions,official-week,20260923,"05:30pm, Wednesday, September 23, 2026","05:30pm - 07:00pm, Wednesday, September 23, 2026",In-person,Public,Grist,"250 West 95th Street, Manhattan, New York, New York, 10025, United States","250 West 95th Street, Manhattan, New York, New York, 10025, United States",environmental-justice; health; nature,https://www.symphonyspace.org/events/vp-rewriting-the-climate-story-10-years-of-solutions,https://www.climateweeknyc.org/event-search/rewriting-the-climate-story-10-years-of-solutions?hsLang=en,1 hour 30 minutes,English,rewriting-the-climate-story-10-years-of-solutions,parsed
"Bold Women, Sustainable Futures: No Straight Path to Sustainability Leadership",official-week,20260923,"12:00pm, Wednesday, September 23, 2026","12:00pm - 01:15pm, Wednesday, September 23, 2026",Virtual,Public,The SustainabilityX® Magazine,Online,Online,energy; finance; policy,https://luma.com/d12u0xwf,https://www.climateweeknyc.org/event-search/bold-women-sustainable-futures-no-straight-path-to-sustainability-leadership?hsLang=en,1 hour 30 minutes,English,bold-women-sustainable-futures-no-straight-path-to-sustainability-leadership,parsed
You Good? Making NYC Green And Affordable,official-week,20260923,"02:00pm, Wednesday, September 23, 2026","02:00pm - 03:30pm, Wednesday, September 23, 2026",In-person,Public,Climate One and Grist,"Symphony Space’s Leonard Nimoy Thalia, 250 W 95th St, Manhattan, New York, New York, 10025, United States","Symphony Space’s Leonard Nimoy Thalia, 250 W 95th St, Manhattan, New York, New York, 10025, United States",built-environment; energy; environmental-justice,https://grist.org/grist-events/you-good-making-nyc-green-and-affordable-september-23-2026/,https://www.climateweeknyc.org/event-search/you-good-making-nyc-green-and-affordable?hsLang=en,1 hour 30 minutes,English,you-good-making-nyc-green-and-affordable,parsed
Climate Changemakers Evening of Action,official-week,20260923,"07:00pm, Wednesday, September 23, 2026","07:00pm - 09:00pm, Wednesday, September 23, 2026",In-person,Public,Climate Changemakers,"333 Douglass Street, Brooklyn, Brooklyn, New York, 11217, United States","333 Douglass Street, Brooklyn, Brooklyn, New York, 11217, United States",policy,https://luma.com/eyjf1145,https://www.climateweeknyc.org/event-search/climate-changemakers-evening-of-action?hsLang=en,2 hours,English,climate-changemakers-evening-of-action,parsed
Trees Count at Riverside Park for Climate Week,official-week,20260923,"04:00pm, Wednesday, September 23, 2026","04:00pm - 06:00pm, Wednesday, September 23, 2026",In-person,Public,NYC Department of Parks and Recreation,"Riverside Park (Park Entrance at W 79th St. and Riverside Drive, Manhattan, New York, New York, 10025, United States","Riverside Park (Park Entrance at W 79th St. and Riverside Drive, Manhattan, New York, New York, 10025, United States",cities; health; nature,https://www.nycgovparks.org/reg/trees-count/20375,https://www.climateweeknyc.org/event-search/trees-count-at-riverside-park-for-climate-week?hsLang=en,2 hours,English,trees-count-at-riverside-park-for-climate-week,parsed
Turning Geospatial Data into Action on Pollution and Climate,official-week,20260923,"08:30am, Wednesday, September 23, 2026","08:30am - 01:30pm, Wednesday, September 23, 2026",In-person,Public,SkyTruth,"307 W 38th St, Manhattan, New York, New York, 10018, United States","307 W 38th St, Manhattan, New York, New York, 10018, United States",industry; nature; technology-and-ai,https://luma.com/ej4tz57y,https://www.climateweeknyc.org/event-search/turning-geospatial-data-into-action-on-pollution-and-climate?hsLang=en,5 hours,English,turning-geospatial-data-into-action-on-pollution-and-climate,parsed
The Local Climate Imperative: Public-Private Partnerships in Action,official-week,20260923,"08:45am, Wednesday, September 23, 2026","08:45am - 10:30am, Wednesday, September 23, 2026",In-person,Public,Agendi and Run On Climate,"530 7th Avenue, Manhattan, New York, New York, 10018, United States","530 7th Avenue, Manhattan, New York, New York, 10018, United States",built-environment; energy; policy,https://www.eventbrite.com/e/the-local-climate-imperative-public-private-partnerships-in-action-tickets-1996977193543?aff=oddtdtcreator#location,https://www.climateweeknyc.org/event-search/the-local-climate-imperative-public-private-partnerships-in-action?hsLang=en,1 hour 30 minutes,English,the-local-climate-imperative-public-private-partnerships-in-action,parsed
The Next Urban Evolution: Why Materials Matter,official-week,20260923,"09:00am, Wednesday, September 23, 2026","09:00am - 10:30am, Wednesday, September 23, 2026",In-person,Private,Outokumpu,"The Helmsley Building, 230 Park Avenue, New York, Manhattan, New York, New York, United States","The Helmsley Building, 230 Park Avenue, New York, Manhattan, New York, New York, United States",built-environment,https://expertise.outokumpu.com/CWNYC2026,https://www.climateweeknyc.org/event-search/the-next-urban-evolution-why-materials-matter?hsLang=en,1 hour 30 minutes,English,the-next-urban-evolution-why-materials-matter,parsed
Bridging Talent & Climate Innovation: How Nature-Based Jobs Can Become Pathways for Economic Mobility,official-week,20260923,"12:00pm, Wednesday, September 23, 2026","12:00pm - 01:30pm, Wednesday, September 23, 2026",Virtual,Public,Public Works Partners,Online,Online,environmental-justice; industry; policy,https://us02web.zoom.us/webinar/register/WN_QW5Mrdc5Q3yYbQ0zLCmZHA,https://www.climateweeknyc.org/event-search/bridging-talent-climate-innovation-how-nature-based-jobs-can-become-pathways-for-economic-mobility?hsLang=en,1 hour,English,bridging-talent-climate-innovation-how-nature-based-jobs-can-become-pathways-for-economic-mobility,parsed
Resilient by Nature: Designing for Climate and Community,official-week,20260923,"05:30pm, Wednesday, September 23, 2026","05:30pm - 07:30pm, Wednesday, September 23, 2026",In-person,Public,Starr Whitehouse Landscape Architects and Planners,"100 Church Street, Suite 830, Manhattan, New York, New York, 10007, United States","100 Church Street, Suite 830, Manhattan, New York, New York, 10007, United States",built-environment; environmental-justice; nature,https://forms.cloud.microsoft/r/UBynPTwiwW,https://www.climateweeknyc.org/event-search/resilient-by-nature-designing-for-climate-and-community?hsLang=en,2 hours,English,resilient-by-nature-designing-for-climate-and-community,parsed
Executive Leadership Dinner: Shaping the Next Era of Sustainable Business,official-week,20260923,"06:00pm, Wednesday, September 23, 2026","06:00pm - 11:00pm, Wednesday, September 23, 2026",In-person,Private,Quantis,"701 7th Ave, Manhattan, NY, New York, 10036, United States","701 7th Ave, Manhattan, NY, New York, 10036, United States",finance; industry; nature,https://luma.com/QuantisLeadershipDinnerCWNYC26,https://www.climateweeknyc.org/event-search/executive-leadership-dinner-shaping-the-next-era-of-sustainable-business?hsLang=en,5 hours,English,executive-leadership-dinner-shaping-the-next-era-of-sustainable-business,parsed
Beyond carbon compensation: building business models that restore nature,official-week,20260923,"02:00pm, Wednesday, September 23, 2026","02:00pm - 03:30pm, Wednesday, September 23, 2026",In-person,Public,Earth+,"1221 6th Ave 39th floor, Manhattan, New York, New York, 10020, United States","1221 6th Ave 39th floor, Manhattan, New York, New York, 10020, United States",cities; nature; technology-and-ai,https://docs.google.com/forms/d/e/1FAIpQLSfsbNio0hw2nSC-3a24KyMiobRN-VcXWFsU5NofK1mplYJ31A/viewform?pli=1,https://www.climateweeknyc.org/event-search/beyond-carbon-compensation-building-business-models-that-restore-nature?hsLang=en,1 hour 30 minutes,English,beyond-carbon-compensation-building-business-models-that-restore-nature,parsed
Meet the Beekeeper,official-week,20260923,"01:30pm, Wednesday, September 23, 2026","01:30pm - 02:30pm, Wednesday, September 23, 2026",In-person,Public,Battery Park City Authority,"Rockefeller Park, Manhattan, New York, New York, 10282, United States","Rockefeller Park, Manhattan, New York, New York, 10282, United States",nature,https://bpca.ny.gov/event/meet-the-beekeeper-event/,https://www.climateweeknyc.org/event-search/meet-the-beekeeper?hsLang=en,1 hour,English,meet-the-beekeeper,parsed
"Fun, Femme Fishing",official-week,20260923,"06:00pm, Wednesday, September 23, 2026","06:00pm - 07:00pm, Wednesday, September 23, 2026",In-person,Public,Battery Park City Authority,"Wagner Park, 20 Battery Place, Manhattan, New york, New York, 10280, United States","Wagner Park, 20 Battery Place, Manhattan, New york, New York, 10280, United States",nature,https://bpca.ny.gov/event/fun-femme-fishing-2/,https://www.climateweeknyc.org/event-search/fun-femme-fishing?hsLang=en,1 hour,English,fun-femme-fishing,parsed
2026 State of Supply Chain Sustainability Report Launch - MIT,official-week,20260923,"11:00am, Wednesday, September 23, 2026","11:00am - 12:00pm, Wednesday, September 23, 2026",In-person,Public,MIT Sustainable Supply Chain Lab,"355 West 16th Street, Manhattan, New York City, New York, 10011, United States","355 West 16th Street, Manhattan, New York City, New York, 10011, United States",industry; technology-and-ai,https://luma.com/0abvqxra,https://www.climateweeknyc.org/event-search/2026-state-of-supply-chain-sustainability-report-launch?hsLang=en,1 hour,English,2026-state-of-supply-chain-sustainability-report-launch,parsed
Artist Talk & Panel: 100 Practices for a Changing Climate,official-week,20260923,"06:30pm, Wednesday, September 23, 2026","06:30pm - 07:30pm, Wednesday, September 23, 2026",In-person,Public,Battery Park City Authority,"Wagner Pavilion Classroom, 20 Battery Place, Manhattan, New York, New York, 10280, United States","Wagner Pavilion Classroom, 20 Battery Place, Manhattan, New York, New York, 10280, United States",built-environment; cities; nature,https://bpca.ny.gov/event/artist-talk-for-the-long-now/,https://www.climateweeknyc.org/event-search/artist-talk-for-the-long-now?hsLang=en,1 hour,English,artist-talk-for-the-long-now,parsed
Critical Perspectives on the Future US Role in Global Conservation,official-week,20260923,"10:00am, Wednesday, September 23, 2026","10:00am - 12:00am, Wednesday, September 23, 2026",In-person,Public,Reimagining Global Conservation,"Pier 57 25 11th Ave, New York, New York, 10011, United States","Pier 57 25 11th Ave, New York, New York, 10011, United States",nature; policy,https://luma.com/i68qtwhy,https://www.climateweeknyc.org/event-search/critical-perspectives-on-the-future-us-role-in-global-conservation?hsLang=en,2 hours,English,critical-perspectives-on-the-future-us-role-in-global-conservation,parsed
From Waste to Impact: A Blended Finance Model for Responsible E-Waste Processing in Africa,official-week,20260923,"10:00am, Wednesday, September 23, 2026","10:00am - 11:00am, Wednesday, September 23, 2026",Virtual,Public,"Bloom ESG, B-Lab Africa, E-Stewards/Basel Action Network, Hinckley Recycling, Impact Integration, Minimise",Online,Online,food,https://docs.google.com/forms/d/e/1FAIpQLSefM-FjhHf5dc9vmZdMmNopnzutBkm7rjG91QKsbVHEaS6IOg/viewform?usp=preview,https://www.climateweeknyc.org/event-search/from-waste-to-impact-a-blended-finance-model-for-responsible-e-waste-processing-in-africa?hsLang=en,1 hour,English,from-waste-to-impact-a-blended-finance-model-for-responsible-e-waste-processing-in-africa,parsed
"First and Worst Impacted, then Forgotten: Black Communities and the Climate Crisis",official-week,20260923,"10:00am, Wednesday, September 23, 2026","10:00am - 12:00pm, Wednesday, September 23, 2026",In-person,Public,Sustaining All Life,"12 East 41st Street, 7th Floor, Manhattan, Manhattan, New York, 10017, United States","12 East 41st Street, 7th Floor, Manhattan, Manhattan, New York, 10017, United States",environmental-justice; finance,http://sal.rc.org/workshop/africanamerican,https://www.climateweeknyc.org/event-search/first-and-worst-impacted-then-forgotten-black-communities-and-the-climate-crisis?hsLang=en,2 hours,English,first-and-worst-impacted-then-forgotten-black-communities-and-the-climate-crisis,parsed
So’ve passed 1.5°C; what’s our strategy now?,official-week,20260923,"01:30pm, Wednesday, September 23, 2026","01:30pm - 03:30pm, Wednesday, September 23, 2026",In-person,Public,Sustaining All Life,"12 East 41st Street, 7th Floor, Manhattan, Manhattan, New York, 10017, United States","12 East 41st Street, 7th Floor, Manhattan, Manhattan, New York, 10017, United States",environmental-justice,http://sal.rc.org/workshop/whatsourstrategynow,https://www.climateweeknyc.org/event-search/sove-passed-15c-whats-our-strategy-now?hsLang=en,2 hours,English,sove-passed-15c-whats-our-strategy-now,parsed
ReWear the Revolution (Street Event),official-week,20260923,"11:00am, Wednesday, September 23, 2026","11:00am - 02:00pm, Wednesday, September 23, 2026",In-person,Public,Sustaining All Life,"New York Public Library steps, 5th Ave and 42nd St., Manhattan, Manhattan, New York, 10017, United States","New York Public Library steps, 5th Ave and 42nd St., Manhattan, Manhattan, New York, 10017, United States",environmental-justice,http://sal.rc.org/workshop/catwalkstreet,https://www.climateweeknyc.org/event-search/rewear-the-revolution-street-event?hsLang=en,3 hours,English,rewear-the-revolution-street-event,parsed
"The State of Climate Storytelling, Featuring Financial Times, Washington Post and Canary Media",official-week,20260923,"10:30am, Wednesday, September 23, 2026","10:30am - 11:30pm, Wednesday, September 23, 2026",In-person,Public,Antenna Group,"393 Broadway, Manhattan, Manhattan, New York, 10013, United States","393 Broadway, Manhattan, Manhattan, New York, 10013, United States",energy; finance; health,https://luma.com/kxgknkyb,https://www.climateweeknyc.org/event-search/the-state-of-climate-storytelling-featuring-financial-times-washington-post-and-canary-media?hsLang=en,1 hour,English,the-state-of-climate-storytelling-featuring-financial-times-washington-post-and-canary-media,parsed
The Energy Smörgåsbord: The All-of-the-Above Strategy for a Cleaner Energy System,official-week,20260923,"01:00pm, Wednesday, September 23, 2026","01:00pm - 04:00pm, Wednesday, September 23, 2026",In-person,Private,"Consulate General of Sweden in New York; Swedish-American Chamber of Commerce New York, Swedish Energy Agency, Build Edison","Manhattan, New York, New York, United States","Manhattan, New York, New York, United States",built-environment; cities; energy,https://docs.google.com/forms/d/e/1FAIpQLScov3on6T_Rj40T1ALpJbCTjkrqpXn2q7EoIDSRu2Vp46YSog/viewform?usp=publish-editor,https://www.climateweeknyc.org/event-search/the-energy-smorgasbord-the-all-of-the-above-strategy-for-a-cleaner-energy-system?hsLang=en,3 hours,"English, French",the-energy-smorgasbord-the-all-of-the-above-strategy-for-a-cleaner-energy-system,parsed
Beyond the Energy Bill: AI and the Circular Economy,official-week,20260923,"12:30pm, Wednesday, September 23, 2026","12:30pm - 02:00pm, Wednesday, September 23, 2026",Virtual,Public,Solution Citizen,Online,Online,cities; nature; technology-and-ai,https://us06web.zoom.us/meeting/register/_ZdJf_vkSBmxrurLKcsp6Q,https://www.climateweeknyc.org/event-search/beyond-the-energy-bill-ai-and-the-circular-economy?hsLang=en,1 hour 30 minutes,English,beyond-the-energy-bill-ai-and-the-circular-economy,parsed
Climate and Health Commons,official-week,20260923,"01:00pm, Wednesday, September 23, 2026","01:00pm - 07:00pm, Wednesday, September 23, 2026",Hybrid,Public,The National Academy of Medicine and the New York Academy of Medicine,"1216 5th Ave, Manhattan, New York, New York, 10029, United States","1216 5th Ave, Manhattan, New York, New York, 10029, United States",health,https://www.eventbrite.com/e/climate-and-health-commons-at-climate-week-nyc-tickets-1993921594163?aff=oddtdtcreator,https://www.climateweeknyc.org/event-search/climate-and-health-commons?hsLang=en,6 hours,English,climate-and-health-commons,parsed
Building the Workforce Behind the Energy Transition,official-week,20260923,"05:00pm, Wednesday, September 23, 2026","05:00pm - 07:00pm, Wednesday, September 23, 2026",In-person,Private,Fragomen,"1400 Broadway, Manhattan, New York, New York, 10018, United States","1400 Broadway, Manhattan, New York, New York, 10018, United States",energy; industry; transport-and-travel,https://web.cvent.com/event/d7d54dab-a70f-4c39-9ce4-7f80da65eaeb/register,https://www.climateweeknyc.org/event-search/building-the-workforce-behind-the-energy-transition?hsLang=en,2 hours,English,building-the-workforce-behind-the-energy-transition,parsed
Physical & Digital Decarbonization: Scaling Responsibility Across Corporate Footprints,official-week,20260923,"01:30pm, Wednesday, September 23, 2026","01:30pm - 05:00pm, Wednesday, September 23, 2026",In-person,Public,Okta,"920 Broadway Street, 1st Floor, Manhattan, New York, New York, 10010, United States","920 Broadway Street, 1st Floor, Manhattan, New York, New York, 10010, United States",built-environment; technology-and-ai,https://hi.okta.com/sustainabilityinaction,https://www.climateweeknyc.org/event-search/physical-digital-decarbonization-scaling-sustainability-across-ai-and-real-estate?hsLang=en,4 hours,English,physical-digital-decarbonization-scaling-sustainability-across-ai-and-real-estate,parsed
The Jewish Climate Reception - Brought to you by The Jewish Green Business Network and Jewish Climate Trust,official-week,20260923,"10:00am, Wednesday, September 23, 2026","10:00am - 01:00pm, Wednesday, September 23, 2026",In-person,Public,Adamah's Jewish Green Business Network and the Jewish Climate Trust,"Manhattan, New York City, New York, United States","Manhattan, New York City, New York, United States",energy; finance; health,https://adamah.org/event/ny-jewish-climate-reception/,https://www.climateweeknyc.org/event-search/the-jewish-climate-reception-brought-to-you-by-the-jewish-green-business-network-and-jewish-climate-trust?hsLang=en,3 hours,English,the-jewish-climate-reception-brought-to-you-by-the-jewish-green-business-network-and-jewish-climate-trust,parsed
Beyond the Heat Map: How Leading Investors Are Building Climate-Resilient Portfolios,official-week,20260923,"08:00am, Wednesday, September 23, 2026","08:00am - 10:00am, Wednesday, September 23, 2026",In-person,Private,Jupiter Intelligence & Impax Asset Management,"Manhattan, New York City, New York, United States","Manhattan, New York City, New York, United States",finance; technology-and-ai,https://luma.com/wc12k8sz,https://www.climateweeknyc.org/event-search/beyond-the-heat-map-how-leading-investors-are-building-climate-resilient-portfolios?hsLang=en,2 hours,English,beyond-the-heat-map-how-leading-investors-are-building-climate-resilient-portfolios,parsed
Clean Energy Supply Chains in the Era of Industrial Policy,official-week,20260923,"09:00am, Wednesday, September 23, 2026","09:00am - 10:15am, Wednesday, September 23, 2026",Virtual,Public,"Marxe School of Public and International Affairs, Baruch College, City University of New York","One Bernard Baruch Way, New York, New York, 10010, United States","One Bernard Baruch Way, New York, New York, 10010, United States",energy; industry; policy,https://baruch.zoom.us/meeting/register/44nAYUH6TGGdKIJ4Jmmpww#/registration,https://www.climateweeknyc.org/event-search/clean-energy-supply-chains-in-the-era-of-industrial-policy?hsLang=en,1 hour 30 minutes,English,clean-energy-supply-chains-in-the-era-of-industrial-policy,parsed
The Future of Climate Litigation Worldwide and Best Practices for Brazil,official-week,20260923,"06:30pm, Wednesday, September 23, 2026","06:30pm - 09:00pm, Wednesday, September 23, 2026",In-person,Public,Sabin Center for Climate Change Law (Columbia University); University of São Paulo; Pontifícia Universidade Católica do Rio Grande do Sul; Fórum Ambiental do Poder Judiciário (FONAMB); Instituto O Direito Por Um Planeta Mais Verde (IDPV).,"1125 Amsterdam Ave. (Corner of 115  th St.) - Columbia Law School’s William & June Warren Hall – Room L107, Manhattan, New York, New York, 10025, United States","1125 Amsterdam Ave. (Corner of 115  th St.) - Columbia Law School’s William & June Warren Hall – Room L107, Manhattan, New York, New York, 10025, United States",finance; policy,https://docs.google.com/forms/d/e/1FAIpQLSc7CDld1thOyqSomaqsw4Z_Cvg_-mYEqdTYrlXk3QECNpC1Pg/viewform?usp=publish-editor,https://www.climateweeknyc.org/event-search/the-future-of-climate-litigation-worldwide-and-best-practices-for-brazil?hsLang=en,2 hours 30 minutes,"English, Portuguese",the-future-of-climate-litigation-worldwide-and-best-practices-for-brazil,parsed
From Gridlock to Grid-Ready: A Coordinated Path to 35-by-35,official-week,20260923,"08:00am, Wednesday, September 23, 2026","08:00am - 09:30am, Wednesday, September 23, 2026",In-person,Public,Crux Alliance and Global Grids Catalyst,"113 W 24 St, Manhattan, New York, New York, 10001, United States","113 W 24 St, Manhattan, New York, New York, 10001, United States",built-environment; energy; policy,https://cruxalliance.org/event/climateweek2026/,https://www.climateweeknyc.org/event-search/from-gridlock-to-grid-ready-a-coordinated-path-to-35-by-35?hsLang=en,,English,from-gridlock-to-grid-ready-a-coordinated-path-to-35-by-35,parsed
"Reducing Risk, Building Resilience: A Jewish Climate Action Agenda",official-week,20260923,"06:00pm, Wednesday, September 23, 2026","06:00pm - 08:00pm, Wednesday, September 23, 2026",In-person,Public,Adamah NY,"Marlene Meyerson JCC Manhattan 334 Amsterdam Ave, Manhattan, New York, New York, 10023, United States","Marlene Meyerson JCC Manhattan 334 Amsterdam Ave, Manhattan, New York, New York, 10023, United States",cities; environmental-justice; policy,https://adamah.org/event/reducing-risk-building-resilience/,https://www.climateweeknyc.org/event-search/reducing-risk-building-resilience-a-jewish-climate-action-agenda?hsLang=en,2 hours,English,reducing-risk-building-resilience-a-jewish-climate-action-agenda,parsed
Climate Action Delivers Affordability for New Yorkers,official-week,20260923,"01:00pm, Wednesday, September 23, 2026","01:00pm - 05:00pm, Wednesday, September 23, 2026",Hybrid,Public,"Alliance for Clean Energy New York (ACE NY), Economy + Environment (E2), Natural Resources Defense Council (NRDC) and New Yorkers for Clean Power (NYCP)","55 Broadway, Manhattan, New York, New York, 10006, United States","55 Broadway, Manhattan, New York, New York, 10006, United States",built-environment; energy; policy,https://www.eventbrite.com/e/climate-action-delivers-affordability-for-new-yorkers-tickets-1998336855328?aff=oddtdtcreator,https://www.climateweeknyc.org/event-search/climate-action-delivers-affordability-for-new-yorkers?hsLang=en,4 hours,English,climate-action-delivers-affordability-for-new-yorkers,parsed
"FOOD FOR HEALTH, FOOD FOR EARTH - The Mediterranean Diet at the Crossroads of Public Health, Climate Action, and Cultural Diplomacy",official-week,20260923,"09:30am, Wednesday, September 23, 2026","09:30am - 12:00pm, Wednesday, September 23, 2026",In-person,Public,"NYU Steinhardt, Future Food Institute, Food and Agriculture Organization of the United Nations – FAO, Mediterranean Diet Study Center of Pollica - Permanent Secretariat of the Network of UNESCO Emblematic Communities of the Mediterranean Diet","Pless Hall, New York University - 82 Washington Square East, Manhattan, New York, New York, 10003, United States","Pless Hall, New York University - 82 Washington Square East, Manhattan, New York, New York, 10003, United States",cities; food; policy,https://FOOD_FOR_HEALTH_FOOD_FOR_EARTH.eventbrite.com?hsLang=en,https://www.climateweeknyc.org/event-search/food-for-health-food-for-earth-the-mediterranean-diet-at-the-crossroads-of-public-health-climate-action-and-cultural-diplomacy?hsLang=en,2 hours 30 minutes,English,food-for-health-food-for-earth-the-mediterranean-diet-at-the-crossroads-of-public-health-climate-action-and-cultural-diplomacy,parsed
SRM Hub Crawl: Building a Community for Responsible Solar Reflective Methods Research and Governance,official-week,20260923,"03:00pm, Wednesday, September 23, 2026","03:00pm - 05:00pm, Wednesday, September 23, 2026",In-person,Public,Chesapeake Climate Action Network,"1 Pennsylvania Plaza, Manhattan, New York, New York, 10119, United States","1 Pennsylvania Plaza, Manhattan, New York, New York, 10119, United States",health; policy; technology-and-ai,https://luma.com/49uauhsm,https://www.climateweeknyc.org/event-search/srm-hub-crawl-building-a-community-for-responsible-solar-reflective-methods-research-and-governance?hsLang=en,2 hours,English,srm-hub-crawl-building-a-community-for-responsible-solar-reflective-methods-research-and-governance,parsed
Bridging Climate Science and Risk: Insights from Academia and Industry,official-week,20260923,"11:30am, Wednesday, September 23, 2026","11:30am - 02:00pm, Wednesday, September 23, 2026",In-person,,"Cornell Department of Earth and Atmospheric Sciences (EAS), Cornell Atkinson Center for Sustainability",,,cities; energy; nature,https://cvent.me/8AXnKR,https://www.climateweeknyc.org/event-search/bridging-climate-science-and-risk-insights-from-academia-and-industry?hsLang=en,,English,bridging-climate-science-and-risk-insights-from-academia-and-industry,parsed
Trophy Assets Don't Need Saving. Everything Else Does.,official-week,20260923,"01:30pm, Wednesday, September 23, 2026","01:30pm - 02:30pm, Wednesday, September 23, 2026",In-person,Public,Antenna Group,"393 Broadway, Manhattan, Manhattan, New York, 10013, United States","393 Broadway, Manhattan, Manhattan, New York, 10013, United States",built-environment; finance; health,https://luma.com/ha1ctrna,https://www.climateweeknyc.org/event-search/trophy-assets-dont-need-saving-everything-else-does?hsLang=en,1 hour,English,trophy-assets-dont-need-saving-everything-else-does,parsed
The Economic and Health Imperatives for Climate Action,official-week,20260923,"09:00am, Wednesday, September 23, 2026","09:00am - 01:00pm, Wednesday, September 23, 2026",In-person,Private,New York State Insurance Fund (NYSIF),,,energy; food; policy,https://ww3.nysif.com/Home/FooterPages/Column1/AboutNYSIF/ClimateActionEvent,https://www.climateweeknyc.org/event-search/the-economic-and-health-imperatives-for-climate-action?hsLang=en,4 hours,English,the-economic-and-health-imperatives-for-climate-action,parsed
Learning from Implementers: Strategies for Scaling Clean Energy Projects,official-week,20260923,"04:00pm, Wednesday, September 23, 2026","04:00pm - 07:00pm, Wednesday, September 23, 2026",In-person,Public,The Building Power Resource Center,"Center for Architecture, 536 LaGuardia Place, Manhattan, New York, New York, 10012, United States","Center for Architecture, 536 LaGuardia Place, Manhattan, New York, New York, 10012, United States",built-environment; energy; policy,https://luma.com/56rcfe95,https://www.climateweeknyc.org/event-search/learning-from-implementers-strategies-for-scaling-clean-energy-projects?hsLang=en,3 hours,English,learning-from-implementers-strategies-for-scaling-clean-energy-projects,parsed
FUSION FASHION TECH SUMMIT | THE REIMAGINATION OF GOOD CLOTHES & NO PERMISSION DINNER,official-week,20260923,"10:00am, Wednesday, September 23, 2026","10:00am - 05:00pm, Wednesday, September 23, 2026",In-person,Public,FUSION FASHION TECH SOCIETY | HELD IN COLLABORATION WITH LIM COLLEGE,"216 E. 45th St., Manhattan, New York, New York, 10017, United States","216 E. 45th St., Manhattan, New York, New York, 10017, United States",cities; industry; technology-and-ai,https://luma.com/pa81wmtb,https://www.climateweeknyc.org/event-search/fusion-fashion-tech-summit-the-reimagination-of-good-clothes-no-permission-dinner?hsLang=en,,English,fusion-fashion-tech-summit-the-reimagination-of-good-clothes-no-permission-dinner,parsed
Where Sustainability Meets Storytelling,official-week,20260923,"11:30am, Wednesday, September 23, 2026","11:30am - 12:30pm, Wednesday, September 23, 2026",In-person,Public,Antenna Group,"393 Broadway, Manhattan, Manhattan, New York, 10013, United States","393 Broadway, Manhattan, Manhattan, New York, 10013, United States",cities; health; policy,https://luma.com/398efskb,https://www.climateweeknyc.org/event-search/where-sustainability-meets-storytelling?hsLang=en,1 hour,English,where-sustainability-meets-storytelling,parsed
Making Steady Progress in an Unsteady World: An Interactive Breakfast Workshop,official-week,20260923,"08:30am, Wednesday, September 23, 2026","08:30am - 10:30am, Wednesday, September 23, 2026",In-person,Private,Green Project Technologies,"All accepted registrants will receive the address, Manhattan, New York City, New York","All accepted registrants will receive the address, Manhattan, New York City, New York",energy; industry; policy,https://go.greenprojecttech.com/gpt-nyccw-breakfast-2026?utm_source=nyccw&utm_medium=referral&utm_campaign=nyccw_2026,https://www.climateweeknyc.org/event-search/making-steady-progress-in-an-unsteady-world-an-interactive-breakfast-workshop?hsLang=en,2 hours,English,making-steady-progress-in-an-unsteady-world-an-interactive-breakfast-workshop,parsed
Capital for Resilience: Investing in Climate's Next Wave,official-week,20260923,"09:00am, Wednesday, September 23, 2026","09:00am - 11:00am, Wednesday, September 23, 2026",In-person,,E8 Angels & New York Angels,,,cities; health,https://luma.com/e8angels-ohxt,https://www.climateweeknyc.org/event-search/capital-for-resilience-investing-in-climates-next-wave?hsLang=en,,English,capital-for-resilience-investing-in-climates-next-wave,parsed
The Power Gap Panel & Reception,official-week,20260923,"04:00pm, Wednesday, September 23, 2026","04:00pm - 07:00pm, Wednesday, September 23, 2026",In-person,Private,Orrick & B Capital,,,energy; finance; technology-and-ai,https://respond.orrick.com/v/7duopqj3,https://www.climateweeknyc.org/event-search/the-power-gap-panel-reception?hsLang=en,3 hours,English,the-power-gap-panel-reception,parsed
Everyone's Reporting Climate Risk. Who's Deciding? From Disclosed Risk to Defended Assets,official-week,20260923,"09:30am, Wednesday, September 23, 2026","09:30am - 11:30am, Wednesday, September 23, 2026",In-person,Private,SAP & Jupiter Intelligence,"Manhattan, New York City, New York, 10001, United States","Manhattan, New York City, New York, 10001, United States",built-environment; finance; technology-and-ai,https://luma.com/apjjerps,https://www.climateweeknyc.org/event-search/everyones-reporting-climate-risk-whos-deciding-from-disclosed-risk-to-defended-assets?hsLang=en,2 hours,English,everyones-reporting-climate-risk-whos-deciding-from-disclosed-risk-to-defended-assets,parsed
The Customer-First Path to Powering AI,official-week,20260923,"04:00pm, Wednesday, September 23, 2026","04:00pm - 04:45pm, Wednesday, September 23, 2026",In-person,Public,Antenna Group,"393 Broadway, Manhattan, Manhattan, New York, 10013, United States","393 Broadway, Manhattan, Manhattan, New York, 10013, United States",energy; finance; health,https://luma.com/lw42novw,https://www.climateweeknyc.org/event-search/ai-needs-power-whats-in-it-for-american-families?hsLang=en,1 hour,English,ai-needs-power-whats-in-it-for-american-families,parsed
XPRIZE Wildfire Award Ceremony,official-week,20260923,"09:30am, Wednesday, September 23, 2026","09:30am - 01:30pm, Wednesday, September 23, 2026",In-person,Private,XPRIZE Foundation,"New York, New York","New York, New York",health; nature,https://luma.com/n5nkox89,https://www.climateweeknyc.org/event-search/xprize-wildfire-award-ceremony?hsLang=en,4 hours,English,xprize-wildfire-award-ceremony,parsed
Cementing the future: How the Global South can lead the way to build markets for low-carbon cement,official-week,20260923,"03:00pm, Wednesday, September 23, 2026","03:00pm - 05:30pm, Wednesday, September 23, 2026",In-person,Private,Industrious Labs,Input Physical Address,Input Physical Address,built-environment; energy; finance; food; industry; policy,https://luma.com/g572kowy,https://www.climateweeknyc.org/event-search/cementing-the-future-how-the-global-south-can-lead-the-way-to-build-markets-for-low-carbon-cement?hsLang=en,2 hours 30 minutes,English,cementing-the-future-how-the-global-south-can-lead-the-way-to-build-markets-for-low-carbon-cement,parsed
Nuclear Symposium,official-week,20260923,"03:00pm, Wednesday, September 23, 2026","03:00pm - 07:00pm, Wednesday, September 23, 2026",In-person,Public,Nuclear New York,"Wed Sep 23rd: NY City Bar Association (42 West 44 St), Thu Sep 24th: Verizon Executive Education Center at Cornell Tech (Roosevelt Island), Manhattan, New York, New York","Wed Sep 23rd: NY City Bar Association (42 West 44 St), Thu Sep 24th: Verizon Executive Education Center at Cornell Tech (Roosevelt Island), Manhattan, New York, New York",energy; finance; industry,https://nuclearsymposium.com/tickets,https://www.climateweeknyc.org/event-search/nuclear-symposium?hsLang=en,Multiple days,English,nuclear-symposium,parsed
"""An Inconvenient Truth"": Then & Now",official-week,20260923,"08:30am, Wednesday, September 23, 2026","08:30am - 09:30am, Wednesday, September 23, 2026",In-person,Public,The Climate Reality Project,Location provided upon RSVP,Location provided upon RSVP,policy,https://rsvp.zkipster.com/_oggn0p,https://www.climateweeknyc.org/event-search/an-inconvenient-truth-then-now?hsLang=en,1 hour,English,an-inconvenient-truth-then-now,parsed
Innovation & Tradition: Integrating Infrastructure with Indigenous Knowledge,official-week,20260923,"02:00pm, Wednesday, September 23, 2026","02:00pm - 04:00pm, Wednesday, September 23, 2026",In-person,Public,"Green Empowerment, Labata Fantalle Organization, Right Energy Partnership with Indigenous Peoples, PS&S, Public Interest Registry","520 5th Ave, Manhattan, New York, New York, 10036, United States","520 5th Ave, Manhattan, New York, New York, 10036, United States",built-environment; energy; environmental-justice,https://luma.com/4p46ns8r,https://www.climateweeknyc.org/event-search/innovation-tradition-integrating-infrastructure-with-indigenous-knowledge?hsLang=en,2 hours,English,innovation-tradition-integrating-infrastructure-with-indigenous-knowledge,parsed
"By Water, By Design: A Climate Week WEDG® Harbor Tour",official-week,20260923,"01:30pm, Wednesday, September 23, 2026","01:30pm - 03:30pm, Wednesday, September 23, 2026",In-person,Public,Waterfront Alliance,"Pier 81, Manhattan, New York, New York, 10036, United States","Pier 81, Manhattan, New York, New York, 10036, United States",built-environment; cities; transport-and-travel,https://www.tickettailor.com/events/waterfrontalliance/2337551,https://www.climateweeknyc.org/event-search/by-water-by-design-a-climate-week-wedg-harbor-tour?hsLang=en,2 hours,English,by-water-by-design-a-climate-week-wedg-harbor-tour,parsed
Bio-Energy or Bio-Scam: A Course Correction for Climate and Communities,official-week,20260923,"08:00am, Wednesday, September 23, 2026","08:00am - 11:00am, Wednesday, September 23, 2026",In-person,Public,"Earthjustice, Dogwood Alliance, Natural Resources Defense Council, Southern Environmental Law Center","38 E 19th Street, Manhattan, New York, New York, 10003, United States","38 E 19th Street, Manhattan, New York, New York, 10003, United States",food,https://docs.google.com/forms/d/e/1FAIpQLSda94NXcZuPYQ08JjHgtDZ94dYiovvKNFDLFPfe9SFsjuvytQ/viewform,https://www.climateweeknyc.org/event-search/bio-energy-or-bio-scam-a-course-correction-for-climate-and-communities?hsLang=en,3 hours,English,bio-energy-or-bio-scam-a-course-correction-for-climate-and-communities,parsed
The Nitrogen Opportunity: Investable Pathways to Reduce N₂O and N Losses on Agricultural Lands,official-week,20260923,"11:00am, Wednesday, September 23, 2026","11:00am - 01:00pm, Wednesday, September 23, 2026",In-person,,"International Nitrogen Network, Taylor Geospatial, Spark Climate Solutions, NRDC, PACT, Data Foundation","60 Washington Square South, Room 802 Shorin, 8th Floor, Manhattan, New York, New York, 10012, United States","60 Washington Square South, Room 802 Shorin, 8th Floor, Manhattan, New York, New York, 10012, United States",food; health; policy,https://luma.com/jgso7ycv?tk=8AdiV3,https://www.climateweeknyc.org/event-search/the-nitrogen-opportunity-investable-pathways-to-reduce-no-and-n-losses-on-agricultural-lands?hsLang=en,,English,the-nitrogen-opportunity-investable-pathways-to-reduce-no-and-n-losses-on-agricultural-lands,parsed
Throw me some Shade - Demos and Drinks with Clean Tech startups,official-week,20260923,"06:00pm, Wednesday, September 23, 2026","06:00pm - 09:00pm, Wednesday, September 23, 2026",In-person,Private,Out In Tech,"117 Barrow St, Manhattan, New York, New York, 10014, United States","117 Barrow St, Manhattan, New York, New York, 10014, United States",finance; health; technology-and-ai,https://outintech.com/event/out-in-tech-ny-demos-and-drinks-with-clean-tech-startups/,https://www.climateweeknyc.org/event-search/throw-me-some-shade-demos-and-drinks-with-clean-tech-startups?hsLang=en,2 hours 30 minutes,"English, Spanish",throw-me-some-shade-demos-and-drinks-with-clean-tech-startups,parsed
Delivering Climate Literacy: Addressing Disinformation & Advancing Adaptation,official-week,20260923,"02:00pm, Wednesday, September 23, 2026","02:00pm - 04:00pm, Wednesday, September 23, 2026",In-person,Private,Siemens Stiftung and Office for Climate Education,"250 West 34th Street, Manhattan, New York, New York, 10119, United States","250 West 34th Street, Manhattan, New York, New York, 10119, United States",policy,https://www.siemens-stiftung.org/en/projects/office-for-climate-education/climate-change-education-in-focus-climate-week-nyc-2026/,https://www.climateweeknyc.org/event-search/delivering-climate-literacy-addressing-misinformation-advancing-adaptation?hsLang=en,2 hours,English,delivering-climate-literacy-addressing-misinformation-advancing-adaptation,parsed
AI and Sustainability Management: Case Studies from the Field,official-week,20260923,"03:00pm, Wednesday, September 23, 2026","03:00pm - 06:00pm, Wednesday, September 23, 2026",In-person,Public,Sustainserv,"The Empire State Building - 350 5th Avenue, New York, United States","The Empire State Building - 350 5th Avenue, New York, United States",health; policy; technology-and-ai,https://sustainserv.com/en/events/ai-and-sustainability-management-case-studies-from-the-field/,https://www.climateweeknyc.org/event-search/ai-and-sustainability-management-case-studies-from-the-field?hsLang=en,3 hours,English,ai-and-sustainability-management-case-studies-from-the-field,parsed
WX September Breakfast: What Real Estate Investors Need to Know about Energy Markets,official-week,20260923,"08:00am, Wednesday, September 23, 2026","08:00am - 10:00am, Wednesday, September 23, 2026",In-person,Private,WX Inc. & NYECC,"42 W 44th Street, Manhattan, New York, New York, 10036, United States","42 W 44th Street, Manhattan, New York, New York, 10036, United States",energy; finance,https://www.wxnyre.com/events/wx-september-breakfast-real-estate-investors-need-know-energy-markets/,https://www.climateweeknyc.org/event-search/wx-september-breakfast-what-real-estate-investors-need-to-know-about-energy-markets?hsLang=en,2 hours,English,wx-september-breakfast-what-real-estate-investors-need-to-know-about-energy-markets,parsed
Powering Prosperity: Equitable Policy Design in the Global South,official-week,20260923,"10:30am, Wednesday, September 23, 2026","10:30am - 11:30am, Wednesday, September 23, 2026",In-person,Public,"Crux Alliance, e+ Energy Transition Institute, CLASP, and GBPN","113 W 24 St, Manhattan, New York, New York, 10001, United States","113 W 24 St, Manhattan, New York, New York, 10001, United States",environmental-justice; health; policy,https://cruxalliance.org/event/climateweek2026/,https://www.climateweeknyc.org/event-search/powering-prosperity-equitable-policy-design-in-the-global-south?hsLang=en,,English,powering-prosperity-equitable-policy-design-in-the-global-south,parsed
Climate Stories on the Waterfront with the Climate Film Festival,official-week,20260923,"06:00pm, Wednesday, September 23, 2026","06:00pm - 08:30pm, Wednesday, September 23, 2026",In-person,Public,"Waterfront Alliance, Climate Film Festival, South Street Seaport Museum","12 Fulton Street, Manhattan, New York, New York, 10038, United States","12 Fulton Street, Manhattan, New York, New York, 10038, United States",cities; environmental-justice; health,https://form.jotform.com/262177582782165,https://www.climateweeknyc.org/event-search/climate-stories-on-the-waterfront-with-the-climate-film-festival?hsLang=en,2 hours 30 minutes,English,climate-stories-on-the-waterfront-with-the-climate-film-festival,parsed
Tapping the Urban Mine: Incentivizing & Scaling Critical Material Supply Chains,official-week,20260923,"12:00pm, Wednesday, September 23, 2026","12:00pm - 05:00pm, Wednesday, September 23, 2026",In-person,Private,The Circular Supply Chain Coalition,"55 Hudson Yards, Manhattan, New York City, New York, 10001, United States","55 Hudson Yards, Manhattan, New York City, New York, 10001, United States",industry; policy; technology-and-ai,https://luma.com/1wkspici,https://www.climateweeknyc.org/event-search/tapping-the-urban-mine-incentivizing-scaling-critical-material-supply-chains?hsLang=en,5 hours,English,tapping-the-urban-mine-incentivizing-scaling-critical-material-supply-chains,parsed
Green or Gray? What Communities Gain and Lose from Different Resilience Solutions,official-week,20260923,"12:00pm, Wednesday, September 23, 2026","12:00pm - 01:00pm, Wednesday, September 23, 2026",Virtual,Public,Waterfront Alliance,Online,Online,built-environment; cities; policy,https://us02web.zoom.us/webinar/register/WN_kqYpCjFfTbOwCh1BDwYTTw,https://www.climateweeknyc.org/event-search/green-or-gray-what-communities-gain-and-lose-from-different-resilience-solutions?hsLang=en,1 hour,English,green-or-gray-what-communities-gain-and-lose-from-different-resilience-solutions,parsed
Co-Designing Climate Resilience | BASACA x Goonj,official-week,20260923,"09:00am, Wednesday, September 23, 2026","09:00am - 05:00pm, Wednesday, September 23, 2026",In-person,Public,Hosted by BASACA and The Goonj Foundation,"The Farm SoHo NYC - Coworking Office Space and Private Office Lease - 447 Broadway 2nd floor, New York, NY 10013, Manhattan, New York City, New York, 10013, United States","The Farm SoHo NYC - Coworking Office Space and Private Office Lease - 447 Broadway 2nd floor, New York, NY 10013, Manhattan, New York City, New York, 10013, United States",built-environment; cities; finance; policy,https://luma.com/allhandsondeck,https://www.climateweeknyc.org/event-search/co-designing-climate-resilience-basaca-x-goonj?hsLang=en,One day,English,co-designing-climate-resilience-basaca-x-goonj,parsed
"AI Needs More Power. Who Builds It, What Gets Built, and Who Gets Paid?",official-week,20260923,"03:15pm, Wednesday, September 23, 2026","03:15pm - 04:00pm, Wednesday, September 23, 2026",In-person,Public,Antenna Group,"393 Broadway, Manhattan, Manhattan, New York, 10013, United States","393 Broadway, Manhattan, Manhattan, New York, 10013, United States",energy; finance; technology-and-ai,https://luma.com/9977x4ga,https://www.climateweeknyc.org/event-search/ai-needs-more-power-who-builds-it-what-gets-built-and-who-gets-paid?hsLang=en,1 hour,English,ai-needs-more-power-who-builds-it-what-gets-built-and-who-gets-paid,parsed
Climate Cup 2026,official-week,20260923,"05:30pm, Wednesday, September 23, 2026","05:30pm - 10:00pm, Wednesday, September 23, 2026",In-person,Private,"Mass Mutual, Mintz, Stifel Venture Banking, Blue Bear Capital, and Mahoney Communications Grop","61 Chelsea Piers, Manhattan, New York, New York, 10011, United States","61 Chelsea Piers, Manhattan, New York, New York, 10011, United States",cities; energy; health,https://luma.com/4kah9col,https://www.climateweeknyc.org/event-search/climate-cup-2026?hsLang=en,5 hours,English,climate-cup-2026,parsed
The Race to Build the Next Generation City: A Conversation with Voltera CEO Frank Reig,official-week,20260923,"12:30pm, Wednesday, September 23, 2026","12:30pm - 01:15pm, Wednesday, September 23, 2026",In-person,Public,Antenna Group,"393 Broadway, Manhattan, Manhattan, New York, 10013, United States","393 Broadway, Manhattan, Manhattan, New York, 10013, United States",cities; energy; transport-and-travel,https://luma.com/a80lxsur,https://www.climateweeknyc.org/event-search/the-race-to-build-the-next-generation-city-a-conversation-with-voltera-ceo-frank-reig?hsLang=en,1 hour,English,the-race-to-build-the-next-generation-city-a-conversation-with-voltera-ceo-frank-reig,parsed
Geothermal Frontiers: Scaling the Next Generation of Clean Energy,official-week,20260923,"09:00am, Wednesday, September 23, 2026","09:00am - 10:30am, Wednesday, September 23, 2026",In-person,Private,Green by Iceland,"733 3rd Ave, Manhattan, New York, New York, 10017, United States","733 3rd Ave, Manhattan, New York, New York, 10017, United States",energy; finance,https://share-eu1.hsforms.com/1hwZS9lYwSh6BF2rdF9HlMA2eythf,https://www.climateweeknyc.org/event-search/geothermal-frontiers-scaling-the-next-generation-of-clean-energy?hsLang=en,1 hour 30 minutes,English,geothermal-frontiers-scaling-the-next-generation-of-clean-energy,parsed
The Midterm Countdown: Election Scenarios and the Future of Energy and Climate Oversight,official-week,20260923,"03:30pm, Wednesday, September 23, 2026","03:30pm - 05:00pm, Wednesday, September 23, 2026",In-person,Private,Covington & Burling,Input Physical Address,Input Physical Address,policy,https://forms.cloud.microsoft/pages/responsepage.aspx?id=wbmMV0W0HkqkXXn82_Gl0xNpYB0QJEZFuxh11n9Y9SxUQzdDU0pSU1lOVDk1SUdDTEM3M1NNRFQzWC4u&route=shorturl,https://www.climateweeknyc.org/event-search/the-midterm-countdown-election-scenarios-and-the-future-of-energy-and-climate-oversight?hsLang=en,1 hour 30 minutes,English,the-midterm-countdown-election-scenarios-and-the-future-of-energy-and-climate-oversight,parsed
Regenerative Design – Embracing a New/Old Mindset,official-week,20260923,"09:00am, Wednesday, September 23, 2026","09:00am - 11:00am, Wednesday, September 23, 2026",In-person,Public,"AIA NY Committee on the Environment, Building Brains Coalition, HKS Architects, Consortium for Sustainable Urbanization","Center for Architecture, 536 Laguardia Place, Manhattan, New York, New York, 10012, United States","Center for Architecture, 536 Laguardia Place, Manhattan, New York, New York, 10012, United States",built-environment; cities; health,https://calendar.aiany.org/2026/09/23/regenerative-design-embracing-a-newold-mindset/,https://www.climateweeknyc.org/event-search/regenerative-design-embracing-a-newold-mindset?hsLang=en,2 hours,English,regenerative-design-embracing-a-newold-mindset,parsed
The New Blueprint: Climate Resiliency by Design (IN-PERSON),official-week,20260923,"10:00am, Wednesday, September 23, 2026","10:00am - 12:00pm, Wednesday, September 23, 2026",In-person,Public,HDR,"500 7th Avenue, 15th Floor, Manhattan, New York, New York, 10018, United States","500 7th Avenue, 15th Floor, Manhattan, New York, New York, 10018, United States",built-environment,https://www.eventbrite.com/e/the-new-blueprint-climate-resiliency-by-design-in-person-only-tickets-1997498961164?aff=oddtdtcreator&keep_tld=true,https://www.climateweeknyc.org/event-search/the-new-blueprint-climate-resiliency-by-design-in-person?hsLang=en,2 hours,English,the-new-blueprint-climate-resiliency-by-design-in-person,parsed
The Nature Hub,official-week,20260923,"08:00am, Wednesday, September 23, 2026","08:00am - 08:00pm, Wednesday, September 23, 2026",In-person,Private,Nature4Climate Coalition,"375 9th Ave, Manhattan, New York, New York, 10001, United States","375 9th Ave, Manhattan, New York, New York, 10001, United States",nature,https://nature4climate.org/the-nature-hub-cwnyc-2026/,https://www.climateweeknyc.org/event-search/the-nature-hub?hsLang=en,One day,"English, French, Portuguese, Spanish",the-nature-hub,parsed
India’s Clean Energy Transformation: Delivering 24/7 Clean Power at Scale,official-week,20260923,"04:30pm, Wednesday, September 23, 2026","04:30pm - 06:30pm, Wednesday, September 23, 2026",In-person,Private,"India Energy & Climate Center | Consulate General of India, New York","3 E 64th St, Manhattan, New York, New York, 10065, United States","3 E 64th St, Manhattan, New York, New York, 10065, United States",energy; policy; technology-and-ai,https://luma.com/a3dxuies,https://www.climateweeknyc.org/event-search/indias-clean-energy-transformation-delivering-247-clean-power-at-scale?hsLang=en,2 hours,English,indias-clean-energy-transformation-delivering-247-clean-power-at-scale,parsed
Circular Innovation and Resilient Futures: Insights from the Arctic,official-week,20260923,"02:00pm, Wednesday, September 23, 2026","02:00pm - 05:00pm, Wednesday, September 23, 2026",In-person,Private,"Consulate General of Finland in New York, Dartmouth College and UArctic","Midtown Manhattan, Manhattan, NYC, New York, 10017, United States","Midtown Manhattan, Manhattan, NYC, New York, 10017, United States",finance; health; policy,https://www.lyyti.fi/reg/Climate-Week-Arctic-Apply-to-Attend,https://www.climateweeknyc.org/event-search/circular-innovation-and-resilient-futures-insights-from-the-arctic?hsLang=en,3 hours,English,circular-innovation-and-resilient-futures-insights-from-the-arctic,parsed
The ROI of Sustainability,official-week,20260923,"08:00am, Wednesday, September 23, 2026","07:45am - 09:30am, Wednesday, September 23, 2026",In-person,Public,Sustain.Global,"25 Water Street, Manhattan, New York, New York, 10004, United States","25 Water Street, Manhattan, New York, New York, 10004, United States",finance,https://www.eventbrite.com/e/the-roi-of-sustainability-nycw-tickets-1999121758996,https://www.climateweeknyc.org/event-search/the-roi-of-sustainability?hsLang=en,1 hour 30 minutes,English,the-roi-of-sustainability,parsed
"Lights, Camera, Climate Action!  A multimodal writers’ room",official-week,20260923,"04:00pm, Wednesday, September 23, 2026","04:00pm - 08:00pm, Wednesday, September 23, 2026",In-person,Public,"Digital Futures Institute, Teachers College, Columbia University","525 West 120th Street, Manhattan, New York City, New York, 10027, United States","525 West 120th Street, Manhattan, New York City, New York, 10027, United States",environmental-justice; technology-and-ai,https://www.eventbrite.com/e/lights-camera-climate-action-a-multimodal-writers-room-tickets-1995469613330,https://www.climateweeknyc.org/event-search/lights-camera-climate-action-a-multimodal-writers-room?hsLang=en,4 hours,English,lights-camera-climate-action-a-multimodal-writers-room,parsed
Sovereignty and Liberation Summit,official-week,20260923,"12:00pm, Wednesday, September 23, 2026","12:00pm - 03:00pm, Wednesday, September 23, 2026",In-person,Public,"Taproot Earth, the Just Transition Lawyering Network (JTLN), the Global Justice Clinic at NYU School of Law, and the Bernstein Institute for Human Rights at NYU School of Law","NYU School of Law, Lipton Hall, 40 Washington Square S, Manhattan, New York, New York, 10012, United States","NYU School of Law, Lipton Hall, 40 Washington Square S, Manhattan, New York, New York, 10012, United States",environmental-justice; finance; policy,https://secure.everyaction.com/Gl7Y0HOJyUav-zWOtKtLOA2,https://www.climateweeknyc.org/event-search/sovereignty-and-liberation-summit?hsLang=en,3 hours,English,sovereignty-and-liberation-summit,parsed
From Nature-Based Resilience to Implementation: Financing and Insuring Watershed-Scale Natural Infrastructure,official-week,20260923,"03:30pm, Wednesday, September 23, 2026","03:30pm - 05:00pm, Wednesday, September 23, 2026",Hybrid,Private,Ducks Unlimited and Munich Re,"330 Madison Avenue, Manhattan, New York, New York, 10017, United States","330 Madison Avenue, Manhattan, New York, New York, 10017, United States",built-environment; finance; nature,mailto:sphelps@ducks.org?subject=Invitation%20Request%20%E2%80%93%20Financing%20Natural%20Infrastructure%20Roundtable&body=Please%20include%20your%20name%2C%20organization%2C%20title%2C%20and%20interest%20in%20the%20roundtable.,https://www.climateweeknyc.org/event-search/from-nature-based-resilience-to-implementation-financing-and-insuring-watershed-scale-natural-infrastructure?hsLang=en,1 hour 30 minutes,English,from-nature-based-resilience-to-implementation-financing-and-insuring-watershed-scale-natural-infrastructure,parsed
From Pilot to Purchase: Building the Market for Sustainable Rice in Asia,official-week,20260923,"09:00am, Wednesday, September 23, 2026","09:00am - 11:00am, Wednesday, September 23, 2026",In-person,Private,Philanthropy Asia Alliance,"The Rockefeller Foundation Global Headquarters, 420 Fifth Avenue, New York, New York, NY 10018, United States","The Rockefeller Foundation Global Headquarters, 420 Fifth Avenue, New York, New York, NY 10018, United States",food; health; industry,https://p-aa.org/InvitationRequest,https://www.climateweeknyc.org/event-search/from-pilot-to-purchase-building-the-market-for-sustainable-rice-in-asia?hsLang=en,2 hours,English,from-pilot-to-purchase-building-the-market-for-sustainable-rice-in-asia,parsed
The Evolving Landscape of Climate Litigation: U.S. and Global Perspectives,official-week,20260923,"09:30am, Wednesday, September 23, 2026","09:30am - 12:00pm, Wednesday, September 23, 2026",Hybrid,Public,Cyrus R. Vance Center for International Justice and Sabin Center for Climate Law at Columbia Law School,"42 W 44th St, Manhattan, New York, New York, 10036, United States","42 W 44th St, Manhattan, New York, New York, 10036, United States",environmental-justice; policy,https://connect.vancecenter.org/Evolving-Landscape-of-Climate-Litigation-US-Global-CWNYC2026,https://www.climateweeknyc.org/event-search/the-evolving-landscape-of-climate-litigation-us-and-global-perspectives?hsLang=en,2 hours 30 minutes,English,the-evolving-landscape-of-climate-litigation-us-and-global-perspectives,parsed
Powering Progress Together: Collaborative Pathways to Decarbonization,official-week,20260923,"10:00am, Wednesday, September 23, 2026","10:00am - 12:00pm, Wednesday, September 23, 2026",In-person,Private,Vornado Trust Realty and VHB,"PENN 1, Manhattan, New York, New York, 10119, United States","PENN 1, Manhattan, New York, New York, 10119, United States",built-environment,https://www.eventcreate.com/e/decarbonization,https://www.climateweeknyc.org/event-search/powering-progress-together-collaborative-pathways-to-decarbonization?hsLang=en,2 hours,English,powering-progress-together-collaborative-pathways-to-decarbonization,parsed
Towards COP31 Event with Neste and Outokumpu,official-week,20260923,"12:00pm, Wednesday, September 23, 2026","12:00pm - 01:30pm, Wednesday, September 23, 2026",In-person,Private,"UN Global Compact Network Finland, Neste, Outokumpu & Miltton","633 3rd Ave, Manhattan, New York, New York, 10017, United States","633 3rd Ave, Manhattan, New York, New York, 10017, United States",food; health; industry; policy,https://tapahtumat.globalcompact.fi/expression-of-interest-towards-cop-31,https://www.climateweeknyc.org/event-search/towards-cop31-event-with-neste-and-outokumpu?hsLang=en,1 hour 30 minutes,English,towards-cop31-event-with-neste-and-outokumpu,parsed
Africa Climate Investment Forum,official-week,20260923,"01:00pm, Wednesday, September 23, 2026","01:00pm - 07:30pm, Wednesday, September 23, 2026",In-person,Private,"GOGLA, GreenMax Capital Group, Africa Minigrid Developers Association (AMDA), Global Energy Alliance for People and Planet (GEAPP), InfraCredit, and Genesis Energy","Address provided to registrants, New York, New York, United States","Address provided to registrants, New York, New York, United States",energy; finance,https://luma.com/aq5pk87i,https://www.climateweeknyc.org/event-search/africa-climate-investment-forum?hsLang=en,,English,africa-climate-investment-forum,parsed
Powering Industrial Decarbonization: Accelerating Electrification through Partnerships,official-week,20260923,"02:00pm, Wednesday, September 23, 2026","02:00pm - 03:30pm, Wednesday, September 23, 2026",In-person,Private,"AFID,Coalition for Action and Guidehouse","75 Rockefeller Plaza, 10th Floor, New York, NY 10019, United States, Manhattan, New York, NY 10019, United States","75 Rockefeller Plaza, 10th Floor, New York, NY 10019, United States, Manhattan, New York, NY 10019, United States",energy,https://forms.cloud.microsoft/Pages/ResponsePage.aspx?id=sOvdzLvS0ESYSo5CpcBis8BXmM-Py11ErA_BeKFIEYZUNjNLQlFPUFMzN0k3WVhSUEZaQlRSVlVBRy4u,https://www.climateweeknyc.org/event-search/powering-industrial-decarbonization-accelerating-electrification-through-partnerships?hsLang=en,1 hour 30 minutes,English,powering-industrial-decarbonization-accelerating-electrification-through-partnerships,parsed
Swiss Climatetech Showcase,official-week,20260923,"01:00pm, Wednesday, September 23, 2026","01:00pm - 02:30pm, Wednesday, September 23, 2026",In-person,Public,Swissnex,"150 1st Ave, 4th Floor, Manhattan, New York, New York, 10009, United States","150 1st Ave, 4th Floor, Manhattan, New York, New York, 10009, United States",built-environment; energy; industry,https://swissnex.org/boston/event/assembly-swiss-climate-showcase/,https://www.climateweeknyc.org/event-search/swiss-climatetech-showcase?hsLang=en,2 hours 30 minutes,English,swiss-climatetech-showcase,parsed
Methane Mission Control: Total Transparency for Global Impact,official-week,20260923,"05:00pm, Wednesday, September 23, 2026","05:00pm - 07:00pm, Wednesday, September 23, 2026",In-person,Private,"Environmental Defense Fund, the United Nations Environment Programme’s International Methane Emissions Observatory and TED Countdown","330 Hudson St., Manhattan, New York, New York, 10013, United States","330 Hudson St., Manhattan, New York, New York, 10013, United States",,https://airtable.com/appdZD8OMQD7T2UK5/pagSL6mKmL2ul2ADj/form,https://www.climateweeknyc.org/event-search/methane-mission-control-total-transparency-for-global-impact?hsLang=en,2 hours,English,methane-mission-control-total-transparency-for-global-impact,parsed
"Visualizing Climate Worlds: Data, AI, and Immersive Futures",official-week,20260923,"03:00pm, Wednesday, September 23, 2026","03:00pm - 05:00pm, Wednesday, September 23, 2026",In-person,Public,"Swissnex, Frontiers","150 1st Ave, 4th Floor, Manhattan, New York, New York, 10009, United States","150 1st Ave, 4th Floor, Manhattan, New York, New York, 10009, United States",health; policy; technology-and-ai,https://swissnex.org/boston/event/assembly-visualizing-climate-worlds/,https://www.climateweeknyc.org/event-search/visualizing-climate-worlds-data-ai-and-immersive-futures?hsLang=en,2 hours,English,visualizing-climate-worlds-data-ai-and-immersive-futures,parsed
Climate Break: A Rooftop Comedy Night with Trees for the Future,official-week,20260923,"06:00pm, Wednesday, September 23, 2026","06:00pm - 08:00pm, Wednesday, September 23, 2026",In-person,Private,Trees for the Future,"Chelsea, Manhattan, New York, United States","Chelsea, Manhattan, New York, United States",food; health; nature,https://luma.com/ggz61mhz,https://www.climateweeknyc.org/event-search/climate-break-a-rooftop-comedy-night-with-trees-for-the-future?hsLang=en,2 hours,English,climate-break-a-rooftop-comedy-night-with-trees-for-the-future,parsed
From Risk to Opportunity: How Capital Can Enable Climate Resilience,official-week,20260923,"09:00am, Wednesday, September 23, 2026","09:00am - 12:30pm, Wednesday, September 23, 2026",In-person,Public,"Swissnex, Consulate General of Switzerland in New York, Swiss Business Hub USA, Greater Zurich Area, Global Infrastructure Basel","150 1st Ave, 4th Floor, Manhattan, New York, New York, 10009, United States","150 1st Ave, 4th Floor, Manhattan, New York, New York, 10009, United States",built-environment; finance; policy,https://swissnex.org/boston/event/assembly-from-risk-to-opportunity/,https://www.climateweeknyc.org/event-search/from-risk-to-opportunity-how-capital-can-enable-climate-resilience?hsLang=en,3 hours,English,from-risk-to-opportunity-how-capital-can-enable-climate-resilience,parsed
"Frontline Defenders: Health, Worker Rights, and Care in a Changing Climate",official-week,20260923,"02:00pm, Wednesday, September 23, 2026","02:00pm - 04:00pm, Wednesday, September 23, 2026",In-person,Public,Solidarity Center and Fundación Avina,"Manhattan, United States","Manhattan, United States",cities; health; policy,https://forms.gle/yf4n5JQyrnH4hNLR7,https://www.climateweeknyc.org/event-search/frontline-defenders-health-worker-rights-and-care-in-a-changing-climate?hsLang=en,2 hours,English,frontline-defenders-health-worker-rights-and-care-in-a-changing-climate,parsed
"Urban Innovations for Carbon, Cooling, and Circularity: A Science-Policy-Practice Dialogue at Climate Week NYC",official-week,20260923,"10:00am, Wednesday, September 23, 2026","10:00am - 03:00pm, Wednesday, September 23, 2026",In-person,Private,"Princeton University, ICLEI USA, and the Consulate General of India in New York","Consulate General of India, New York 3 East 64th Street, New York, New York, 10065, United States","Consulate General of India, New York 3 East 64th Street, New York, New York, 10065, United States",cities; health; policy,,https://www.climateweeknyc.org/event-search/urban-innovations-for-carbon-cooling-and-circularity-a-science-policy-practice-dialogue-at-climate-week-nyc?hsLang=en,5 hours,English,urban-innovations-for-carbon-cooling-and-circularity-a-science-policy-practice-dialogue-at-climate-week-nyc,parsed
Walking the Bluebelt... an exclusive tour of New York City's largest storm water management system,official-week,20260923,"12:00pm, Wednesday, September 23, 2026","12:00pm - 03:00pm, Wednesday, September 23, 2026",In-person,Public,Holes in the Wall Collective and the DEP,"New Creek 1941 Hylan Blvd, Staten Island, NY 10305, Staten Island, Staten Island, New York, 10305, United States","New Creek 1941 Hylan Blvd, Staten Island, NY 10305, Staten Island, Staten Island, New York, 10305, United States",built-environment; cities; nature,https://www.eventbrite.com/e/walking-the-bluebelt-nycs-largest-stormwater-management-system-tickets-1998106764119?aff=oddtdtcreator&keep_tld=true,https://www.climateweeknyc.org/event-search/walking-the-bluebelt-an-exclusive-tour-of-new-york-citys-largest-storm-water-management-system?hsLang=en,3 hours,English,walking-the-bluebelt-an-exclusive-tour-of-new-york-citys-largest-storm-water-management-system,parsed
Will Autonomous Vehicles Improve the Environment? A Skeptical Conversation,official-week,20260923,"03:00pm, Wednesday, September 23, 2026","03:00pm - 04:30pm, Wednesday, September 23, 2026",In-person,Public,Swyft Cities,"15 West 39th St. 10th Floor, Manhattan, New York, New York, 10018, United States","15 West 39th St. 10th Floor, Manhattan, New York, New York, 10018, United States",transport-and-travel,https://luma.com/c14dro21,https://www.climateweeknyc.org/event-search/will-autonomous-vehicles-improve-the-environment-a-skeptical-conversation?hsLang=en,1 hour 30 minutes,English,will-autonomous-vehicles-improve-the-environment-a-skeptical-conversation,parsed
Shaping the Data Center Narrative,official-week,20260923,"02:30pm, Wednesday, September 23, 2026","02:30pm - 03:15pm, Wednesday, September 23, 2026",In-person,Public,Antenna Group,"393 Broadway, Manhattan, Manhattan, New York, 10013, United States","393 Broadway, Manhattan, Manhattan, New York, 10013, United States",energy; policy; technology-and-ai,https://luma.com/evigo33o,https://www.climateweeknyc.org/event-search/shaping-the-data-center-narrative?hsLang=en,1 hour,English,shaping-the-data-center-narrative,parsed
Recycling Center Tour + Happy Hour,official-week,20260923,"06:00pm, Wednesday, September 23, 2026","06:00pm - 07:30pm, Wednesday, September 23, 2026",In-person,Public,Sure We Can,"219 McKibbin St, Brooklyn, Brooklyn, New York, 11206, United States","219 McKibbin St, Brooklyn, Brooklyn, New York, 11206, United States",cities; environmental-justice; policy,,https://www.climateweeknyc.org/event-search/recycling-center-tour-happy-hour?hsLang=en,1 hour 30 minutes,English,recycling-center-tour-happy-hour,parsed
"Powering the Next Energy Chapter: Efficiency, Innovation and Workforce Across the Atlantic",official-week,20260923,"06:00pm, Wednesday, September 23, 2026","06:00pm - 08:30pm, Wednesday, September 23, 2026",In-person,Public,"Alliance to Save Energy (ASE), Association of Energy Engineers (AEE), and the Delegation of Flanders – Belgium to the USA (Flanders House)","620 Eighth Avenue, 38th Floor, Manhattan, New York, New York, 10018, United States","620 Eighth Avenue, 38th Floor, Manhattan, New York, New York, 10018, United States",energy; policy,https://www.surveymonkey.com/r/H73CTDC,https://www.climateweeknyc.org/event-search/powering-the-next-energy-chapter-efficiency-innovation-and-workforce-across-the-atlantic?hsLang=en,2 hours 30 minutes,English,powering-the-next-energy-chapter-efficiency-innovation-and-workforce-across-the-atlantic,parsed
Roots to Renewal: A Green Careers Reentry Summit,official-week,20260923,"09:30am, Wednesday, September 23, 2026","09:30am - 03:00pm, Wednesday, September 23, 2026",In-person,Public,Fordham University and The Institute for Justice and Opportunity (IJO) at John Jay College of Criminal Justice,"441 East Fordham Road, The Bronx, Bronx, New York, 10458, United States","441 East Fordham Road, The Bronx, Bronx, New York, 10458, United States",built-environment; energy; industry,https://luma.com/083i6f2e,https://www.climateweeknyc.org/event-search/roots-to-renewal-a-green-careers-reentry-summit?hsLang=en,5 hours,English,roots-to-renewal-a-green-careers-reentry-summit,parsed
SEE THE FUTURE: START UP COMPETITION 2026,official-week,20260923,"02:00pm, Wednesday, September 23, 2026","02:00pm - 05:00pm, Wednesday, September 23, 2026",In-person,Public,Society of Entrepreneurs & Ecology (SEE) and Columbia Climate School,"1161 Amsterdam Avenue, Manhattan, New York, New York, 10027, United States","1161 Amsterdam Avenue, Manhattan, New York, New York, 10027, United States",finance; industry,https://urldefense.com/v3/__https://luma.com/pw53ok9h__;!!BDUfV1Et5lrpZQ!RMGfFPk7aUoFMJ17cU5B3qic7Q7FM10ryqa840vff1JeEjmxTur05FyZvZ66KzXf3Duq6G_ly2j6v0jhFrYoU2rRkg$,https://www.climateweeknyc.org/event-search/see-the-future-start-up-competition-2026?hsLang=en,3 hours,English,see-the-future-start-up-competition-2026,parsed
Financing Climate Resilience in Fragile Regions,official-week,20260923,"02:00pm, Wednesday, September 23, 2026","02:00pm - 04:00pm, Wednesday, September 23, 2026",In-person,Private,"Trafigura Foundation, Root Capital, Nuru International",,,finance; food; industry,https://luma.com/xmbhy3lq,https://www.climateweeknyc.org/event-search/financing-climate-resilience-in-fragile-regions?hsLang=en,,English,financing-climate-resilience-in-fragile-regions,parsed
Electrifying Buildings – Delivering “35 by 35”,official-week,20260923,"02:30pm, Wednesday, September 23, 2026","02:30pm - 07:00pm, Wednesday, September 23, 2026",In-person,Private,,"New York, New York, United States","New York, New York, United States",built-environment,https://luma.com/vwlqdd3r,https://www.climateweeknyc.org/event-search/electrifying-buildings-delivering-35-by-35?hsLang=en,,English,electrifying-buildings-delivering-35-by-35,parsed
Backing Innovation: How States Are Investing in the Future,official-week,20260923,"05:00pm, Wednesday, September 23, 2026","05:00pm - 07:30pm, Wednesday, September 23, 2026",In-person,Public,Hosted by NY Ventures x Connecticut Innovations x NJ Economic Development Authority & Sponsored by Rho & KPMG,"KPMG LLP - 375 9th Ave 17th Floor - KPMG Ignition Center (23rd Floor), Manhattan, New York, New York, 10001, United States","KPMG LLP - 375 9th Ave 17th Floor - KPMG Ignition Center (23rd Floor), Manhattan, New York, New York, 10001, United States",finance; health; policy,https://luma.com/gov-vc-panel,https://www.climateweeknyc.org/event-search/backing-innovation-how-states-are-investing-in-the-future?hsLang=en,2 hours 30 minutes,English,backing-innovation-how-states-are-investing-in-the-future,parsed
Indigenous Peoples and Local Communities: shared challenges and lessons on the front lines of climate resistance,official-week,20260923,"04:00pm, Wednesday, September 23, 2026","04:00pm - 05:30pm, Wednesday, September 23, 2026",In-person,Public,Global Forum of Local Communities on Climate Change (GFLCCC),"TBC, Manhattan, New York City, New York, United States","TBC, Manhattan, New York City, New York, United States",environmental-justice; nature; policy,https://forms.gle/UvgEKjST7336PHJX9,https://www.climateweeknyc.org/event-search/indigenous-peoples-and-local-communities-shared-challenges-and-lessons-on-the-front-lines-of-climate-resistance?hsLang=en,1 hour 30 minutes,"English, Portuguese, Spanish",indigenous-peoples-and-local-communities-shared-challenges-and-lessons-on-the-front-lines-of-climate-resistance,parsed
Waste Data Management: how managing waste like a utility can drive waste diversion and cost savings,official-week,20260923,"04:30pm, Wednesday, September 23, 2026","04:30pm - 06:00pm, Wednesday, September 23, 2026",In-person,Private,WATS (Waste Analytics Software),"Manhattan, West Village, 10011","Manhattan, West Village, 10011",built-environment; cities; technology-and-ai,https://luma.com/pe6pau45,https://www.climateweeknyc.org/event-search/waste-data-management-how-managing-waste-like-a-utility-can-drive-waste-diversion-and-cost-savings?hsLang=en,1 hour 30 minutes,English,waste-data-management-how-managing-waste-like-a-utility-can-drive-waste-diversion-and-cost-savings,parsed
Unlocking Market Mechanisms to Scale Livestock Methane Mitigation,official-week,20260923,"09:00am, Wednesday, September 23, 2026","09:00am - 11:30am, Wednesday, September 23, 2026",In-person,Public,"Clean Air Task Force, Spark Climate Solutions","1535 Broadway, Manhattan, New York City, New York, 10036, United States","1535 Broadway, Manhattan, New York City, New York, 10036, United States",food; health,https://luma.com/qheza3dy,https://www.climateweeknyc.org/event-search/unlocking-market-mechanisms-to-scale-livestock-methane-mitigation?hsLang=en,2 hours 30 minutes,English,unlocking-market-mechanisms-to-scale-livestock-methane-mitigation,parsed
Honest Conversation on the Insurability Crisis,official-week,20260923,"02:30pm, Wednesday, September 23, 2026","02:30pm - 04:30pm, Wednesday, September 23, 2026",In-person,,"New York Communities for Change, Rainforest Action Network, Stop the Money Pipeline, Urgewald","25 11TH Ave AT Hudson River Park, Manhattan, New York, New York, 10011, United States","25 11TH Ave AT Hudson River Park, Manhattan, New York, New York, 10011, United States",environmental-justice; finance; health,https://www.eventbrite.com/e/an-honest-conversation-on-the-insurability-crisis-tickets-1999273993333?aff=oddtdtcreator&keep_tld=true,https://www.climateweeknyc.org/event-search/honest-conversation-on-the-insurability-crisis?hsLang=en,,English,honest-conversation-on-the-insurability-crisis,parsed
From Climate Risk to Supply Chain Resilience - Scaling High-Integrity Insetting in Agricultural Supply Chains,official-week,20260923,"08:15am, Wednesday, September 23, 2026","08:15am - 10:00am, Wednesday, September 23, 2026",In-person,Private,PUR,"200 Park Avenue, MetLife Building, New York, New York, United States","200 Park Avenue, MetLife Building, New York, New York, United States",food; industry; nature,https://luma.com/k1pvyu42,https://www.climateweeknyc.org/event-search/from-climate-risk-to-supply-chain-resilience-scaling-high-integrity-insetting-in-agricultural-supply-chains?hsLang=en,2 hours,English,from-climate-risk-to-supply-chain-resilience-scaling-high-integrity-insetting-in-agricultural-supply-chains,parsed
MIT Hard Tech Happy Hour,official-week,20260923,"04:00pm, Wednesday, September 23, 2026","04:00pm - 07:00pm, Wednesday, September 23, 2026",In-person,Public,"Alumni Ventures, MIT Sloan Club of New York, Safar Partners","183 Madison Ave 18th Floor, Manhattan, New York, New York, 10016, United States","183 Madison Ave 18th Floor, Manhattan, New York, New York, 10016, United States",health; technology-and-ai,https://luma.com/mit-climate-week-2026,https://www.climateweeknyc.org/event-search/mit-hard-tech-happy-hour?hsLang=en,3 hours,English,mit-hard-tech-happy-hour,parsed
From Science to Solutions: Breakthroughs for a Changing Planet,official-week,20260923,"05:00pm, Wednesday, September 23, 2026","05:00pm - 07:00pm, Wednesday, September 23, 2026",In-person,Public,UC San Diego,"132 West 27th Street, Manhattan, New York, New York, 10001, United States","132 West 27th Street, Manhattan, New York, New York, 10001, United States",health; policy; technology-and-ai,https://www.eventbrite.com/e/from-science-to-solutions-breakthroughs-for-a-changing-planet-tickets-1998442537426?,https://www.climateweeknyc.org/event-search/from-science-to-solutions-breakthroughs-for-a-changing-planet?hsLang=en,2 hours,English,from-science-to-solutions-breakthroughs-for-a-changing-planet,parsed
The Twin Engines of Transition Efficiency and Electrification,official-week,20260923,"08:30am, Wednesday, September 23, 2026","08:30am - 10:00am, Wednesday, September 23, 2026",In-person,Public,Energy Efficiency Movement x Siemens,"250 West 34th Street, New York City, New York, 10119, United States","250 West 34th Street, New York City, New York, 10119, United States",energy; finance,https://forms.office.com/Pages/ResponsePage.aspx?id=8R1F-8YTbUmMBd_gSA-Ic5IgMkkLPL5Ko3HwPTtUfE1UMzZDSkhJVUlBQTRIQ0lENjZFT1RLRExZUS4u,https://www.climateweeknyc.org/event-search/the-twin-engines-of-transition-efficiency-and-electrification?hsLang=en,1 hour 30 minutes,English,the-twin-engines-of-transition-efficiency-and-electrification,parsed
Sustainability and Climate Change Risks and Opportunities in Real Estate Development: New Practice Guide for Lawyers,official-week,20260923,"06:00pm, Wednesday, September 23, 2026","06:00pm - 08:00pm, Wednesday, September 23, 2026",In-person,Public,"American Bar Association Section of Environment, Energy, and Resources;New York City Bar Association Environmental Law Committee","42 West 44th Street, Manhattan, New York City, New York, 10036, United States","42 West 44th Street, Manhattan, New York City, New York, 10036, United States",built-environment; health; policy,https://services.nycbar.org/EventDetail?EventKey=ENV092326,https://www.climateweeknyc.org/event-search/sustainability-and-climate-change-risks-and-opportunities-in-real-estate-development-new-practice-guide-for-lawyers?hsLang=en,2 hours,English,sustainability-and-climate-change-risks-and-opportunities-in-real-estate-development-new-practice-guide-for-lawyers,parsed
What Can You Do to Mitigate Climate Change?,official-week,20260923,"06:00pm, Wednesday, September 23, 2026","06:00pm - 07:30pm, Wednesday, September 23, 2026",In-person,Public,Brooklyn Botanic Garden,"990 Washington Avenue, Brooklyn, Brooklyn, New York, 11225, United States","990 Washington Avenue, Brooklyn, Brooklyn, New York, 11225, United States",cities; environmental-justice,https://www.bbg.org/visit/event/climate_week_nyc_2026,https://www.climateweeknyc.org/event-search/what-can-you-do-to-mitigate-climate-change?hsLang=en,1 hour 30 minutes,English,what-can-you-do-to-mitigate-climate-change,parsed
In Their Own Hands: Youth and Community Leadership for Climate Action,official-week,20260923,"11:30am, Wednesday, September 23, 2026","11:30am - 01:00pm, Wednesday, September 23, 2026",Hybrid,Public,Creats International,"134 West 29th Street (2nd Floor), Manhattan, New York, New York, 1001, United States","134 West 29th Street (2nd Floor), Manhattan, New York, New York, 1001, United States",environmental-justice; food; health,https://luma.com/jeu8myvu,https://www.climateweeknyc.org/event-search/in-their-own-hands-youth-and-community-leadership-for-climate-action?hsLang=en,1 hour 30 minutes,English,in-their-own-hands-youth-and-community-leadership-for-climate-action,parsed
Regenerative Agriculture and Food Systems: Scaling Innovative Solutions — Eco Invest and other Investment Cases,official-week,20260923,"08:30am, Wednesday, September 23, 2026","08:30am - 12:00pm, Wednesday, September 23, 2026",In-person,Private,"BTG Pactual, Capital for Climate, World Climate Foundation","New York, New York, United States","New York, New York, United States",finance; food; policy,https://luma.com/4rmjhp6u,https://www.climateweeknyc.org/event-search/regenerative-agriculture-and-food-systems-scaling-innovative-solutions-eco-invest-and-other-investment-cases?hsLang=en,3 hours,English,regenerative-agriculture-and-food-systems-scaling-innovative-solutions-eco-invest-and-other-investment-cases,parsed
Who’s Investing in Adaptation? A Family Office Roundtable,official-week,20260923,"11:00am, Wednesday, September 23, 2026","11:00am - 12:30pm, Wednesday, September 23, 2026",In-person,Public,The Sidebar,"134 West 29th Street, Manhattan, New York, New York, 10001","134 West 29th Street, Manhattan, New York, New York, 10001",finance,https://luma.com/y4rr9vy1,https://www.climateweeknyc.org/event-search/whos-investing-in-adaptation-a-family-office-roundtable?hsLang=en,1 hour 30 minutes,English,whos-investing-in-adaptation-a-family-office-roundtable,parsed
"Building Fashion's Circular Future: Financing, Consumer Behavior, and Regulation",official-week,20260923,"08:30am, Wednesday, September 23, 2026","08:30am - 12:00pm, Wednesday, September 23, 2026",In-person,Private,"No. 29 Communications, Alu, Alternew, Fillogic, and Beni.",Input Physical Address,Input Physical Address,industry; technology-and-ai,https://luma.com/65v2h9fh,https://www.climateweeknyc.org/event-search/building-fashions-circular-future-financing-consumer-behavior-and-regulation?hsLang=en,3 hours,English,building-fashions-circular-future-financing-consumer-behavior-and-regulation,parsed
OSCAR In The Wilde NYC - Better Carbon Removal Purchasing Agreements Negotiated Over Informal Drinks,official-week,20260923,"06:00pm, Wednesday, September 23, 2026","06:00pm - 09:00pm, Wednesday, September 23, 2026",In-person,Public,OSCAR,"111 Broadway, Manhattan, New York, New York, 10006, United States","111 Broadway, Manhattan, New York, New York, 10006, United States",finance; industry,https://luma.com/n4f7yi7l,https://www.climateweeknyc.org/event-search/oscar-in-the-wilde-nyc-better-carbon-removal-purchasing-agreements-negotiated-over-informal-drinks?hsLang=en,3 hours,English,oscar-in-the-wilde-nyc-better-carbon-removal-purchasing-agreements-negotiated-over-informal-drinks,parsed
"Trade, Energy Export Dependence, and the Whole-of-Economy Transition Away from Fossil Fuels",official-week,20260923,"01:00pm, Wednesday, September 23, 2026","01:00pm - 03:00pm, Wednesday, September 23, 2026",In-person,Private,"University of Pennsylvania, Perry World House, Institute for Urban Research and Kleiman Center for Energy Policy","Penn Club, 30 West 44th Street, Manhattan, New York, New York, 10036, United States","Penn Club, 30 West 44th Street, Manhattan, New York, New York, 10036, United States",finance; industry,https://www.eventbrite.com/e/trade-and-domestic-revenue-impacts-of-the-transition-away-from-fossil-fuels-tickets-1999709392624?aff=oddtdtcreator,https://www.climateweeknyc.org/event-search/trade-energy-export-dependence-and-the-whole-of-economy-transition-away-from-fossil-fuels?hsLang=en,2 hours,English,trade-energy-export-dependence-and-the-whole-of-economy-transition-away-from-fossil-fuels,parsed
"One Pollutant, Many Healthy Lives Affected: The Human Dimensions of Methane",official-week,20260923,"01:00pm, Wednesday, September 23, 2026","01:00pm - 03:00pm, Wednesday, September 23, 2026",In-person,Public,Climate Rights International,"113 West 24th Street, Manhattan, New York, New York, 10001, United States","113 West 24th Street, Manhattan, New York, New York, 10001, United States",environmental-justice; health,https://luma.com/e9mzkzau,https://www.climateweeknyc.org/event-search/one-pollutant-many-healthy-lives-affected-the-human-dimensions-of-methane?hsLang=en,2 hours,English,one-pollutant-many-healthy-lives-affected-the-human-dimensions-of-methane,parsed
Brazil at a Crossroads: From COP30 to the 2026 Elections,official-week,20260923,"10:00am, Wednesday, September 23, 2026","10:00am - 12:00pm, Wednesday, September 23, 2026",In-person,Public,Climate Rights International,"124 E 14th St, Manhattan, New York, New York, 10003, United States","124 E 14th St, Manhattan, New York, New York, 10003, United States",finance; policy,https://luma.com/jbjm7dk6,https://www.climateweeknyc.org/event-search/brazil-at-a-crossroads-from-cop30-to-the-2026-elections?hsLang=en,2 hours,English,brazil-at-a-crossroads-from-cop30-to-the-2026-elections,parsed
Catalytic Philanthropy: When Capital Never Stops Working | An AWE FutureMakers Session,official-week,20260923,"09:00am, Wednesday, September 23, 2026","09:00am - 10:30am, Wednesday, September 23, 2026",In-person,Private,AWE Foundation & AWE Funds,"Address Upon Registration Confirmation, Manhattan, New York, New York, United States","Address Upon Registration Confirmation, Manhattan, New York, New York, United States",health; industry; technology-and-ai,https://luma.com/qtgvmmup,https://www.climateweeknyc.org/event-search/catalytic-philanthropy-when-capital-never-stops-working-an-awe-futuremakers-session?hsLang=en,1 hour 30 minutes,English,catalytic-philanthropy-when-capital-never-stops-working-an-awe-futuremakers-session,parsed
Unlocking Healthcare's Potential for Integrated Heat & Air Quality Solutions: The Cooperative’s Inaugural Innovation Forum,official-week,20260923,"02:45pm, Wednesday, September 23, 2026","02:45pm - 03:45pm, Wednesday, September 23, 2026",Hybrid,Public,The Cooperative at Mass General Brigham,"1216 5th Ave, Manhattan, New York, New York, 10029, United States","1216 5th Ave, Manhattan, New York, New York, 10029, United States",health,https://www.eventbrite.com/e/climate-and-health-commons-at-climate-week-nyc-tickets-1993921594163,https://www.climateweeknyc.org/event-search/unlocking-healthcares-potential-for-integrated-heat-air-quality-solutions-the-cooperatives-inaugural-innovation-forum?hsLang=en,1 hour,English,unlocking-healthcares-potential-for-integrated-heat-air-quality-solutions-the-cooperatives-inaugural-innovation-forum,parsed
Food Waste: The Climate Opportunity On Our Plate,official-week,20260923,"09:00am, Wednesday, September 23, 2026","09:00am - 11:00am, Wednesday, September 23, 2026",In-person,Public,"WRAP, World Resources Institute, ReFED, Global Foodbanking Network & World Wildlife Fund","450 E 29th St East Tower, Manhattan, New York, New York, 10016, United States","450 E 29th St East Tower, Manhattan, New York, New York, 10016, United States",food,https://hub.wri.org/events/2026/9/food-waste-climate-opportunity-our-plate,https://www.climateweeknyc.org/event-search/food-waste-the-climate-opportunity-on-our-plate?hsLang=en,2 hours,English,food-waste-the-climate-opportunity-on-our-plate,parsed
Food Day,official-week,20260923,"08:00am, Wednesday, September 23, 2026","08:00am - 02:00pm, Wednesday, September 23, 2026",In-person,Private,Tilt Collective,"2 Desbrosses Street, Manhattan, New York City, New York, 10013, United States","2 Desbrosses Street, Manhattan, New York City, New York, 10013, United States",food; health,https://web-eur.cvent.com/event/7f04da43-34d3-4a7a-844f-8081ccb04e9c/summary,https://www.climateweeknyc.org/event-search/food-day?hsLang=en,6 hours,English,food-day,parsed
Climate Impacts on Global Health,official-week,20260923,"03:30pm, Wednesday, September 23, 2026","03:30pm - 05:30pm, Wednesday, September 23, 2026",In-person,Public,"University of Pennsylvania, Perry World House","Penn Club of New York, Manhattan, New York, New York, 10036, United States","Penn Club of New York, Manhattan, New York, New York, 10036, United States",health; policy,https://www.eventbrite.com/e/climate-leadership-health-bridging-global-diplomacy-planetary-health-tickets-1999710626314?aff=oddtdtcreator&keep_tld=true,https://www.climateweeknyc.org/event-search/climate-impacts-on-global-health?hsLang=en,2 hours,English,climate-impacts-on-global-health,parsed
Mexico's Energy Transition: A National Policy Status Report,official-week,20260923,"03:30pm, Wednesday, September 23, 2026","03:30pm - 06:00pm, Wednesday, September 23, 2026",In-person,Private,"Natural Resources Defense Council, Robertson Foundation, Iniciativa Climática de México","390 Park Avenue, Manhattan, New York, New York, 10022, United States","390 Park Avenue, Manhattan, New York, New York, 10022, United States",energy; finance; policy,https://docs.google.com/forms/d/e/1FAIpQLSe3_ltEVE8AbdEpTTFCpAgch8IVgZRVFKA1bnhXVQHfku8joQ/viewform?pli=1,https://www.climateweeknyc.org/event-search/mexicos-energy-transition-a-national-policy-status-report?hsLang=en,2 hours 30 minutes,English,mexicos-energy-transition-a-national-policy-status-report,parsed
The Battery Coastal Resilience Project Tour,official-week,20260923,"05:00pm, Wednesday, September 23, 2026","05:00pm - 07:00pm, Wednesday, September 23, 2026",In-person,Private,Stantec,"The Battery, Manhattan, New York, New York, 10004, United States","The Battery, Manhattan, New York, New York, 10004, United States",cities,https://info.stantec.com/en-climate-week-nyc,https://www.climateweeknyc.org/event-search/the-battery-coastal-resilience-project-tour?hsLang=en,2 hours,English,the-battery-coastal-resilience-project-tour,parsed
A Discussion: Indigenous Peoples Living in Voluntary Isolation,official-week,20260923,"10:00am, Wednesday, September 23, 2026","10:00am - 11:30am, Wednesday, September 23, 2026",In-person,Public,The Amazon Conservation Team,"622 3rd Avenue, Manhattan, New York, New York, 10017, United States","622 3rd Avenue, Manhattan, New York, New York, 10017, United States",health,https://www.eventbrite.com/e/a-discussion-indigenous-peoples-living-in-voluntary-isolation-tickets-1999724432609?aff=oddtdtcreator,https://www.climateweeknyc.org/event-search/a-discussion-indigenous-peoples-living-in-voluntary-isolation?hsLang=en,1 hour 30 minutes,English,a-discussion-indigenous-peoples-living-in-voluntary-isolation,parsed
Charging Ahead: The Economic Opportunity of America’s Battery Belt,official-week,20260923,"09:30am, Wednesday, September 23, 2026","09:30am - 11:00am, Wednesday, September 23, 2026",In-person,Public,Center for Climate and Energy Solutions,"54 W 40th St, Manhattan, New York, New York, 10018, United States","54 W 40th St, Manhattan, New York, New York, 10018, United States",energy; technology-and-ai,https://luma.com/ChargingAhead,https://www.climateweeknyc.org/event-search/charging-ahead-the-economic-opportunity-of-americas-battery-belt?hsLang=en,1 hour 30 minutes,English,charging-ahead-the-economic-opportunity-of-americas-battery-belt,parsed
Beyond the Goldenrod: Sharing Stories of Native Plant Gardens,official-week,20260923,"06:30pm, Wednesday, September 23, 2026","06:30pm - 08:00pm, Wednesday, September 23, 2026",Virtual,Public,Partnerships for Parks,Online,Online,nature,,https://www.climateweeknyc.org/event-search/beyond-the-goldenrod-sharing-stories-of-native-plant-gardens?hsLang=en,1 hour 30 minutes,English,beyond-the-goldenrod-sharing-stories-of-native-plant-gardens,parsed
Unlocking the Power of Unconditional Cash for Climate,official-week,20260923,"10:00am, Wednesday, September 23, 2026","10:00am - 12:00pm, Wednesday, September 23, 2026",In-person,Private,Cash for Conservation Group,"Loft 393, 393 Broadway (2nd Floor), Manhattan, New York, New York, 10013, United States","Loft 393, 393 Broadway (2nd Floor), Manhattan, New York, New York, 10013, United States",finance; food; nature; policy,https://luma.com/eiuybvd5,https://www.climateweeknyc.org/event-search/unlocking-the-power-of-unconditional-cash-for-climate?hsLang=en,2 hours,English,unlocking-the-power-of-unconditional-cash-for-climate,parsed
"Financing the Future of America’s Forests: Building Durable Funding for Wildfire Resilience, Climate, and Community Benefit​",official-week,20260923,"02:45pm, Wednesday, September 23, 2026","02:45pm - 03:45pm, Wednesday, September 23, 2026",In-person,Public,The Nature Hub,"KPMG Headquarters​, Two Manhattan West, Manhattan, New York, New York, 10001, United States","KPMG Headquarters​, Two Manhattan West, Manhattan, New York, New York, 10001, United States",cities; health; nature,https://luma.com/WildfireResilience,https://www.climateweeknyc.org/event-search/financing-the-future-of-americas-forests-building-durable-funding-for-wildfire-resilience-climate-and-community-benefit?hsLang=en,,English,financing-the-future-of-americas-forests-building-durable-funding-for-wildfire-resilience-climate-and-community-benefit,parsed
"Rural Prosperity Redefined: Leveraging Forests for Economic Transformation, Climate Resilience, and Stronger Communities​​​",official-week,20260923,"11:00am, Wednesday, September 23, 2026","11:00am - 12:30pm, Wednesday, September 23, 2026",In-person,,Trust for Public Land,"444 Madison Ave, 10th Floor, Manhattan, New York, New York, 10022, United States","444 Madison Ave, 10th Floor, Manhattan, New York, New York, 10022, United States",cities; health; nature,https://share.hsforms.com/2cJmf_k2TS1ytOQCLQzZL-gr3qwk?most_recent_event_rsvp=recm0tpn6LEHejNRh,https://www.climateweeknyc.org/event-search/rural-prosperity-redefined-leveraging-forests-for-economic-transformation-climate-resilience-and-stronger-communities?hsLang=en,,English,rural-prosperity-redefined-leveraging-forests-for-economic-transformation-climate-resilience-and-stronger-communities,parsed
"Green Industry, Geopolitics, and the Gulf's Economic Future",official-week,20260923,"12:30pm, Wednesday, September 23, 2026","12:30pm - 02:30pm, Wednesday, September 23, 2026",In-person,Private,"Carboun Institute, Open Society Foundations","101 Park Avenue, Manhattan, New York, New York, 10017, United States","101 Park Avenue, Manhattan, New York, New York, 10017, United States",energy; industry; policy,https://tally.so/r/GxAOdO,https://www.climateweeknyc.org/event-search/green-industry-geopolitics-and-the-gulfs-economic-future?hsLang=en,2 hours,English,green-industry-geopolitics-and-the-gulfs-economic-future,parsed
Every Degree Matters: Why biodiversity conservation depends on climate action,official-week,20260923,"03:30pm, Wednesday, September 23, 2026","03:30pm - 05:00pm, Wednesday, September 23, 2026",In-person,Public,"National Wildlife Federation, The Wildlife Society, City University of New York Advanced Science Research Center Environmental Science Initiative","85 St. Nicholas Terrace, New York, New York, 10031, United States","85 St. Nicholas Terrace, New York, New York, 10031, United States",health; nature,https://luma.com/9ivgd5ba,https://www.climateweeknyc.org/event-search/every-degree-matters-why-biodiversity-conservation-depends-on-climate-action?hsLang=en,,English,every-degree-matters-why-biodiversity-conservation-depends-on-climate-action,parsed
Habitat for Humanity’s Solar Barn Raising at Historic Mascot Flats,official-week,20260923,"04:00pm, Wednesday, September 23, 2026","04:00pm - 07:00pm, Wednesday, September 23, 2026",In-person,Private,The Solar Collaborative,United States,United States,built-environment; cities; environmental-justice; policy,https://luma.com/yyxwlyfl,https://www.climateweeknyc.org/event-search/habitat-for-humanitys-solar-barn-raising-at-historic-mascot-flats?hsLang=en,,English,habitat-for-humanitys-solar-barn-raising-at-historic-mascot-flats,parsed
Ground Truth as Infrastructure: The Business Case for Community-Powered MRV,official-week,20260923,"04:00pm, Wednesday, September 23, 2026","04:00pm - 05:00pm, Wednesday, September 23, 2026",In-person,Private,Solutions House,"Manhattan, New York, United States","Manhattan, New York, United States",cities,https://www.solutionshouse.net/new-york,https://www.climateweeknyc.org/event-search/ground-truth-as-infrastructure-the-business-case-for-community-powered-mrv?hsLang=en,1 hour,English,ground-truth-as-infrastructure-the-business-case-for-community-powered-mrv,parsed
Solutions Exist: Make Them the Default,official-week,20260923,"10:00am, Wednesday, September 23, 2026","10:00am - 11:00am, Wednesday, September 23, 2026",In-person,Private,Solutions House,"Manhattan, New York, United States","Manhattan, New York, United States",finance; health; technology-and-ai,https://www.solutionshouse.net/new-york,https://www.climateweeknyc.org/event-search/solutions-exist-make-them-the-default?hsLang=en,1 hour,English,solutions-exist-make-them-the-default,parsed
C3 Climate Week CUNY Research Expo,official-week,20260923,"02:00pm, Wednesday, September 23, 2026","02:00pm - 06:00pm, Wednesday, September 23, 2026",In-person,Public,"CUNY Climate Consortium, CUNY PIT Lab, NYC PIT Pop UP","Oculus World Trade Center Shop #53, South Concourse, Main Floor C2 185 Greenwich Street, Manhattan, New York, New York, 10006, United States","Oculus World Trade Center Shop #53, South Concourse, Main Floor C2 185 Greenwich Street, Manhattan, New York, New York, 10006, United States",cities,https://nycpitpopup.org/event/c3-climate-week-cuny-research-expo/,https://www.climateweeknyc.org/event-search/c3-climate-week-cuny-research-expo?hsLang=en,4 hours,English,c3-climate-week-cuny-research-expo,parsed
The Business Case for Community-Powered MRV,official-week,20260923,"04:00pm, Wednesday, September 23, 2026","04:00pm - 05:00pm, Wednesday, September 23, 2026",In-person,Private,Solutions House,"Manhattan, New York, United States","Manhattan, New York, United States",cities; finance,https://www.solutionshouse.net/new-york,https://www.climateweeknyc.org/event-search/the-business-case-for-community-powered-mrv?hsLang=en,1 hour,English,the-business-case-for-community-powered-mrv,parsed
Cooling in hotter environment - How NYC is Rethinking Heat Response,official-week,20260923,"03:30pm, Wednesday, September 23, 2026","03:30pm - 05:00pm, Wednesday, September 23, 2026",In-person,Public,NYC Emergency Management,"165 Cadman Plaza East, Brooklyn, Brooklyn, New York, 11201, United States","165 Cadman Plaza East, Brooklyn, Brooklyn, New York, 11201, United States",energy,https://www.eventbrite.com/e/cooling-in-hotter-environment-how-nyc-is-rethinking-heat-response-tickets-1994213784111?aff=oddtdtcreator&keep_tld=true,https://www.climateweeknyc.org/event-search/cooling-in-hotter-environment-how-nyc-is-rethinking-heat-response?hsLang=en,1 hour 30 minutes,English,cooling-in-hotter-environment-how-nyc-is-rethinking-heat-response,parsed
"Stewarding the AI Transition: Governance, Innovation and Long-Term Value",official-week,20260923,"08:00am, Wednesday, September 23, 2026","08:00am - 09:30am, Wednesday, September 23, 2026",In-person,Public,"US Sustainable Investment Forum , WeeFin & Franklin Templeton","Franklin Templeton Offices, One Madison Avenue, Manhattan, New York, New York, United States","Franklin Templeton Offices, One Madison Avenue, Manhattan, New York, New York, United States",technology-and-ai,https://resources-hubspot.weefin.co/stewarding-ai-transition-roundtable,https://www.climateweeknyc.org/event-search/stewarding-the-ai-transition-governance-innovation-and-long-term-value?hsLang=en,1 hour 30 minutes,English,stewarding-the-ai-transition-governance-innovation-and-long-term-value,parsed
Driving Positive Health Outcomes: Help Define a Road Map for Collective Action on Climate & Health,official-week,20260923,"02:00pm, Wednesday, September 23, 2026","02:00pm - 03:00pm, Wednesday, September 23, 2026",In-person,Private,Solutions House,"Manhattan, New York, United States","Manhattan, New York, United States",health,https://www.solutionshouse.net/new-york,https://www.climateweeknyc.org/event-search/driving-positive-health-outcomes-help-define-a-road-map-for-collective-action-on-climate-health?hsLang=en,1 hour,English,driving-positive-health-outcomes-help-define-a-road-map-for-collective-action-on-climate-health,parsed
Activate Your Spheres of Influence,official-week,20260923,"03:30pm, Wednesday, September 23, 2026","03:30pm - 05:30pm, Wednesday, September 23, 2026",In-person,Private,Solutions House,"Manhattan, New York, United States","Manhattan, New York, United States",finance; industry; policy,https://www.solutionshouse.net/new-york,https://www.climateweeknyc.org/event-search/activate-your-spheres-of-influence?hsLang=en,2 hours,English,activate-your-spheres-of-influence,parsed
From Readiness to Recovery: Frontline Solutions and Partnerships for Climate Resilience,official-week,20260923,"10:00am, Wednesday, September 23, 2026","10:00am - 11:00am, Wednesday, September 23, 2026",In-person,Private,Solutions House,"Manhattan, New York, United States","Manhattan, New York, United States",health; nature,https://www.solutionshouse.net/new-york,https://www.climateweeknyc.org/event-search/from-readiness-to-recovery-frontline-solutions-and-partnerships-for-climate-resilience?hsLang=en,1 hour,English,from-readiness-to-recovery-frontline-solutions-and-partnerships-for-climate-resilience,parsed
From Beef to Reef: How Deforestation is Killing the Great Barrier Reef,official-week,20260923,"06:30pm, Wednesday, September 23, 2026","06:30pm - 09:30pm, Wednesday, September 23, 2026",In-person,Public,Co-hosted by The Australian Conservation Foundation and Mighty Earth,"The Atrium at Draught 55, 245 E. 55th St, Manhattan, New York, New York, 10022, United States","The Atrium at Draught 55, 245 E. 55th St, Manhattan, New York, New York, 10022, United States",food; nature,https://www.greenvelope.com/event/from-beef-to-reef-how-deforestation-is-killing-the-great-barrier-reef,https://www.climateweeknyc.org/event-search/from-beef-to-reef-how-deforestation-is-killing-the-great-barrier-reef?hsLang=en,3 hours,English,from-beef-to-reef-how-deforestation-is-killing-the-great-barrier-reef,parsed
A Postcard from the Future: The Heat Toll of the 2026–27 Super El Niño and What We Can Still Do,official-week,20260923,"01:00pm, Wednesday, September 23, 2026","01:00pm - 02:00pm, Wednesday, September 23, 2026",In-person,Public,University of Chicago Institute for Climate & Sustainable Growth,"Glasshouse on Bryant Park, 9th Floor, 54 West 40th St, Manhattan, New York, New York, 10018, United States","Glasshouse on Bryant Park, 9th Floor, 54 West 40th St, Manhattan, New York, New York, 10018, United States",energy; policy,https://web.cvent.com/event/a4ca007d-3993-45ed-87bb-3446ccbbe55c/register,https://www.climateweeknyc.org/event-search/a-postcard-from-the-future-the-heat-toll-of-the-202627-super-el-nino-and-what-we-can-still-do?hsLang=en,1 hour,English,a-postcard-from-the-future-the-heat-toll-of-the-202627-super-el-nino-and-what-we-can-still-do,parsed
IMPACT SUMMIT AMERICA | Impact Investing Conference for Asset Allocators,official-week,20260924,"11:30am, Thursday, September 24, 2026","11:30am - 05:30pm, Thursday, September 24, 2026",In-person,Private,Phenix Capital Group,"Harvard Club of New York City, 35 W 44th St, Manhattan, New York, New York, 10036, United States","Harvard Club of New York City, 35 W 44th St, Manhattan, New York, New York, 10036, United States",finance,https://impactevents.phenixcapitalgroup.com/impact-summit-america,https://www.climateweeknyc.org/event-search/impact-summit-america?hsLang=en,7 hours,English,impact-summit-america,parsed
Why Regenerative: Funding Regenerative Food Systems,official-week,20260924,"05:30pm, Thursday, September 24, 2026","05:30pm - 08:00pm, Thursday, September 24, 2026",In-person,Private,Why Regenerative,"873 Broadway, Manhattan, New York, New York, 10010, United States","873 Broadway, Manhattan, New York, New York, 10010, United States",food; health; nature,https://whyregenerative.com/climate-week,https://www.climateweeknyc.org/event-search/why-regenerative-funding-regenerative-food-systems?hsLang=en,2 hours 30 minutes,English,why-regenerative-funding-regenerative-food-systems,parsed
Why Regenerative: Regenerative Textiles Forum,official-week,20260924,"12:00pm, Thursday, September 24, 2026","12:00pm - 04:30pm, Thursday, September 24, 2026",In-person,Private,Why Regenerative,"873 Broadway, Manhattan, New York, New York, 10010, United States","873 Broadway, Manhattan, New York, New York, 10010, United States",cities; health; nature,https://whyregenerative.com/climate-week,https://www.climateweeknyc.org/event-search/regenerative-textiles-forum?hsLang=en,4 hours,English,regenerative-textiles-forum,parsed
Grids in Transition – US,official-week,20260924,"08:45am, Thursday, September 24, 2026","08:45am - 04:30pm, Thursday, September 24, 2026",In-person,Private,,"Manhattan, New York, New York, United States","Manhattan, New York, New York, United States",energy,https://web.cvent.com/event/f1b4230e-9fe2-4beb-96ff-d89044b96847/websitePage:5cc9f5c9-59c9-47e3-b5b6-520592dbf8e6,https://www.climateweeknyc.org/event-search/grids-in-transition-us?hsLang=en,One day,English,grids-in-transition-us,parsed
"Periods, Planet & Policy",official-week,20260924,"04:00pm, Thursday, September 24, 2026","04:00pm - 06:00pm, Thursday, September 24, 2026",Hybrid,Public,Aya Youth Alliance & CouldYou?,"45E, 22nd Street #19B (54th Floor), Manhattan, New York, New York, 10010, United States","45E, 22nd Street #19B (54th Floor), Manhattan, New York, New York, 10010, United States",energy; finance; policy,https://forms.office.com/r/mUk2G23h69?origin=lprLink,https://www.climateweeknyc.org/event-search/periods-planet-policy?hsLang=en,2 hours,English,periods-planet-policy,parsed
2026 Climate Capital Summit,official-week,20260924,"09:00am, Thursday, September 24, 2026","09:00am - 06:00pm, Thursday, September 24, 2026",In-person,Private,Equal Ventures,Input Physical Address,Input Physical Address,,https://luma.com/climate-capital-2026,https://www.climateweeknyc.org/event-search/2026-climate-capital-summit?hsLang=en,,English,2026-climate-capital-summit,parsed
"One Map, Five Decisions: Building a Common Operating Picture for Climate Resilience",official-week,20260924,"03:00pm, Thursday, September 24, 2026","03:00pm - 05:00pm, Thursday, September 24, 2026",In-person,Private,Cognizant,"55 Hudson Yards, Manhattan, NY, New York, 10001, United States","55 Hudson Yards, Manhattan, NY, New York, 10001, United States",built-environment; energy; finance,https://global.cognizant.com/l/297592/2026-07-15/2wpb2b,https://www.climateweeknyc.org/event-search/one-map-five-decisions-building-a-common-operating-picture-for-climate-resilience?hsLang=en,2 hours,English,one-map-five-decisions-building-a-common-operating-picture-for-climate-resilience,parsed
2026 Whale Watch and Dolphin Cruise,official-week,20260924,"02:00pm, Thursday, September 24, 2026","02:00pm - 05:30pm, Thursday, September 24, 2026",In-person,Public,Riverkeeper,"2027 Emmons Ave, Brooklyn, Brooklyn, New York, 11235, United States","2027 Emmons Ave, Brooklyn, Brooklyn, New York, 11235, United States",nature,https://www.riverkeeper.org/news-and-events/events/whale-watch-and-dolphin-cruise-2026,https://www.climateweeknyc.org/event-search/2026-whale-watch-and-dolphin-cruise?hsLang=en,4 hours,English,2026-whale-watch-and-dolphin-cruise,parsed
Food Tank at Climate Week NYC: Acting at the Speed of Crisis: Challenges & Opportunities for Food Security Rapid Response,official-week,20260924,"01:30pm, Thursday, September 24, 2026","01:30pm - 04:30pm, Thursday, September 24, 2026",Hybrid,Private,"Food Tank, RAAPID, and Arrell Food Institute","44 Charlton St, Manhattan, New York, New York, 10014, United States","44 Charlton St, Manhattan, New York, New York, 10014, United States",food; health; policy,https://www.eventbrite.com/e/climate-week-nyc-acting-at-the-speed-of-crisis-tickets-1993941488668?aff=oddtdtcreator,https://www.climateweeknyc.org/event-search/food-tank-at-climate-week-nyc-acting-at-the-speed-of-crisis-challenges-opportunities-for-food-security-rapid-response?hsLang=en,3 hours,English,food-tank-at-climate-week-nyc-acting-at-the-speed-of-crisis-challenges-opportunities-for-food-security-rapid-response,parsed
Food Tank at Climate Week NYC: Chefs Save the World,official-week,20260924,"09:00am, Thursday, September 24, 2026","09:00am - 12:00pm, Thursday, September 24, 2026",Hybrid,Private,"Food Tank, The James Beard Foundation, and CARE International","44 Charlton St, Manhattan, New York, New York, 10014, United States","44 Charlton St, Manhattan, New York, New York, 10014, United States",cities; food; industry,https://www.eventbrite.com/e/climate-week-nyc-chefs-save-the-world-tickets-1993943768487?aff=oddtdtcreator,https://www.climateweeknyc.org/event-search/food-tank-at-climate-week-nyc-chefs-save-the-world?hsLang=en,3 hours,English,food-tank-at-climate-week-nyc-chefs-save-the-world,parsed
Food Tank at Climate Week NYC: Marion Nestle’s 90th Birthday Party,official-week,20260924,"06:30pm, Thursday, September 24, 2026","06:30pm - 09:30pm, Thursday, September 24, 2026",In-person,Private,"Food Tank, New York University, and Rodale Institute","44 Charlton St, Manhattan, New York, New York, 10014, United States","44 Charlton St, Manhattan, New York, New York, 10014, United States",cities; environmental-justice; food,https://www.eventbrite.com/e/climate-week-nyc-marion-nestles-90th-birthday-party-tickets-1993937464632?aff=oddtdtcreator&keep_tld=true,https://www.climateweeknyc.org/event-search/food-tank-at-climate-week-nyc-marion-nestles-90th-birthday-party?hsLang=en,3 hours,English,food-tank-at-climate-week-nyc-marion-nestles-90th-birthday-party,parsed
​Port Powerhouse: Ports powering a climate-positive economy,official-week,20260924,"08:30am, Thursday, September 24, 2026","08:30am - 02:30pm, Thursday, September 24, 2026",Hybrid,Public,High Ambition Climate Collective,"Manhattan, New York, New York, United States","Manhattan, New York, New York, United States",energy; finance; industry,https://luma.com/1imw4eyv,https://www.climateweeknyc.org/event-search/port-powerhouse-ports-powering-a-climate-positive-economy?hsLang=en,One day,English,port-powerhouse-ports-powering-a-climate-positive-economy,parsed
Preparing for Emerging Mobility: Autonomous Vehicles and Mobility Horizons,official-week,20260924,"03:00pm, Thursday, September 24, 2026","03:00pm - 05:00pm, Thursday, September 24, 2026",In-person,Public,The NYU Rudin Center and the Parking Reform Network,"Main Event Space, 105 E 17th St, Manhattan, New York, New York, 10003, United States","Main Event Space, 105 E 17th St, Manhattan, New York, New York, 10003, United States",cities; technology-and-ai; transport-and-travel,https://luma.com/parking-bfim,https://www.climateweeknyc.org/event-search/preparing-for-emerging-mobility-autonomous-vehicles-and-mobility-horizons?hsLang=en,2 hours,English,preparing-for-emerging-mobility-autonomous-vehicles-and-mobility-horizons,parsed
Beyond the Bottleneck: Financing the Grid America Needs Now,official-week,20260924,"04:30pm, Thursday, September 24, 2026","04:30pm - 06:00pm, Thursday, September 24, 2026",In-person,Private,The Arthur L. Irving Institute for Energy and Society at Dartmouth,"50 Vanderbilt Avenue, Manhattan, New York, New York, 10017, United States","50 Vanderbilt Avenue, Manhattan, New York, New York, 10017, United States",energy,https://climate.dartmouth.edu/news-events/climate-week-new-york-city-2026,https://www.climateweeknyc.org/event-search/beyond-the-bottleneck-financing-the-grid-america-needs-now?hsLang=en,1 hour 30 minutes,English,beyond-the-bottleneck-financing-the-grid-america-needs-now,parsed
Bubble or Breakthrough: How Capital Shapes the Energy Transition,official-week,20260924,"02:30pm, Thursday, September 24, 2026","02:30pm - 04:30pm, Thursday, September 24, 2026",In-person,Private,Arthur L. Irving Institute for Energy and Society at Dartmouth,"50 Vanderbilt Avenue, Manhattan, New York, New York, 10017, United States","50 Vanderbilt Avenue, Manhattan, New York, New York, 10017, United States",energy,https://climate.dartmouth.edu/news-events/climate-week-new-york-city-2026,https://www.climateweeknyc.org/event-search/bubble-or-breakthrough-how-capital-shapes-the-energy-transition?hsLang=en,1 hour 30 minutes,English,bubble-or-breakthrough-how-capital-shapes-the-energy-transition,parsed
Climate Week NYC: Daisies Craft @ Richmond Hill Library - QPL,official-week,20260924,"04:30pm, Thursday, September 24, 2026","04:30pm - 05:30pm, Thursday, September 24, 2026",In-person,Public,Queens Public Library,"11814 Hillside Ave., Queens, Richmond Hill, New York, 11418, United States","11814 Hillside Ave., Queens, Richmond Hill, New York, 11418, United States",nature,,https://www.climateweeknyc.org/event-search/climate-week-nyc-daisies-craft-richmond-hill-library-qpl?hsLang=en,1 hour,English,climate-week-nyc-daisies-craft-richmond-hill-library-qpl,parsed
The Energy Transition Deferred: Dr. Jesse Jenkins On The Race For More Power,official-week,20260924,"06:00pm, Thursday, September 24, 2026","06:00pm - 08:00pm, Thursday, September 24, 2026",In-person,Public,SOSV,"370 7th Avenue, Manhattan, New York, New York, 10001, United States","370 7th Avenue, Manhattan, New York, New York, 10001, United States",energy; food; health,https://luma.com/ek5kwae4,https://www.climateweeknyc.org/event-search/sosv-deep-tech-live-with-a-deep-tech-expert?hsLang=en,2 hours,English,sosv-deep-tech-live-with-a-deep-tech-expert,parsed
Climate Week NYC: Benefits of an Urban Forest @ Ridgewood Library - QPL,official-week,20260924,"06:00pm, Thursday, September 24, 2026","06:00pm - 07:00pm, Thursday, September 24, 2026",In-person,Public,Department of Environmental Conservation (DEC) at Queens Public Library (QPL),"2002 Madison St., Queens, Ridgewood, New York, 11385, United States","2002 Madison St., Queens, Ridgewood, New York, 11385, United States",cities; nature; policy,,https://www.climateweeknyc.org/event-search/climate-week-nyc-benefits-of-an-urban-forest-ridgewood-library-qpl?hsLang=en,1 hour,English,climate-week-nyc-benefits-of-an-urban-forest-ridgewood-library-qpl,parsed
"The Future of Energy, Innovation, and Environmental Leadership - Vanderbilt @ NYCW",official-week,20260924,"01:00pm, Thursday, September 24, 2026","01:00pm - 07:00pm, Thursday, September 24, 2026",In-person,Public,Vanderbilt University,"440 W. 21st St, Manhattan, New York, New York, 10011, United States","440 W. 21st St, Manhattan, New York, New York, 10011, United States",cities; energy; policy,https://forms.cloud.microsoft/r/uLAcJCuWfF,https://www.climateweeknyc.org/event-search/the-future-of-energy-innovation-and-environmental-leadership-vanderbilt-nycw?hsLang=en,6 hours,English,the-future-of-energy-innovation-and-environmental-leadership-vanderbilt-nycw,parsed
Make it count. Measuring Impact in Urban Regeneration,official-week,20260924,"12:00pm, Thursday, September 24, 2026","12:00pm - 01:30pm, Thursday, September 24, 2026",Virtual,Public,"Near spa benefit, Milano, Italy",Online,Online,built-environment; cities; finance,https://climateweeknyc2026.eventbrite.it/,https://www.climateweeknyc.org/event-search/make-it-count-measuring-impact-in-urban-regeneration?hsLang=en,1 hour 30 minutes,English,make-it-count-measuring-impact-in-urban-regeneration,parsed
Are AI Datacenters a Threat to our Clean Energy Future? Local & Global Perspectives,official-week,20260924,"02:30pm, Thursday, September 24, 2026","02:30pm - 04:00pm, Thursday, September 24, 2026",In-person,Public,Pratt Institute's Sustainable Environmental Systems Program,"144 West 14th Street, Manhattan, New York, New York, United States","144 West 14th Street, Manhattan, New York, New York, United States",energy; environmental-justice; technology-and-ai,https://events.humanitix.com/are-ai-datacenters-a-threat-to-our-clean-energy-future-local-and-global-perspectives,https://www.climateweeknyc.org/event-search/are-ai-datacenters-a-threat-to-our-clean-energy-future-local-global-perspectives?hsLang=en,1 hour 30 minutes,English,are-ai-datacenters-a-threat-to-our-clean-energy-future-local-global-perspectives,parsed
Climate Week NYC: Become a Citizen Scientist! @ Rosedale Library - QPL,official-week,20260924,"04:00pm, Thursday, September 24, 2026","04:00pm - 05:00pm, Thursday, September 24, 2026",In-person,Public,Queens Public Library,"14420 243rd St., Queens, Rosedale, New York, 11422, United States","14420 243rd St., Queens, Rosedale, New York, 11422, United States",nature,,https://www.climateweeknyc.org/event-search/climate-week-nyc-become-a-citizen-scientist-rosedale-library-qpl?hsLang=en,1 hour,English,climate-week-nyc-become-a-citizen-scientist-rosedale-library-qpl,parsed
"Climate Week NYC: Plants, Animals, People: Climate Change in NYC - QPL",official-week,20260924,"06:00pm, Thursday, September 24, 2026","06:00pm - 07:00pm, Thursday, September 24, 2026",Virtual,Public,Queens Public Library,Online,Online,cities; environmental-justice; nature,,https://www.climateweeknyc.org/event-search/climate-week-nyc-plants-animals-people-climate-change-in-nyc-qpl?hsLang=en,1 hour,English,climate-week-nyc-plants-animals-people-climate-change-in-nyc-qpl,parsed
Climate Solutions Investing: A Systems Perspective,official-week,20260924,"08:00am, Thursday, September 24, 2026","08:00am - 02:00pm, Thursday, September 24, 2026",In-person,Private,The Global Impact Investing Network (GIIN) and HSBC,Input Physical Address,Input Physical Address,energy; finance; nature,https://luma.com/ywk36rzi,https://www.climateweeknyc.org/event-search/climate-solutions-investing-a-systems-perspective?hsLang=en,,English,climate-solutions-investing-a-systems-perspective,parsed
Free Central Park Bike Tour for Climate Week NYC 2,official-week,20260924,"11:00am, Thursday, September 24, 2026","11:00am - 01:00pm, Thursday, September 24, 2026",In-person,Public,Holland Bikes,"446 W54th Street, Manhattan, New York, New York, 10019, United States","446 W54th Street, Manhattan, New York, New York, 10019, United States",cities,https://fareharbor.com/embeds/book/hollandbikes-ny/items/595323/availability/2121335215/book/?full-items=yes,https://www.climateweeknyc.org/event-search/free-central-park-bike-tour-for-climate-week-nyc-2?hsLang=en,2 hours,English,free-central-park-bike-tour-for-climate-week-nyc-2,parsed
A closed-door dialogue on the future of digital services talent,official-week,20260924,"08:30am, Thursday, September 24, 2026","08:30am - 11:00am, Thursday, September 24, 2026",In-person,Private,GrandResolve,"Manhattan, New York","Manhattan, New York",industry; policy; technology-and-ai,https://luma.com/2lckhwli,https://www.climateweeknyc.org/event-search/a-closed-door-dialogue-on-the-future-of-digital-services-talent?hsLang=en,2 hours 30 minutes,English,a-closed-door-dialogue-on-the-future-of-digital-services-talent,parsed
Designed to Last: Building the Infrastructure Behind Clean Energy Capital,official-week,20260924,"09:00am, Thursday, September 24, 2026","09:00am - 11:00am, Thursday, September 24, 2026",In-person,Private,Justice Climate Fund,"Manhattan, New York, New York, United States","Manhattan, New York, New York, United States",energy; finance; health,https://luma.com/c4w8w2nt,https://www.climateweeknyc.org/event-search/designed-to-last-building-the-infrastructure-behind-clean-energy-capital?hsLang=en,2 hours,English,designed-to-last-building-the-infrastructure-behind-clean-energy-capital,parsed
Reducing Driving As Climate Action,official-week,20260924,"09:00am, Thursday, September 24, 2026","09:00am - 10:30am, Thursday, September 24, 2026",In-person,Public,Open Plans and the Parking Reform Network,"209 Joralemon St., Brooklyn, Brooklyn, New York, 11201, United States","209 Joralemon St., Brooklyn, Brooklyn, New York, 11201, United States",cities; policy; transport-and-travel,https://luma.com/parking-70cz,https://www.climateweeknyc.org/event-search/reducing-driving-as-climate-action?hsLang=en,2 hours,English,reducing-driving-as-climate-action,parsed
Re-Envisioning the Right of Way,official-week,20260924,"10:45am, Thursday, September 24, 2026","10:45am - 12:15pm, Thursday, September 24, 2026",In-person,Public,The Regional Plan Association and the Parking Reform Network,"209 Joralemon St., Brooklyn, Brooklyn, New York, 11201, United States","209 Joralemon St., Brooklyn, Brooklyn, New York, 11201, United States",cities; policy; transport-and-travel,https://luma.com/parking-xwus,https://www.climateweeknyc.org/event-search/re-envisioning-the-right-of-way?hsLang=en,1 hour 30 minutes,English,re-envisioning-the-right-of-way,parsed
Climate Week NYC: STEM Storytime & Experiment @ Long Island City Library - QPL,official-week,20260924,"03:00pm, Thursday, September 24, 2026","03:00pm - 04:00pm, Thursday, September 24, 2026",In-person,Public,Queens Public Library,"3744 21st St., Queens, Long Island City, New York, 11101, United States","3744 21st St., Queens, Long Island City, New York, 11101, United States",,,https://www.climateweeknyc.org/event-search/climate-week-nyc-stem-storytime-experiment-long-island-city-library-qpl?hsLang=en,1 hour,English,climate-week-nyc-stem-storytime-experiment-long-island-city-library-qpl,parsed
A Day of Culture & Heritage Action @ Climate Week NYC,official-week,20260924,"09:00am, Thursday, September 24, 2026","09:00am - 06:00pm, Thursday, September 24, 2026",Hybrid,Public,"Heritage Adapts!, with partners World Monuments Fund and Preserving Legacies","600 Fifth Avenue, Manhattan, New York, New York, 10020, United States","600 Fifth Avenue, Manhattan, New York, New York, 10020, United States",built-environment; cities; policy,https://act.heritageadapts.org/nycw,https://www.climateweeknyc.org/event-search/heritage-adapts-nycw?hsLang=en,One day,English,heritage-adapts-nycw,parsed
Flood Form NYC Stormwater Resilience Platform Release,official-week,20260924,"06:00pm, Thursday, September 24, 2026","06:00pm - 09:00pm, Thursday, September 24, 2026",In-person,Public,Field Form,"301 Douglass Street, Brooklyn, Brooklyn, New York, 11217, United States","301 Douglass Street, Brooklyn, Brooklyn, New York, 11217, United States",built-environment; cities; health,https://www.floodform.nyc/climate-week-launch,https://www.climateweeknyc.org/event-search/flood-form-nyc-stormwater-resilience-platform-release?hsLang=en,3 hours,English,flood-form-nyc-stormwater-resilience-platform-release,parsed
"Beyond Planting Trees: Designing the Urban Forest as Climate Infrastructure Designing, Funding, and Caring for NYC’s Living Infrastructure",official-week,20260924,"06:30pm, Thursday, September 24, 2026","06:30pm - 08:00pm, Thursday, September 24, 2026",In-person,Public,WXY,"25 Park Place, 5th Floor, Manhattan, New York, New York, 10007, United States","25 Park Place, 5th Floor, Manhattan, New York, New York, 10007, United States",cities; health; policy,https://mailchi.mp/wxystudio.com/2026climateweek,https://www.climateweeknyc.org/event-search/beyond-planting-trees-designing-the-urban-forest-as-climate-infrastructure-designing-funding-and-caring-for-nycs-living-infrastructure?hsLang=en,1 hour 30 minutes,English,beyond-planting-trees-designing-the-urban-forest-as-climate-infrastructure-designing-funding-and-caring-for-nycs-living-infrastructure,parsed
Can JREDD+ help companies meet supply chain goals?,official-week,20260924,"04:00pm, Thursday, September 24, 2026","04:00pm - 06:00pm, Thursday, September 24, 2026",In-person,Private,Accountability Framework initiative (AFi),,,food; nature,https://luma.com/AFi2026,https://www.climateweeknyc.org/event-search/can-jredd-help-companies-meet-supply-chain-goals?hsLang=en,2 hours,English,can-jredd-help-companies-meet-supply-chain-goals,parsed
"From Floodwaters to Future Planning: Lessons from Historical Streams, Ponds, and Flooding Events in Southeast Queens",official-week,20260924,"05:30pm, Thursday, September 24, 2026","05:30pm - 07:30pm, Thursday, September 24, 2026",In-person,Public,"NYC Emergency Management (NYCEM), New York Botanical Gardens (NYBG), Queens Public Library","89-11 Merrick Blvd, Queens, Jamaica, New York, 11434, United States","89-11 Merrick Blvd, Queens, Jamaica, New York, 11434, United States",built-environment; environmental-justice; nature,,https://www.climateweeknyc.org/event-search/from-floodwaters-to-future-planning-lessons-from-historical-streams-ponds-and-flooding-events-in-southeast-queens?hsLang=en,2 hours,English,from-floodwaters-to-future-planning-lessons-from-historical-streams-ponds-and-flooding-events-in-southeast-queens,parsed
Nature as Critical Climate Infrastructure: Launching a New Approach to Scaling Urban Nature-based Solutions in Cities,official-week,20260924,"01:30pm, Thursday, September 24, 2026","01:30pm - 03:00pm, Thursday, September 24, 2026",In-person,Public,Participants on the UbS in the Americas Report: Center for Regenerative Solutions - Urban Biodiversity Hub - Humboldt Institute - ICLEI Europe,"JM Kaplan Fund Offices, 71 W 23rd Street, Manhattan, NYC, New York, 10010, United States","JM Kaplan Fund Offices, 71 W 23rd Street, Manhattan, NYC, New York, 10010, United States",cities; health; policy,https://forms.gle/E3Xyjg2J9Z26JoMv9,https://www.climateweeknyc.org/event-search/nature-as-critical-climate-infrastructure-launching-a-new-approach-to-scaling-urban-nature-based-solutions-in-cities?hsLang=en,1 hour 30 minutes,English,nature-as-critical-climate-infrastructure-launching-a-new-approach-to-scaling-urban-nature-based-solutions-in-cities,parsed
Climate Week NYC: Digital Activism Tech Lab @ Central Library - QPL,official-week,20260924,"04:00pm, Thursday, September 24, 2026","04:00pm - 05:00pm, Thursday, September 24, 2026",In-person,Public,Queens Public Library,"89-11 Merrick Boulevard, Queens, Jamaica, New York, 11432, United States","89-11 Merrick Boulevard, Queens, Jamaica, New York, 11432, United States",environmental-justice; technology-and-ai,https://www.queenslibrary.org/calendar/climate-week-nyc-central-library-teen-center--digital-activism-tech-lab/001244-0726,https://www.climateweeknyc.org/event-search/climate-week-nyc-digital-activism-tech-lab-central-library-qpl?hsLang=en,1 hour,English,climate-week-nyc-digital-activism-tech-lab-central-library-qpl,parsed
Climate & Energy Challenges and Solutions in Puerto Rico,official-week,20260924,"10:00am, Thursday, September 24, 2026","10:00am - 05:00pm, Thursday, September 24, 2026",Hybrid,Public,"Hosted by Dr. Lourdes J. Rodríguez, CEO, David Rockefeller Fund","The Mertz Gilmore Foundation Meeting House - 218 East 18th Street, Manhattan, New York, New York, 10003, United States","The Mertz Gilmore Foundation Meeting House - 218 East 18th Street, Manhattan, New York, New York, 10003, United States",cities; energy; environmental-justice; health,https://forms.cloud.microsoft/Pages/ResponsePage.aspx?id=pf6-gQX3yEC78RyZ1LK48lFlMUrtz3lCv3wkTsv894pUNjFPMkM0WjdMOFVVR1lDVUZVNzRSMzFRRC4u,https://www.climateweeknyc.org/event-search/climate-energy-challenges-and-solutions-in-puerto-rico?hsLang=en,7 hours,"English, Spanish",climate-energy-challenges-and-solutions-in-puerto-rico,parsed
"Climate, Decoded: Digital Tools for Conservation and Community Resilience",official-week,20260924,"12:00pm, Thursday, September 24, 2026","12:00pm - 01:00pm, Thursday, September 24, 2026",Virtual,Public,SheCrypto and Women In Bitcoin + Blockchain Fund,Online,Online,cities; nature; technology-and-ai,https://www.shecrypto.org/p/climate-decoded-digital-tools-for,https://www.climateweeknyc.org/event-search/climate-decoded-digital-tools-for-conservation-and-community-resilience?hsLang=en,1 hour,English,climate-decoded-digital-tools-for-conservation-and-community-resilience,parsed
"Water Stories: From Story to Stewardship - Collective Work for Water with World Water Film Festival, Lo-TEK Institute & Brave Blue World Foundation",official-week,20260924,"05:00pm, Thursday, September 24, 2026","05:00pm - 08:00pm, Thursday, September 24, 2026",Film,Public,"World Water Film Festival, Lo-TEK Institute & Brave Blue World Foundation","reSOUND at HERO, Rockefeller Center 15 West 49th Street, Rink Level, Manhattan, New York, New York, 10020, United States","reSOUND at HERO, Rockefeller Center 15 West 49th Street, Rink Level, Manhattan, New York, New York, 10020, United States",built-environment; nature; policy,https://luma.com/tmax9ckc,https://www.climateweeknyc.org/event-search/water-stories-from-permission-to-wisdom-with-the-world-water-film-festival-lo-tek-institute-brave-blue-world-foundation?hsLang=en,3 hours,English,water-stories-from-permission-to-wisdom-with-the-world-water-film-festival-lo-tek-institute-brave-blue-world-foundation,parsed
Love and Fear in a Warming World,official-week,20260924,"12:00pm, Thursday, September 24, 2026","12:00pm - 01:30pm, Thursday, September 24, 2026",Virtual,Public,Climate Shift and Slam Out Loud,Online,Online,energy; health; technology-and-ai,https://forms.gle/QJjsrPPkoickBCv97,https://www.climateweeknyc.org/event-search/love-and-fear-in-a-warming-world?hsLang=en,1 hour 30 minutes,English,love-and-fear-in-a-warming-world,parsed
Trees Count at Prospect Park for Climate Week,official-week,20260924,"10:00am, Thursday, September 24, 2026","10:00am - 12:00pm, Thursday, September 24, 2026",In-person,Public,NYC Department of Parks and Recreation,"Prospect Park (Park Entrance by Washington Irving Memorial on Ocean Avenue), Brooklyn, Brooklyn, New York, 11225, United States","Prospect Park (Park Entrance by Washington Irving Memorial on Ocean Avenue), Brooklyn, Brooklyn, New York, 11225, United States",cities; health; nature,https://www.nycgovparks.org/reg/trees-count/20376,https://www.climateweeknyc.org/event-search/trees-count-at-prospect-park-for-climate-week?hsLang=en,2 hours,English,trees-count-at-prospect-park-for-climate-week,parsed
Scaling Nature Positive Solutions,official-week,20260924,"11:30am, Thursday, September 24, 2026","11:30am - 12:00pm, Thursday, September 24, 2026",In-person,Public,Wildlife Conservation Network (WCN0,"North Javits Center, 445 11th Ave, Manhattan, New York, New York, 10001, United States","North Javits Center, 445 11th Ave, Manhattan, New York, New York, 10001, United States",environmental-justice; health; nature,https://www.thenestclimatecampus.com/session/scaling-nature-positive-solutions,https://www.climateweeknyc.org/event-search/scaling-nature-positive-solutions?hsLang=en,30 minutes,English,scaling-nature-positive-solutions,parsed
Reimagining Mangroves and the Blue Economy in Panama,official-week,20260924,"06:00pm, Thursday, September 24, 2026","06:00pm - 08:00pm, Thursday, September 24, 2026",In-person,Public,"Worldview Development USA, in partnership with Worldview International Foundation","10th Floor 15 West 39th Street, Manhattan, New York, New York, 10018, United States","10th Floor 15 West 39th Street, Manhattan, New York, New York, 10018, United States",cities; nature,https://www.worldviewusa.org/rsvp,https://www.climateweeknyc.org/event-search/reimagining-mangroves-and-the-blue-economy-in-panama?hsLang=en,2 hours,English,reimagining-mangroves-and-the-blue-economy-in-panama,parsed
Making the Invisible Visible: New Insights on Inequality as Business Risk,official-week,20260924,"04:00pm, Thursday, September 24, 2026","04:00pm - 06:30pm, Thursday, September 24, 2026",In-person,Private,TISFD and BNP Paribas Asset Management,"787 Seventh Avenue, Manhattan, New York City, New York, 10019, United States","787 Seventh Avenue, Manhattan, New York City, New York, 10019, United States",finance; industry; policy,https://www.tisfd.org/,https://www.climateweeknyc.org/event-search/measuring-what-matters-tisfd-framework-introduction-bnpp-amcisl-research-insights?hsLang=en,2 hours 30 minutes,English,measuring-what-matters-tisfd-framework-introduction-bnpp-amcisl-research-insights,parsed
Resilience from the Ground Up: Care Systems as Climate Infrastructure in Local Governments,official-week,20260924,"06:00pm, Thursday, September 24, 2026","06:00pm - 08:00pm, Thursday, September 24, 2026",In-person,Public,"Instituto Alziras, Frente Nacional de Prefeitas e Prefeitos (FNP), Observatory on Latin America - The New School","Klein Room at 66 W.12th Street, Manhattan, New York, New York, 10011, United States","Klein Room at 66 W.12th Street, Manhattan, New York, New York, 10011, United States",cities,https://bit.ly/4z9LpHa,https://www.climateweeknyc.org/event-search/care-as-climate-infrastructure-the-invisible-part-of-urban-resilience?hsLang=en,2 hours,"English, Portuguese",care-as-climate-infrastructure-the-invisible-part-of-urban-resilience,parsed
Rooted in Sovereignty: Indigenous Leadership Across Forested and Urban Landscapes,official-week,20260924,"04:00pm, Thursday, September 24, 2026","04:00pm - 06:00pm, Thursday, September 24, 2026",In-person,Private,American Forests,"Manhattan, Midtown East, New York","Manhattan, Midtown East, New York",environmental-justice; health; nature,https://americanforests.carrd.co/#indigenousleadership,https://www.climateweeknyc.org/event-search/rooted-in-sovereignty-indigenous-leadership-across-forested-and-urban-landscapes?hsLang=en,2 hours,English,rooted-in-sovereignty-indigenous-leadership-across-forested-and-urban-landscapes,parsed
Driving inclusive action for climate-induced loss and damage,official-week,20260924,"10:00am, Thursday, September 24, 2026","10:00am - 11:30am, Thursday, September 24, 2026",In-person,Public,Santiago Network,"151 W 30TH, 3RD FL, NEW YORK, New York, NY 10001, United States","151 W 30TH, 3RD FL, NEW YORK, New York, NY 10001, United States",environmental-justice; policy,https://unops.zoom.us/meeting/register/12AEWAPiScKuY7JITMwItA,https://www.climateweeknyc.org/event-search/driving-inclusive-action-for-climate-induced-loss-and-damage?hsLang=en,1 hour 30 minutes,English,driving-inclusive-action-for-climate-induced-loss-and-damage,parsed
"New York Energy Transition Roundtable: Evaluating Pathways for a Reliable, Affordable, Low-Carbon Grid",official-week,20260924,"01:30pm, Thursday, September 24, 2026","01:30pm - 03:30pm, Thursday, September 24, 2026",In-person,Private,"Clean Air Task Force (CATF), Cornell Atkinson Center for Sustainability, State University of New York at Binghamton",,,energy; policy,https://atkinson.cornell.edu/projects/nyc-climate-week/,https://www.climateweeknyc.org/event-search/new-york-energy-transition-roundtable-evaluating-pathways-for-a-reliable-affordable-low-carbon-grid?hsLang=en,2 hours,English,new-york-energy-transition-roundtable-evaluating-pathways-for-a-reliable-affordable-low-carbon-grid,parsed
New Climate Futures,official-week,20260924,"11:00am, Thursday, September 24, 2026","11:00am - 08:00pm, Thursday, September 24, 2026",In-person,Public,Newlab,"19 Morris Ave, Brooklyn, Brooklyn, New York, 11205, United States","19 Morris Ave, Brooklyn, Brooklyn, New York, 11205, United States",built-environment; cities; energy; environmental-justice; health; nature; policy; technology-and-ai,https://www.eventbrite.com/e/new-climate-futures-tickets-1993698712518?aff=oddtdtcreator,https://www.climateweeknyc.org/event-search/new-climate-futures?hsLang=en,One day,English,new-climate-futures,parsed
AI and the Clean Energy Transition: A Working Roundtable,official-week,20260924,"11:00am, Thursday, September 24, 2026","11:00am - 01:00pm, Thursday, September 24, 2026",In-person,Private,Cornell Atkinson Center for Sustainability,,,energy; technology-and-ai,https://atkinson.cornell.edu/projects/nyc-climate-week/,https://www.climateweeknyc.org/event-search/ai-and-the-clean-energy-transition-a-working-roundtable?hsLang=en,2 hours,English,ai-and-the-clean-energy-transition-a-working-roundtable,parsed
Battery Circularity: Scaling Opportunity Across a Growing Energy Storage Landscape,official-week,20260924,"10:00am, Thursday, September 24, 2026","10:00am - 12:00pm, Thursday, September 24, 2026",In-person,Private,"Cornell Atkinson Center for Sustainability, EPRI, New York Battery and Energy Storage Technology Consortium (NY-BEST), Cornell Duffield Engineering, NSF Energy Storage Engine in Upstate NY",Input Physical Address,Input Physical Address,energy; industry; policy,https://atkinson.cornell.edu/projects/nyc-climate-week/,https://www.climateweeknyc.org/event-search/battery-circularity-scaling-opportunity-across-a-growing-energy-storage-landscape?hsLang=en,2 hours,English,battery-circularity-scaling-opportunity-across-a-growing-energy-storage-landscape,parsed
Implementing Circularity in Interior Design: Connecting the Dots,official-week,20260924,"04:30pm, Thursday, September 24, 2026","04:30pm - 07:00pm, Thursday, September 24, 2026",In-person,Public,Center for Circularity in Interior Design & IIDA NY,"MillerKnoll Showroom, 251 Park Avenue South, 9th Floor, Manhattan, New York, New York, 10010, United States","MillerKnoll Showroom, 251 Park Avenue South, 9th Floor, Manhattan, New York, New York, 10010, United States",built-environment,https://circularinteriordesign.org/index.php/upcoming-events/,https://www.climateweeknyc.org/event-search/implementing-circularity-in-interior-design-connecting-the-dots?hsLang=en,2 hours 30 minutes,English,implementing-circularity-in-interior-design-connecting-the-dots,parsed
No Implementation without Equality: Women as the Foundation of the Future of Climate Multilateralism,official-week,20260924,"10:15am, Thursday, September 24, 2026","10:15am - 11:15am, Thursday, September 24, 2026",In-person,Public,"GWL Voices, Plataforma CIPÓ","866 United Nations Plaza #120 (Bahá'í International Community Offices), Manhattan, New York, New York, 10017, United States","866 United Nations Plaza #120 (Bahá'í International Community Offices), Manhattan, New York, New York, 10017, United States",finance; policy,https://www.eventbrite.com/e/no-implementation-without-equality-tickets-1998746797476?aff=oddtdtcreator,https://www.climateweeknyc.org/event-search/no-implementation-without-equality-women-as-the-foundation-of-the-future-of-climate-multilateralism?hsLang=en,1 hour,English,no-implementation-without-equality-women-as-the-foundation-of-the-future-of-climate-multilateralism,parsed
Climate Justice Wins: What Recent Legal Victories Mean for What Comes Next,official-week,20260924,"06:30pm, Thursday, September 24, 2026","06:30pm - 08:00pm, Thursday, September 24, 2026",Hybrid,Public,"American Bar Association Section of Environment, Energy, and Resources (SEER), Climate Change Committee","435 West 116th Street (Jerome Greene Hall, Room 104), Manhattan, New York, New York, 10027, United States","435 West 116th Street (Jerome Greene Hall, Room 104), Manhattan, New York, New York, 10027, United States",environmental-justice; policy,https://forms.gle/xUfDGcmeKQnL9gh57,https://www.climateweeknyc.org/event-search/climate-justice-wins-what-recent-legal-victories-mean-for-what-comes-next?hsLang=en,1 hour 30 minutes,English,climate-justice-wins-what-recent-legal-victories-mean-for-what-comes-next,parsed
Maritime Action: Accelerating Innovation and Efficiency in North American Shipping,official-week,20260924,"02:30pm, Thursday, September 24, 2026","02:30pm - 06:30pm, Thursday, September 24, 2026",In-person,Public,Blue Sky Maritime Coalition,"Manhattan, New York, United States","Manhattan, New York, United States",transport-and-travel,https://www.bluesky-maritime.org/event-details/maritime-action-accelerating-innovation-and-efficiency-in-north-american-shipping-1,https://www.climateweeknyc.org/event-search/maritime-action-with-blue-sky-accelerating-innovation-and-efficiency-in-north-american-shipping?hsLang=en,4 hours,English,maritime-action-with-blue-sky-accelerating-innovation-and-efficiency-in-north-american-shipping,parsed
"Watts in, Watts out: An architect’s path to energy system decarbonization",official-week,20260924,"09:00am, Thursday, September 24, 2026","09:00am - 11:00am, Thursday, September 24, 2026",In-person,Public,"AIA NY Committee on the Environment, HKS Architects, Consortium for Sustainable Urbanization","Center for Architecture, 536 Laguardia Place, Manhattan, New York, New York, 10012, United States","Center for Architecture, 536 Laguardia Place, Manhattan, New York, New York, 10012, United States",built-environment; cities; energy,https://calendar.aiany.org/2026/09/24/watts-in-watts-out-an-architects-path-to-energy-system-decarbonization/,https://www.climateweeknyc.org/event-search/watts-in-watts-out-an-architects-path-to-energy-system-decarbonization?hsLang=en,2 hours,English,watts-in-watts-out-an-architects-path-to-energy-system-decarbonization,parsed
Decarbonizing an Icon: Lessons from the Empire State Building,official-week,20260924,"10:45am, Thursday, September 24, 2026","10:45am - 01:00pm, Thursday, September 24, 2026",In-person,Private,,"Empire State Building, 350 5th Avenue, 54th floor, New York, NY 10118, New York, New York, United States","Empire State Building, 350 5th Avenue, 54th floor, New York, NY 10118, New York, New York, United States",built-environment,https://events.corgan.com/smartenergycoalitioncorgan,https://www.climateweeknyc.org/event-search/decarbonizing-an-icon-lessons-from-the-empire-state-building?hsLang=en,2 hours,English,decarbonizing-an-icon-lessons-from-the-empire-state-building,parsed
Network and Learn with RLC: The Future of Tech in Food Rescue,official-week,20260924,"06:15pm, Thursday, September 24, 2026","06:15pm - 08:00pm, Thursday, September 24, 2026",In-person,Public,Rescuing Leftover Cuisine,"25 Broadway, Floor 12, Manhattan, New York, New York, 10004, United States","25 Broadway, Floor 12, Manhattan, New York, New York, 10004, United States",energy; health; technology-and-ai,https://www.eventbrite.com/e/network-and-learn-with-rlc-the-future-of-tech-in-food-rescue-tickets-1997156285211,https://www.climateweeknyc.org/event-search/network-and-learn-with-rlc-the-role-of-tech-in-surplus-food-rescue?hsLang=en,1 hour 30 minutes,English,network-and-learn-with-rlc-the-role-of-tech-in-surplus-food-rescue,parsed
The Central Role of Young People in the Climate Movement,official-week,20260924,"01:30pm, Thursday, September 24, 2026","01:30pm - 03:30pm, Thursday, September 24, 2026",In-person,Public,Sustaining All Life,"12 East 41st Street, 7th Floor, Manhattan, Manhattan, New York, 10017, United States","12 East 41st Street, 7th Floor, Manhattan, Manhattan, New York, 10017, United States",environmental-justice,http://sal.rc.org/workshop/young,https://www.climateweeknyc.org/event-search/the-central-role-of-young-people-in-the-climate-movement?hsLang=en,2 hours,English,the-central-role-of-young-people-in-the-climate-movement,parsed
The Intersection of Climate Change and Racism in the Southern US,official-week,20260924,"10:00am, Thursday, September 24, 2026","10:00am - 12:00pm, Thursday, September 24, 2026",In-person,Public,Sustaining All Life,"12 East 41st Street, 7th Floor, Manhattan, Manhattan, New York, 10017, United States","12 East 41st Street, 7th Floor, Manhattan, Manhattan, New York, 10017, United States",environmental-justice,http://sal.rc.org/workshop/southern,https://www.climateweeknyc.org/event-search/the-intersection-of-climate-change-and-racism-in-the-southern-us?hsLang=en,,English,the-intersection-of-climate-change-and-racism-in-the-southern-us,parsed
Immigrant Justice is Climate Justice,official-week,20260924,"01:30pm, Thursday, September 24, 2026","01:30pm - 03:30pm, Thursday, September 24, 2026",In-person,Public,Sustaining All Life,"12 East 41st Street, 7th Floor, Manhattan, Manhattan, New York, 10017, United States","12 East 41st Street, 7th Floor, Manhattan, Manhattan, New York, 10017, United States",environmental-justice,https://www.rc.org/workshop/immigrantjustice,https://www.climateweeknyc.org/event-search/immigrant-justice-is-climate-justice?hsLang=en,2 hours,"English, Spanish",immigrant-justice-is-climate-justice,parsed
The Sustainable Cities Summit,official-week,20260924,"12:00pm, Thursday, September 24, 2026","12:00pm - 05:00pm, Thursday, September 24, 2026",In-person,Public,"TYLin, Introba, Currie & Brown, Perkins & Will, Sidara","New York City Economic Development Corporation (NYCEDC) One Liberty Plaza, 165 Broadway,, Manhattan, New York, New York, 10006, United States","New York City Economic Development Corporation (NYCEDC) One Liberty Plaza, 165 Broadway,, Manhattan, New York, New York, 10006, United States",built-environment; cities; energy,,https://www.climateweeknyc.org/event-search/the-sustainable-cities-summit?hsLang=en,5 hours,English,the-sustainable-cities-summit,parsed
From climate pathways to action: Next-Generation future climate information for resilience,official-week,20260924,"11:30am, Thursday, September 24, 2026","11:30am - 01:00pm, Thursday, September 24, 2026",Virtual,Public,CMCC Foundation,Online,Online,cities; environmental-justice; policy,https://cmcc-it.zoom.us/webinar/register/WN_zwRqNGUhQ1O597j8EZRgoQ,https://www.climateweeknyc.org/event-search/from-climate-pathways-to-action-next-generation-future-climate-information-for-resilience?hsLang=en,1 hour 30 minutes,English,from-climate-pathways-to-action-next-generation-future-climate-information-for-resilience,parsed
"Power, Permitting, and Progress: Navigating Today’s Data Center Challenges",official-week,20260924,"08:30am, Thursday, September 24, 2026","08:30am - 11:00am, Thursday, September 24, 2026",In-person,,Arnold & Porter,,,built-environment; energy,https://comms.arnoldporter.com/64/7220/landing-pages/accept-decline--blank-.asp,https://www.climateweeknyc.org/event-search/power-permitting-and-progress-navigating-todays-data-center-challenges?hsLang=en,,English,power-permitting-and-progress-navigating-todays-data-center-challenges,parsed
Riverside Park South Exclusive Preview,official-week,20260924,"10:00am, Thursday, September 24, 2026","10:00am - 11:00am, Thursday, September 24, 2026",In-person,Private,Arbor Day Foundation,,,cities; health; nature,https://www.arborday.org/corporate-partnerships/riversideparksouth-exclusivepreview,https://www.climateweeknyc.org/event-search/riverside-park-south-exclusive-preview?hsLang=en,1 hour,English,riverside-park-south-exclusive-preview,parsed
GCSE Climate Solutions Exchange,official-week,20260924,"06:00pm, Thursday, September 24, 2026","06:00pm - 08:00pm, Thursday, September 24, 2026",In-person,Public,Global Council for Science and the Environment (GCSE),"61 Guernsey St, Brooklyn, Brooklyn, New York, 11222, United States","61 Guernsey St, Brooklyn, Brooklyn, New York, 11222, United States",industry; nature; policy,https://www.gcseglobal.org/event-details/gcse-climate-solutions-exchange,https://www.climateweeknyc.org/event-search/gcse-climate-solutions-exchange?hsLang=en,2 hours,English,gcse-climate-solutions-exchange,parsed
Book launch - The New Merchants of Doubt: The corporate playbook of Big Meat and Dairy to Undermine Climate Action,official-week,20260924,"04:45pm, Thursday, September 24, 2026","04:45pm - 08:00pm, Thursday, September 24, 2026",In-person,Private,Changing Markets Foundation and Worldshapers,"197 East Broadway, Manhattan, New York, New York, NY 10002, United States","197 East Broadway, Manhattan, New York, New York, NY 10002, United States",health,https://docs.google.com/forms/d/e/1FAIpQLSeWpYZxjcPQNnC1o97LRmMt_XAbHTrfjhNgpaQlOJe5DQxytw/viewform?usp=publish-editor,https://www.climateweeknyc.org/event-search/book-launch-the-new-merchants-of-doubt-the-corporate-playbook-of-big-meat-and-dairy-to-undermine-climate-action?hsLang=en,3 hours,English,book-launch-the-new-merchants-of-doubt-the-corporate-playbook-of-big-meat-and-dairy-to-undermine-climate-action,parsed
Affordable Resilience: Turning Climate Risk into Long-Term Value Through Adaptation and Investment,official-week,20260924,"09:00am, Thursday, September 24, 2026","09:00am - 11:00am, Thursday, September 24, 2026",In-person,Private,Arcadis & Jupiter Intelligence,"Manhattan, New York City, New York, 10279, United States","Manhattan, New York City, New York, 10279, United States",built-environment; finance; technology-and-ai,https://luma.com/81v3uh30,https://www.climateweeknyc.org/event-search/affordable-resilience-turning-climate-risk-into-long-term-value-through-adaptation-and-investment?hsLang=en,2 hours,English,affordable-resilience-turning-climate-risk-into-long-term-value-through-adaptation-and-investment,parsed
Net Impact Community Happy Hour at Bard College,official-week,20260924,"06:30pm, Thursday, September 24, 2026","06:30pm - 08:30pm, Thursday, September 24, 2026",In-person,Private,Net Impact and Bard College,United States,United States,cities; health,,https://www.climateweeknyc.org/event-search/net-impact-community-happy-hour-at-bard-college?hsLang=en,2 hours,English,net-impact-community-happy-hour-at-bard-college,parsed
"Freshfields x FTI @ Climate Week NYC: The Data Center Buildout – Sustainability, Power and Permission to Operate",official-week,20260924,"04:00pm, Thursday, September 24, 2026","04:00pm - 07:00pm, Thursday, September 24, 2026",In-person,Private,Freshfields LLP and FTI Consulting,"New York City, United States","New York City, United States",energy; policy; technology-and-ai,https://freshfields.eventogy.com/c/Freshfields-FTI-Climate-WeekNYC/registration,https://www.climateweeknyc.org/event-search/freshfields-x-fti-climate-week-nyc-the-data-center-buildout-sustainability-power-and-permission-to-operate?hsLang=en,3 hours,English,freshfields-x-fti-climate-week-nyc-the-data-center-buildout-sustainability-power-and-permission-to-operate,parsed
Volunteer Opportunity: City Harvest Rescued Food Repack—Thursday Afternoon,official-week,20260924,"02:00pm, Thursday, September 24, 2026","02:00pm - 04:30pm, Thursday, September 24, 2026",In-person,Public,City Harvest,"171 53rd Street, Brooklyn, Brooklyn, New York, 11232, United States","171 53rd Street, Brooklyn, Brooklyn, New York, 11232, United States",food,https://cityharvestvolunteers.civicore.com/index.php?section=indGpRegistrations&action=covidConditional&fwID=13547,https://www.climateweeknyc.org/event-search/volunteer-opportunity-city-harvest-rescued-food-repack?hsLang=en,2 hours 30 minutes,English,volunteer-opportunity-city-harvest-rescued-food-repack,parsed
From Climate Crisis to Climate Action: The Future of City Budgeting,official-week,20260924,"12:00pm, Thursday, September 24, 2026","12:00pm - 01:00pm, Thursday, September 24, 2026",Virtual,Public,Climate Solutions International,"To be Announced, Manhattan, New York, New York, 10007, United States","To be Announced, Manhattan, New York, New York, 10007, United States",built-environment; food; technology-and-ai,https://luma.com/9u0yuzlc,https://www.climateweeknyc.org/event-search/from-climate-crisis-to-climate-action-the-future-of-city-budgeting?hsLang=en,1 hour,English,from-climate-crisis-to-climate-action-the-future-of-city-budgeting,parsed
Education for Planetary Health - Innovations in Action,official-week,20260924,"01:00pm, Thursday, September 24, 2026","01:00pm - 02:30pm, Thursday, September 24, 2026",In-person,Public,"Education for Planetary Health Spotlight Winners: Compass Education, iLearnabout, Institute for Humane Education, LINK Education International","25 Broadway, Manhattan, New York, New York, 10004, United States","25 Broadway, Manhattan, New York, New York, 10004, United States",health,https://wkf.ms/468OXMq,https://www.climateweeknyc.org/event-search/education-for-planetary-health-innovations-in-action?hsLang=en,1 hour 30 minutes,English,education-for-planetary-health-innovations-in-action,parsed
Active Assets for Resilient Communities: Multi-benefit Climate Adaptation,official-week,20260924,"10:30am, Thursday, September 24, 2026","10:30am - 12:00pm, Thursday, September 24, 2026",In-person,Public,Regional Plan Association,"47-49 East 65th Street, New York, New York, 10065, United States","47-49 East 65th Street, New York, New York, 10065, United States",built-environment; cities; nature,https://www.eventbrite.com/e/active-assets-for-resilient-communities-multi-benefit-climate-adaptation-tickets-1997166270076?aff=oddtdtcreator,https://www.climateweeknyc.org/event-search/active-assets-for-resilient-communities-multi-benefit-climate-adaptation?hsLang=en,1 hour 30 minutes,English,active-assets-for-resilient-communities-multi-benefit-climate-adaptation,parsed
"Who Decides? Community Power, Urgency, and the Realities of Climate Decision-Making",official-week,20260924,"12:00pm, Thursday, September 24, 2026","12:00pm - 01:00pm, Thursday, September 24, 2026",Virtual,Public,Waterfront Alliance,Online,Online,environmental-justice; finance; policy,https://us02web.zoom.us/webinar/register/WN_hZzyRq3NTUWJ9Dn8g9DGRQ,https://www.climateweeknyc.org/event-search/who-decides-community-power-urgency-and-the-realities-of-climate-decision-making?hsLang=en,1 hour,English,who-decides-community-power-urgency-and-the-realities-of-climate-decision-making,parsed
"Breakthrough Journalism: Climate Stories, Collective Action",official-week,20260924,"10:30am, Thursday, September 24, 2026","10:30am - 12:30pm, Thursday, September 24, 2026",In-person,Private,"Pulitzer Center, in partnership with Columbia Journalism School","2950 Broadway, Manhattan, New York, New York, 10027, United States","2950 Broadway, Manhattan, New York, New York, 10027, United States",energy; finance; nature; policy,https://forms.gle/WopjTWYAFRsCPBHC6,https://www.climateweeknyc.org/event-search/breakthrough-journalism-climate-stories-collective-action?hsLang=en,2 hours,English,breakthrough-journalism-climate-stories-collective-action,parsed
Buildings and the Grid: Clipping the Wing of the Falcon Curve,official-week,20260924,"09:00am, Thursday, September 24, 2026","09:00am - 11:00am, Thursday, September 24, 2026",Hybrid,Public,Building Energy Exchange,"31 Chambers St. Suite 609, Manhattan, New York City, New York, 10007, United States","31 Chambers St. Suite 609, Manhattan, New York City, New York, 10007, United States",built-environment; energy,https://be-exchange.org/buildings-grid-clipping-the-falcon-wing/,https://www.climateweeknyc.org/event-search/buildings-and-the-grid-clipping-the-wing-of-the-falcon-curve?hsLang=en,2 hours,English,buildings-and-the-grid-clipping-the-wing-of-the-falcon-curve,parsed
Fashioning Impact: DEPLOY Founder's Talk Celebrating 20 years of Pioneering Circular Fashion,official-week,20260924,"10:00am, Thursday, September 24, 2026","10:00am - 11:00am, Thursday, September 24, 2026",In-person,Public,DEPLOY,"176 9th Avenue, Manhattan, New York, New York, 10011, United States","176 9th Avenue, Manhattan, New York, New York, 10011, United States",cities; policy,https://luma.com/apcx1bx5,https://www.climateweeknyc.org/event-search/fashioning-impact-deploy-founders-talk-celebrating-20-years-of-pioneering-circular-fashion?hsLang=en,1 hour,English,fashioning-impact-deploy-founders-talk-celebrating-20-years-of-pioneering-circular-fashion,parsed
Who Keeps the City Running at 45°C? Financing the Invisible Infrastructure of Climate-Resilient Cities.,official-week,20260924,"04:30pm, Thursday, September 24, 2026","04:30pm - 06:00pm, Thursday, September 24, 2026",In-person,Public,"WIEGO, Women in Informal Employment, Globalizing and Organizing","Vanderbilt Hall at NYU Law - 40 Washington Square South, Classroom 218, Manhattan, New York, New York, NY 10012, United States","Vanderbilt Hall at NYU Law - 40 Washington Square South, Classroom 218, Manhattan, New York, New York, NY 10012, United States",cities; health; policy,https://bit.ly/invisibleInfrastructure,https://www.climateweeknyc.org/event-search/who-keeps-the-city-running-at-45c-financing-the-invisible-infrastructure-of-climate-resilient-cities?hsLang=en,1 hour 30 minutes,English,who-keeps-the-city-running-at-45c-financing-the-invisible-infrastructure-of-climate-resilient-cities,parsed
Women in Waste: Turning Trash into Opportunity,official-week,20260924,"05:30pm, Thursday, September 24, 2026","05:30pm - 07:30pm, Thursday, September 24, 2026",Hybrid,Public,Building Energy Exchange,"31 Chambers St, Manhattan, New York, New York, 10007, United States","31 Chambers St, Manhattan, New York, New York, 10007, United States",built-environment; cities; industry,https://be-exchange.org/wise-women-in-waste/,https://www.climateweeknyc.org/event-search/women-in-waste-turning-trash-into-opportunity?hsLang=en,,English,women-in-waste-turning-trash-into-opportunity,parsed
"13th Annual Alumni in Energy Symposium ""Planning During a Turbulent Energy Transition""",official-week,20260924,"12:30pm, Thursday, September 24, 2026","12:30pm - 05:45pm, Thursday, September 24, 2026",Hybrid,Public,Vermont Law and Graduate School,"31 W 52nd - St Ste 1900, Manhattan, New York, New York, 10019, United States","31 W 52nd - St Ste 1900, Manhattan, New York, New York, 10019, United States",energy,https://nysba.org/events/institute-for-energy-and-the-environment-alumni-in-energy-symposium/,https://www.climateweeknyc.org/event-search/13th-annual-alumni-in-energy-symposium-planning-during-a-turbulent-energy-transition?hsLang=en,5 hours,English,13th-annual-alumni-in-energy-symposium-planning-during-a-turbulent-energy-transition,parsed
Volunteer Opportunity: City Harvest Rescued Food Repack—Thursday Morning,official-week,20260924,"10:00am, Thursday, September 24, 2026","10:00am - 12:30pm, Thursday, September 24, 2026",In-person,Public,City Harvest,"171 53rd Street, Brooklyn, Brooklyn, New York, 11232, United States","171 53rd Street, Brooklyn, Brooklyn, New York, 11232, United States",food,https://cityharvestvolunteers.civicore.com/index.php?section=indGpRegistrations&action=covidConditional&fwID=13350,https://www.climateweeknyc.org/event-search/volunteer-opportunity-city-harvest-rescued-food-repackthursday-morning?hsLang=en,2 hours 30 minutes,English,volunteer-opportunity-city-harvest-rescued-food-repackthursday-morning,parsed
SR Inc's Q3 Executive Symposium: Driving Sustainability Ambition from Software to Standards,official-week,20260924,"12:00pm, Thursday, September 24, 2026","12:00pm - 03:30pm, Thursday, September 24, 2026",Hybrid,Private,"Sustainability Roundtable, Inc.","Manhattan, New York, New York, United States","Manhattan, New York, New York, United States",energy; health; technology-and-ai,mailto:events@sustainround.com,https://www.climateweeknyc.org/event-search/sr-incs-q3-executive-symposium-driving-sustainability-ambition-from-software-to-standards?hsLang=en,3 hours,English,sr-incs-q3-executive-symposium-driving-sustainability-ambition-from-software-to-standards,parsed
"Financial Crime, Environmental Crime and Climate Change – Unpacking the Connections, Exposing the Risks",official-week,20260924,"09:30am, Thursday, September 24, 2026","09:30am - 11:00am, Thursday, September 24, 2026",In-person,Public,"Convened by The Sentry, the Center for Climate Crime Analysis (CCCA), and the Financial Accountability and Corporate Transparency (FACT) Coalition and hosted by New York University SPS’s Center for Global Affairs","60 Washington Square S (Shorin Room 802), New York, New York, 10012, United States","60 Washington Square S (Shorin Room 802), New York, New York, 10012, United States",environmental-justice,https://docs.google.com/forms/d/e/1FAIpQLSffi2kMCeFdIzZmUn3c42LqXMbT9kTBpeFYJdfDMRm_wstJcQ/viewform,https://www.climateweeknyc.org/event-search/financial-crime-environmental-crime-and-climate-change-unpacking-the-connections-exposing-the-risks?hsLang=en,1 hour 30 minutes,English,financial-crime-environmental-crime-and-climate-change-unpacking-the-connections-exposing-the-risks,parsed
Governing the Wealth Transfer: Turning AI Tech Billions into Climate Reparations,official-week,20260924,"04:00pm, Thursday, September 24, 2026","04:00pm - 06:00pm, Thursday, September 24, 2026",In-person,Public,Taproot Earth,"New School, Wollman Hall, Eugene Lang Building, Room B500, 65 West 11th Street, Manhattan, New York, New York, 10011, United States","New School, Wollman Hall, Eugene Lang Building, Room B500, 65 West 11th Street, Manhattan, New York, New York, 10011, United States",environmental-justice; finance; technology-and-ai,https://secure.everyaction.com/phRZnmRjxEGX_Vr7gmF5gA2,https://www.climateweeknyc.org/event-search/governing-the-wealth-transfer-turning-ai-tech-billions-into-climate-reparations?hsLang=en,2 hours,English,governing-the-wealth-transfer-turning-ai-tech-billions-into-climate-reparations,parsed
Wildlife Trivia with Wild Tomorrow,official-week,20260924,"06:30pm, Thursday, September 24, 2026","06:30pm - 09:30pm, Thursday, September 24, 2026",In-person,Public,Wild Tomorrow,"Goldies Tavern 135 W 30th St, Manhattan, New York, New York, 10001, United States","Goldies Tavern 135 W 30th St, Manhattan, New York, New York, 10001, United States",nature,https://luma.com/pwn1tank,https://www.climateweeknyc.org/event-search/wildlife-trivia-with-wild-tomorrow?hsLang=en,2 hours,English,wildlife-trivia-with-wild-tomorrow,parsed
"Rooted in Faith: Action for Food, Health, and Climate Resilience",official-week,20260924,"04:00pm, Thursday, September 24, 2026","04:00pm - 06:00pm, Thursday, September 24, 2026",In-person,Public,"Bread for the World, Interfaith Public Health Network, Buddhist Tzu Chi Foundation, Mercy For Animals, Chilis on Wheels","229 E 60th St., Manhattan, New York, New York, 10022, United States","229 E 60th St., Manhattan, New York, New York, 10022, United States",cities; food; policy,https://luma.com/ehnjflul,https://www.climateweeknyc.org/event-search/rooted-in-faith-action-for-food-health-and-climate-resilience?hsLang=en,2 hours,English,rooted-in-faith-action-for-food-health-and-climate-resilience,parsed
"Climate Desk Live: AI, Energy, and Our Fight for Democracy and a Healthy, Affordable Future",official-week,20260924,"09:00am, Thursday, September 24, 2026","09:00am - 11:00am, Thursday, September 24, 2026",In-person,Public,"Mother Jones, Capital B, the Bulletin of the Atomic Scientists, and the Tishman Environment and Design Center","63 5th Avenue, Manhattan, New York, New York, 10003, United States","63 5th Avenue, Manhattan, New York, New York, 10003, United States",environmental-justice; health; technology-and-ai,https://event.newschool.edu/climateweek2026keynote,https://www.climateweeknyc.org/event-search/climate-desk-live-ai-energy-and-our-fight-for-democracy-and-a-healthy-affordable-future?hsLang=en,2 hours,"English, Spanish",climate-desk-live-ai-energy-and-our-fight-for-democracy-and-a-healthy-affordable-future,parsed
From Framework to Front Line: Advancing Housing Resilience and Affordability,official-week,20260924,"02:30pm, Thursday, September 24, 2026","02:30pm - 03:45pm, Thursday, September 24, 2026",In-person,Public,Regional Plan Association,"140 Broadway, 19th Floor, New York, New York, 10005, United States","140 Broadway, 19th Floor, New York, New York, 10005, United States",built-environment; cities; health,https://www.eventbrite.com/e/from-framework-to-front-line-advancing-housing-resilience-and-affordability-tickets-1998919877162?aff=oddtdtcreator,https://www.climateweeknyc.org/event-search/from-framework-to-front-line-advancing-housing-resilience-and-affordability?hsLang=en,,English,from-framework-to-front-line-advancing-housing-resilience-and-affordability,parsed
Nordic Summit: Resilient Cities - Decarbonizing the built Environment and Urban Electrification,official-week,20260924,"08:30am, Thursday, September 24, 2026","08:30am - 11:00am, Thursday, September 24, 2026",In-person,Private,"The Consulates General in New York City of Denmark, Finland, Norway, Sweden, and the Icelandic Chamber of Commerce","58 Park Avenue, Manhattan, New York, New York, 10016, United States","58 Park Avenue, Manhattan, New York, New York, 10016, United States",built-environment; cities; energy,https://forms.cloud.microsoft/e/cC5ufAZFzF,https://www.climateweeknyc.org/event-search/nordic-summit-resilient-cities-decarbonizing-the-built-environment-and-urban-electrification?hsLang=en,2 hours 30 minutes,English,nordic-summit-resilient-cities-decarbonizing-the-built-environment-and-urban-electrification,parsed
Sauna Diplomacy from Finland: Hot Ideas for a Circular Future,official-week,20260924,"03:00pm, Thursday, September 24, 2026","03:00pm - 05:00pm, Thursday, September 24, 2026",In-person,Private,Consulate General of Finland in New York,"Midtown, Manhattan, New York City, New York, 10011, United States","Midtown, Manhattan, New York City, New York, 10011, United States",industry; policy,https://www.lyyti.fi/reg/Sauna-Diplomacy-Apply-to-Attend,https://www.climateweeknyc.org/event-search/sauna-diplomacy-from-finland-hot-ideas-for-a-circular-future?hsLang=en,2 hours 30 minutes,English,sauna-diplomacy-from-finland-hot-ideas-for-a-circular-future,parsed
Our Brains on a Changing Planet,official-week,20260924,"10:00am, Thursday, September 24, 2026","10:00am - 12:00pm, Thursday, September 24, 2026",In-person,Public,Neuro Climate Working Group • New York University School of Global Public Health  • Columbia University Global Consortium on Climate and Health Education • Billion Minds Institute • George Mason University • Medical Society Consortium on Climate and Health,"708 Broadway, Manhattan, New York, New York, 10003, United States","708 Broadway, Manhattan, New York, New York, 10003, United States",cities; environmental-justice; health,https://luma.com/p52axoj8,https://www.climateweeknyc.org/event-search/our-brains-on-a-changing-planet?hsLang=en,2 hours,English,our-brains-on-a-changing-planet,parsed
Go! Running with Travalyst (3km brisk walk or 5km jog),official-week,20260924,"07:00am, Thursday, September 24, 2026","07:00am - 08:30am, Thursday, September 24, 2026",In-person,Public,Go! Running & Travalyst,"New York, United States","New York, United States",cities; health; nature,https://luma.com/bwnp9qqh,https://www.climateweeknyc.org/event-search/go-running-with-travalyst?hsLang=en,1 hour 30 minutes,English,go-running-with-travalyst,parsed
Cold Capital - Beyond Power,official-week,20260924,"12:30pm, Thursday, September 24, 2026","12:30pm - 02:30pm, Thursday, September 24, 2026",In-person,Private,Green by Iceland,"25 W 55th Street, Manhattan, New York, New York, 10019, United States","25 W 55th Street, Manhattan, New York, New York, 10019, United States",built-environment; finance; technology-and-ai,https://share-eu1.hsforms.com/16jkhJ-ejRl2V1F1mmn3Pjw2eythf,https://www.climateweeknyc.org/event-search/cold-capital-beyond-power?hsLang=en,2 hours,English,cold-capital-beyond-power,parsed
Climate Week Roundtable & Panel Series hosted by AP & AP Fund for Journalism,official-week,20260924,"09:00am, Thursday, September 24, 2026","09:00am - 12:00pm, Thursday, September 24, 2026",Hybrid,Private,Associated Press,"200 Liberty Street, Manhattan, New York, New York, 10281, United States","200 Liberty Street, Manhattan, New York, New York, 10281, United States",energy; health; nature,https://www.eventbrite.com/e/1999110626699?aff=oddtdtcreator,https://www.climateweeknyc.org/event-search/climate-week-roundtable-panel-series-hosted-by-ap-ap-fund-for-journalism?hsLang=en,3 hours,English,climate-week-roundtable-panel-series-hosted-by-ap-ap-fund-for-journalism,parsed
The Yawanawa’s Live Concert,official-week,20260924,"06:30pm, Thursday, September 24, 2026","06:30pm - 09:30pm, Thursday, September 24, 2026",In-person,Public,Ofrenda Fest Foundation,"511 47th ave, Queens, Long Island city, New York, 11101, United States","511 47th ave, Queens, Long Island city, New York, 11101, United States",environmental-justice; nature; policy,https://www.ofrendafest.com/event-details/the-yawanawas-live-concert,https://www.climateweeknyc.org/event-search/the-yawanawas-live-concert?hsLang=en,3 hours,"English, Portuguese",the-yawanawas-live-concert,parsed
Debunking Battery Safety Myths,official-week,20260924,"02:00pm, Thursday, September 24, 2026","02:00pm - 03:00pm, Thursday, September 24, 2026",Virtual,Private,EnergyHub and FranklinWH,Online,Online,energy,https://energyhub.zoom.us/webinar/register/WN_dQqP2G-nRZerI55kBfTUhQ#/registration,https://www.climateweeknyc.org/event-search/debunking-battery-safety-myths?hsLang=en,1 hour,English,debunking-battery-safety-myths,parsed
Built Different: The Cities We Need,official-week,20260924,"06:00pm, Thursday, September 24, 2026","06:00pm - 08:00pm, Thursday, September 24, 2026",In-person,Public,"Swissnex, ETH Alumni Association","150 1st Ave, 4th Floor, Manhattan, New York, New York, 10009, United States","150 1st Ave, 4th Floor, Manhattan, New York, New York, 10009, United States",built-environment; cities,https://swissnex.org/boston/event/assembly-built-different/,https://www.climateweeknyc.org/event-search/built-different-the-cities-we-need?hsLang=en,2 hours,English,built-different-the-cities-we-need,parsed
Island(ing) Adaptations - Water Loops,official-week,20260924,"03:30pm, Thursday, September 24, 2026","03:30pm - 05:00pm, Thursday, September 24, 2026",In-person,Public,"Pratt Institute Graduate Architecture/Landscape Architecture and Urban Design, Co-Hosted with the NY Climate Exchange","Pratt School of Architecture, 63 St. James Place, Brooklyn, Brooklyn, New York, 11238, United States","Pratt School of Architecture, 63 St. James Place, Brooklyn, Brooklyn, New York, 11238, United States",built-environment; cities; policy,https://www.pratt.edu/events/ia-islanding-adaptations-water-loops/,https://www.climateweeknyc.org/event-search/islanding-adaptations-water-loops?hsLang=en,1 hour 30 minutes,English,islanding-adaptations-water-loops,parsed
The Critical Minerals Myth: Exposing the False Climate Narrative Behind the Mineral Rush,official-week,20260924,"12:00pm, Thursday, September 24, 2026","12:00pm - 01:00pm, Thursday, September 24, 2026",Virtual,Public,The Oakland Institute,Online,Online,energy; environmental-justice; industry,https://us02web.zoom.us/webinar/register/WN_TGcqANmATFqRXd1STgRK0g,https://www.climateweeknyc.org/event-search/the-critical-minerals-myth-exposing-the-false-climate-narrative-behind-the-mineral-rush?hsLang=en,1 hour,English,the-critical-minerals-myth-exposing-the-false-climate-narrative-behind-the-mineral-rush,parsed
Decarbonizing Everyday Life,official-week,20260924,"12:00pm, Thursday, September 24, 2026","12:00pm - 02:00pm, Thursday, September 24, 2026",In-person,Public,"Swissnex, Research Gallery","150 1st Ave, 4th Floor, Manhattan, New York, New York, 10009, United States","150 1st Ave, 4th Floor, Manhattan, New York, New York, 10009, United States",cities; industry,https://swissnex.org/boston/event/assembly-decarbonizing-everyday-life/,https://www.climateweeknyc.org/event-search/decarbonizing-everyday-life?hsLang=en,2 hours,English,decarbonizing-everyday-life,parsed
Constructing Equity in the Building Sector,official-week,20260924,"08:00am, Thursday, September 24, 2026","08:00am - 09:00am, Thursday, September 24, 2026",Virtual,Public,Global Buildings Performance Network (GBPN),Online,Online,built-environment; health,https://gbpn.org/constructing-equity-in-the-building-sector/,https://www.climateweeknyc.org/event-search/constructing-equity-in-the-building-sector?hsLang=en,1 hour,English,constructing-equity-in-the-building-sector,parsed
Frontline Resilience: Adapting Smallholder Agriculture to El Niño & Extreme Climate,official-week,20260924,"08:00am, Thursday, September 24, 2026","08:00am - 09:30am, Thursday, September 24, 2026",In-person,Public,Climate Action for Smallholders Coalition,"200 Park Avenue, New York, 10166","200 Park Avenue, New York, 10166",food; nature,https://share.hsforms.com/1rLqCKiFsTwOSmSdFybXeyQqnt1q,https://www.climateweeknyc.org/event-search/frontline-resilience-adapting-smallholder-agriculture-to-el-nino-extreme-climate?hsLang=en,1 hour 30 minutes,English,frontline-resilience-adapting-smallholder-agriculture-to-el-nino-extreme-climate,parsed
Designing Sustainable Energy Futures: Latest Research Insights on AI Data Centers & Integrated Food-Energy Systems,official-week,20260924,"02:00pm, Thursday, September 24, 2026","02:00pm - 03:00pm, Thursday, September 24, 2026",Virtual,Public,"Spandagos Lab, University of New Hampshire",Online,Online,energy; environmental-justice; technology-and-ai,https://events.teams.microsoft.com/event/f8b96a8b-1577-475a-9a4f-b2781e1175da@d6241893-512d-46dc-8d2b-be47e25f5666?source=copyLinkLegacyShareLinkDialog,https://www.climateweeknyc.org/event-search/designing-sustainable-energy-futures-latest-research-insights-on-ai-data-centers-integrated-food-energy-systems?hsLang=en,1 hour,English,designing-sustainable-energy-futures-latest-research-insights-on-ai-data-centers-integrated-food-energy-systems,parsed
Climate Week 9/24 TrashBlitz Cleanup - Central Park,official-week,20260924,"12:00pm, Thursday, September 24, 2026","12:00pm - 02:00pm, Thursday, September 24, 2026",In-person,Public,The 5 Gyres Institute,"Central Park, Manhattan, New York, New York","Central Park, Manhattan, New York, New York",cities; nature; policy,https://forms.gle/mxubUSNe7ULuMjR78,https://www.climateweeknyc.org/event-search/climate-week-924-trashblitz-cleanup-central-park?hsLang=en,2 hours,English,climate-week-924-trashblitz-cleanup-central-park,parsed
"From Possibility to Practice Advancing Climate Solutions in a Changing World. Featuring Eliza Barclay, NY Times & Joel Makower, Trellis",official-week,20260924,"11:30am, Thursday, September 24, 2026","11:30am - 02:00pm, Thursday, September 24, 2026",In-person,Public,"Master of Climate Solutions, UC Berkeley","Lincoln Center Area, Manhattan, New York, New York, United States","Lincoln Center Area, Manhattan, New York, New York, United States",policy,https://luma.com/a1ck7utd,https://www.climateweeknyc.org/event-search/from-possibility-to-practice-advancing-climate-solutions-in-a-changing-world-featuring-eliza-barclay-ny-times-joel-makower-trellis?hsLang=en,2 hours 30 minutes,English,from-possibility-to-practice-advancing-climate-solutions-in-a-changing-world-featuring-eliza-barclay-ny-times-joel-makower-trellis,parsed
Resilience at scale: from risk data to real decisions,official-week,20260924,"01:30pm, Thursday, September 24, 2026","01:30pm - 06:00pm, Thursday, September 24, 2026",In-person,Private,Moody's,"7 World Trade Center, 250 Greenwich St, Manhattan, New York, New York, 10007, United States","7 World Trade Center, 250 Greenwich St, Manhattan, New York, New York, 10007, United States",,https://events.moodys.com/2026-mcu26434-climate-week-nyc,https://www.climateweeknyc.org/event-search/resilience-at-scale-from-risk-data-to-real-decisions?hsLang=en,5 hours,English,resilience-at-scale-from-risk-data-to-real-decisions,parsed
Who Gets to Fund the Future?,official-week,20260924,"10:00am, Thursday, September 24, 2026","10:00am - 12:00pm, Thursday, September 24, 2026",In-person,Public,"A Growing Culture, The Global South House, and FINAPOP","320 W. 37th Street (between 8th & 9th Avenues), Manhattan, New York, New York, 10018, United States","320 W. 37th Street (between 8th & 9th Avenues), Manhattan, New York, New York, 10018, United States",environmental-justice; finance; food,https://luma.com/tjn6j82a,https://www.climateweeknyc.org/event-search/who-gets-to-fund-the-future?hsLang=en,2 hours,"English, Portuguese",who-gets-to-fund-the-future,parsed
Rethinking Energy Security: How Middle Powers can Build a Pax Electricana,official-week,20260924,"06:00pm, Thursday, September 24, 2026","06:00pm - 07:30pm, Thursday, September 24, 2026",Hybrid,Public,Columbia Business School,"NY, New York, United States","NY, New York, United States",energy; policy,https://columbiasocialenterprise.org/civicrm/event/info?id=1093&reset=1,https://www.climateweeknyc.org/event-search/rethinking-energy-security-how-middle-powers-can-build-a-pax-electricana?hsLang=en,1 hour 30 minutes,English,rethinking-energy-security-how-middle-powers-can-build-a-pax-electricana,parsed
From Insights to Action: Mainstreaming Nature-Positive Engineering Through Global Collaboration,official-week,20260924,"03:30pm, Thursday, September 24, 2026","03:30pm - 05:00pm, Thursday, September 24, 2026",In-person,Public,"International Coalition for Sustainable Infrastructure (ICSI), Lloyd’s Register Foundation, WWF-US / GRID Programme","Please register your interest to see the exact location of this event., Manhattan, New York, New York, Please register your interest to see the exact location of this event., United States","Please register your interest to see the exact location of this event., Manhattan, New York, New York, Please register your interest to see the exact location of this event., United States",built-environment; health; nature,https://buytickets.at/internationalcoalitionforsustainableinfrastructure/2350680,https://www.climateweeknyc.org/event-search/from-insights-to-action-mainstreaming-nature-positive-engineering-through-global-collaboration?hsLang=en,1 hour 30 minutes,English,from-insights-to-action-mainstreaming-nature-positive-engineering-through-global-collaboration,parsed
Climate Week NYC Documentary Screening: River Restoration & Climate Resilience,official-week,20260924,"06:00pm, Thursday, September 24, 2026","06:00pm - 08:00pm, Thursday, September 24, 2026",In-person,Public,Save the Sound and Bronx River Alliance,"1490 Sheridan Blvd, The Bronx, Bronx, New York, 10459, United States","1490 Sheridan Blvd, The Bronx, Bronx, New York, 10459, United States",nature,https://www.savethesound.org/get-involved/events/climate-week-nyc-documentary-screening-river-restoration-climate-resilience/,https://www.climateweeknyc.org/event-search/climate-week-nyc-documentary-screening-river-restoration-climate-resilience?hsLang=en,2 hours,English,climate-week-nyc-documentary-screening-river-restoration-climate-resilience,parsed
Leslie Davenport's Transforming Climate Anxiety with Laura Carter Robinson,official-week,20260924,"07:00pm, Thursday, September 24, 2026","07:00pm - 08:30pm, Thursday, September 24, 2026",In-person,Public,"Recirculation, a project of Word Up Community Bookshop","876 Riverside Drive, Manhattan, New York, New York, 10032, United States","876 Riverside Drive, Manhattan, New York, New York, 10032, United States",energy,https://withfriends.co/event/29176268/leslie_davenports_transforming_climate_anxiety_with_laura_carter_robinson,https://www.climateweeknyc.org/event-search/leslie-davenports-transforming-climate-anxiety-with-laura-carter-robinson?hsLang=en,1 hour 30 minutes,English,leslie-davenports-transforming-climate-anxiety-with-laura-carter-robinson,parsed
Taking Flight: A Path to Cleaner Aviation by Targeting SAF,official-week,20260924,"08:30am, Thursday, September 24, 2026","08:30am - 10:00am, Thursday, September 24, 2026",In-person,Public,"Clean Air Task Force, Environmental Defense Fund","1535 Broadway, Manhattan, New York City, New York, 10036, United States","1535 Broadway, Manhattan, New York City, New York, 10036, United States",industry; transport-and-travel,https://give.catf.us/event/taking-flight-a-path-to-cleaner-aviation-by-targeting-saf/e836188,https://www.climateweeknyc.org/event-search/taking-flight-a-path-to-cleaner-aviation-by-targeting-saf?hsLang=en,1 hour 30 minutes,English,taking-flight-a-path-to-cleaner-aviation-by-targeting-saf,parsed
From Pilot to Normal: Scaling All-Electric Buildings in New York,official-week,20260924,"09:30am, Thursday, September 24, 2026","09:30am - 11:30am, Thursday, September 24, 2026",In-person,Private,Perkins Eastman & Rewiring America,"505 State Street, Brooklyn, New York, New York, 11217, United States","505 State Street, Brooklyn, New York, New York, 11217, United States",built-environment; energy; finance,https://luma.com/h4gwy84k,https://www.climateweeknyc.org/event-search/from-pilot-to-normal-scaling-all-electric-buildings-in-new-york?hsLang=en,2 hours,English,from-pilot-to-normal-scaling-all-electric-buildings-in-new-york,parsed
Protecting the Arctic National Wildlife Refuge from Oil and Gas Drilling,official-week,20260924,"01:00pm, Thursday, September 24, 2026","01:00pm - 02:00pm, Thursday, September 24, 2026",Virtual,Public,Green Century Capital Management,Online,Online,environmental-justice; finance; nature,https://www.greencentury.com/protecting-the-arctic-national-wildlife-refuge-webinar-registration-page/?utm_source=NYCW&utm_medium=EventsPage&utm_campaign=NYWCEventsListing,https://www.climateweeknyc.org/event-search/protecting-the-arctic-national-wildlife-refuge-from-oil-and-gas-drilling?hsLang=en,1 hour,English,protecting-the-arctic-national-wildlife-refuge-from-oil-and-gas-drilling,parsed
Partnering to Build a More Resilient Water Future,official-week,20260924,"08:30am, Thursday, September 24, 2026","08:30am - 10:30am, Thursday, September 24, 2026",In-person,Public,Arup and US Water Alliance,"140 Broadway, Manhattan, New York, New York, 10005, United States","140 Broadway, Manhattan, New York, New York, 10005, United States",cities,https://info.arup.com/3279-CWNYC-Water-Climate-Resilience_Register-Interest.html,https://www.climateweeknyc.org/event-search/partnering-to-build-a-more-resilient-water-future?hsLang=en,2 hours,English,partnering-to-build-a-more-resilient-water-future,parsed
Climate Defiance 4th Annual Climate Week Fundraiser,official-week,20260924,"05:30pm, Thursday, September 24, 2026","05:30pm - 08:30pm, Thursday, September 24, 2026",In-person,Public,Climate Defiance,"Manhattan, New York City, New York","Manhattan, New York City, New York",environmental-justice; policy,https://climatedefiance.givecloud.co/product/3CA7BCC/climate-defiance-fourth-annual-climate-week-dinner,https://www.climateweeknyc.org/event-search/climate-defiance-4th-annual-climate-week-fundraiser?hsLang=en,3 hours,English,climate-defiance-4th-annual-climate-week-fundraiser,parsed
"High Water, Low Visibility: Navigating Physical Climate Risk in Fixed Income",official-week,20260924,"02:00pm, Thursday, September 24, 2026","02:00pm - 04:00pm, Thursday, September 24, 2026",In-person,Public,US Sustainable Investment Forum & Canbury Insights & CFA Institute,"CFA Institute, 292 Madison Ave (btwn 40/41), Manhattan, New York, 10017, United States","CFA Institute, 292 Madison Ave (btwn 40/41), Manhattan, New York, 10017, United States",food,https://www.canbury.io/events/physical-climate-risk-fixed-income,https://www.climateweeknyc.org/event-search/high-water-low-visibility-navigating-physical-climate-risk-in-fixed-income?hsLang=en,1 hour 30 minutes,English,high-water-low-visibility-navigating-physical-climate-risk-in-fixed-income,parsed
Climate Week Executive Briefing: Quantifying EUDR Risk Across Complex Supply Chains,official-week,20260924,"10:00am, Thursday, September 24, 2026","10:00am - 10:45am, Thursday, September 24, 2026",Virtual,Public,IntegrityNext,Online,Online,industry; nature; policy,https://www.integritynext.com/resources/webinar/climate-week-executive-briefing-quantifying-eudr-risk-across-complex-supply-chains,https://www.climateweeknyc.org/event-search/climate-week-executive-briefing-quantifying-eudr-risk-across-complex-supply-chains?hsLang=en,1 hour,English,climate-week-executive-briefing-quantifying-eudr-risk-across-complex-supply-chains,parsed
Youth Climate Case Japan - An International Youth Dialogue,official-week,20260924,"02:00pm, Thursday, September 24, 2026","02:00pm - 03:30pm, Thursday, September 24, 2026",In-person,Public,Youth Climate Case Japan,"The New York Academy of Sciences - 115 Broadway, Manhattan, New York, New York, 10006, United States","The New York Academy of Sciences - 115 Broadway, Manhattan, New York, New York, 10006, United States",energy; environmental-justice; health,https://forms.gle/bzJTFm6uUmXo4Jrz6,https://www.climateweeknyc.org/event-search/youth-climate-case-japan-an-international-youth-dialogue?hsLang=en,1 hour 30 minutes,English,youth-climate-case-japan-an-international-youth-dialogue,parsed
Global Digital Public Goods for the Climate Crisis,official-week,20260924,"10:00am, Thursday, September 24, 2026","10:00am - 12:00pm, Thursday, September 24, 2026",In-person,Public,"CrisisReady at the Harvard Data Science Initiative, The GovLab, and NYU’s Center for Urban Science + Progress","444 Madison Ave, Manhattan, New York, New York, 10022, United States","444 Madison Ave, Manhattan, New York, New York, 10022, United States",health; technology-and-ai,https://share.hsforms.com/2cJmf_k2TS1ytOQCLQzZL-gr3qwk?most_recent_event_rsvp=recFGi5rQmvDUAPwE,https://www.climateweeknyc.org/event-search/global-digital-public-goods-for-the-climate-crisis?hsLang=en,2 hours,"Arabic, English",global-digital-public-goods-for-the-climate-crisis,parsed
The Economics of Clean Energy & Investment Symposium,official-week,20260924,"03:30pm, Thursday, September 24, 2026","03:30pm - 07:30pm, Thursday, September 24, 2026",In-person,Public,Climate Forum @ The Brant,"Solar One Environmental Education Center at Stuyvesant Cove Park, 800 FDR Drive Service Road East, Manhattan, New York, New York, 10009, United States","Solar One Environmental Education Center at Stuyvesant Cove Park, 800 FDR Drive Service Road East, Manhattan, New York, New York, 10009, United States",cities; energy; finance,https://www.eventbrite.com/e/climate-week-nyc-the-economics-of-clean-energy-investment-symposium-tickets-1997743043220,https://www.climateweeknyc.org/event-search/the-economics-of-clean-energy-investment-symposium?hsLang=en,4 hours,English,the-economics-of-clean-energy-investment-symposium,parsed
WATER–ENERGY NEXUS The Closed Budget: Who Draws From a Bankrupt Account?,official-week,20260924,"12:00pm, Thursday, September 24, 2026","12:00pm - 01:15pm, Thursday, September 24, 2026",In-person,Private,Future Food Institute,"Regen House, Loft 39, 38 West 39th Street, New York, New York, United States","Regen House, Loft 39, 38 West 39th Street, New York, New York, United States",energy; nature; policy,https://luma.com/ffi-water-energy-nexus-cwnyc26,https://www.climateweeknyc.org/event-search/waterenergy-nexus-the-closed-budget-who-draws-from-a-bankrupt-account?hsLang=en,1 hour 30 minutes,English,waterenergy-nexus-the-closed-budget-who-draws-from-a-bankrupt-account,parsed
Firebreaks: From Satellites to the Streets,official-week,20260924,"03:00pm, Thursday, September 24, 2026","03:00pm - 05:00pm, Thursday, September 24, 2026",In-person,Public,"Swissnex, Vitamin°C, Draper Associates, Goodwin Procter, Reciprocal","150 1st Ave, 4th Floor, Manhattan, New York, New York, 10009, United States","150 1st Ave, 4th Floor, Manhattan, New York, New York, 10009, United States",cities; health; nature,https://swissnex.org/boston/event/assembly-firebreaks/,https://www.climateweeknyc.org/event-search/firebreaks-from-satellites-to-the-streets?hsLang=en,2 hours,English,firebreaks-from-satellites-to-the-streets,parsed
Crash Course on NYC Building Energy Laws,official-week,20260924,"09:30am, Thursday, September 24, 2026","09:30am - 12:30pm, Thursday, September 24, 2026",Virtual,Public,CUNY Building Performance Lab,Online,Online,built-environment; energy; policy,https://events.humanitix.com/crash-course-on-nyc-building-energy-laws,https://www.climateweeknyc.org/event-search/crash-course-on-nyc-building-energy-laws?hsLang=en,3 hours,English,crash-course-on-nyc-building-energy-laws,parsed
Rooted in Joy: A Cultural Power Ride,official-week,20260924,"11:00am, Thursday, September 24, 2026","11:00am - 02:00pm, Thursday, September 24, 2026",In-person,Public,The Center for Cultural Power,"St. Nicholas Avenue & West 126th Street (citi bike dock), Manhattan, New York, New York, 10027, United States","St. Nicholas Avenue & West 126th Street (citi bike dock), Manhattan, New York, New York, 10027, United States",cities; energy; environmental-justice; finance; health; nature; transport-and-travel,https://partiful.com/e/yt6kDvMG6aRhWPcF7fbO?,https://www.climateweeknyc.org/event-search/rooted-in-joy-a-cultural-power-ride?hsLang=en,2 hours 30 minutes,English,rooted-in-joy-a-cultural-power-ride,parsed
From Vision to Action: Delivering Climate Resiliency Across NYC,official-week,20260924,"10:00am, Thursday, September 24, 2026","10:00am - 11:30am, Thursday, September 24, 2026",In-person,Public,HDR,"500 7th Avenue, 15th Floor, Manhattan, New York, New York, 10018, United States","500 7th Avenue, 15th Floor, Manhattan, New York, New York, 10018, United States",built-environment; cities,https://www.eventbrite.com/e/from-vision-to-action-delivering-climate-resiliency-across-nyc-in-person-tickets-1999616281125?aff=oddtdtcreator&keep_tld=true,https://www.climateweeknyc.org/event-search/from-vision-to-action-delivering-climate-resiliency-across-nyc?hsLang=en,1 hour 30 minutes,English,from-vision-to-action-delivering-climate-resiliency-across-nyc,parsed
"Labor, Climate & Public Power in the US",official-week,20260924,"02:00pm, Thursday, September 24, 2026","02:00pm - 04:00pm, Thursday, September 24, 2026",In-person,Public,"Trade Unions for Energy Democracy (TUED), CUNY School for Labor and Urban Studies (CUNY SLU)","25 W 43rd St 18th Floor, Manhattan, New York, New York, 10036, United States","25 W 43rd St 18th Floor, Manhattan, New York, New York, 10036, United States",energy; environmental-justice; health,https://luma.com/46ljy63o,https://www.climateweeknyc.org/event-search/labor-climate-public-power-in-the-us?hsLang=en,2 hours,English,labor-climate-public-power-in-the-us,parsed
TEST 2 04/09,official-week,20260924,"12:30pm, Thursday, September 24, 2026","12:30pm - 01:00pm, Thursday, September 24, 2026",In-person,Private,Emma Wilson Co.,Online,Online,health,https://www.climateweeknyc.org/?hsLang=en,https://www.climateweeknyc.org/event-search/test-2-0409?hsLang=en,30 minutes,English,test-2-0409,parsed
Indonesia Solar Investment Forum 2026,official-week,20260924,"01:00pm, Thursday, September 24, 2026","01:00pm - 05:00pm, Thursday, September 24, 2026",In-person,Public,SANARA Indonesia (Sustainability Network of Nusantara),"5 E 68th St, Consulate General of the Republic of Indonesia in New York, Manhattan, New York, New York, 10065, United States","5 E 68th St, Consulate General of the Republic of Indonesia in New York, Manhattan, New York, New York, 10065, United States",energy; finance; policy,https://luma.com/hpml01ar,https://www.climateweeknyc.org/event-search/indonesia-solar-investment-forum-2026?hsLang=en,4 hours,English,indonesia-solar-investment-forum-2026,parsed
"Participatory Mapping for Conservation, Rights, and Community Leadership",official-week,20260924,"10:00am, Thursday, September 24, 2026","10:00am - 11:30am, Thursday, September 24, 2026",In-person,Public,The Amazon Conservation Team,"Esri Offices 368 9th Avenue, Manhattan, New York, New York, 10001, United States","Esri Offices 368 9th Avenue, Manhattan, New York, New York, 10001, United States",health; nature; technology-and-ai,https://www.eventbrite.com/e/participatory-mapping-for-conservation-rights-and-community-leadership-tickets-1999726181841,https://www.climateweeknyc.org/event-search/participatory-mapping-for-conservation-rights-and-community-leadership?hsLang=en,1 hour 30 minutes,English,participatory-mapping-for-conservation-rights-and-community-leadership,parsed
Under Pressure: Sustainability Data in the Age of AI,official-week,20260924,"02:00pm, Thursday, September 24, 2026","02:00pm - 03:00pm, Thursday, September 24, 2026",Virtual,Public,Workiva,Online,Online,technology-and-ai,https://www.workiva.com/events/under-pressure-sustainability-data-age-ai?utm_segment=Sustainability-Management&utm_geo=North-America&utm_campaign=Sustainability-Broad-Coverage&utm_medium=Event&utm_type=Webinar&utm_content=Virtual&utm_source=Climate-Week&utm_solution=SUS,https://www.climateweeknyc.org/event-search/under-pressure-sustainability-data-in-the-age-of-ai?hsLang=en,1 hour,English,under-pressure-sustainability-data-in-the-age-of-ai,parsed
The Air They Breathe: How Curbing Climate Pollutants Helps Young Lungs and Brains,official-week,20260924,"01:30pm, Thursday, September 24, 2026","01:30pm - 03:00pm, Thursday, September 24, 2026",In-person,Public,Nevada Clinicians for Climate Action,"1120 Avenue of the Americas, Manhattan, New York, New York, 10036, United States","1120 Avenue of the Americas, Manhattan, New York, New York, 10036, United States",environmental-justice; health,https://form.jotform.com/262504500645046,https://www.climateweeknyc.org/event-search/the-air-they-breathe-how-curbing-climate-pollutants-helps-young-lungs-and-brains?hsLang=en,1 hour 30 minutes,English,the-air-they-breathe-how-curbing-climate-pollutants-helps-young-lungs-and-brains,parsed
Fiduciary Duty Has a Conscience: Building Climate and Social Justice into Fund Governance,official-week,20260924,"01:00pm, Thursday, September 24, 2026","01:00pm - 02:00pm, Thursday, September 24, 2026",In-person,Public,Okundaye Legal,"150 West 62nd Street, Manhattan, New York, New York, 10023, United States","150 West 62nd Street, Manhattan, New York, New York, 10023, United States",finance,https://luma.com/cwq45jee,https://www.climateweeknyc.org/event-search/fiduciary-duty-has-a-conscience-building-climate-and-social-justice-into-fund-governance?hsLang=en,1 hour,English,fiduciary-duty-has-a-conscience-building-climate-and-social-justice-into-fund-governance,parsed
From Regenerative Cities to Bioregional action: next phases of territorial transformation,official-week,20260924,"02:30pm, Thursday, September 24, 2026","02:30pm - 03:45pm, Thursday, September 24, 2026",In-person,Public,Tokyo Tatemono and Future Food Institute,"38 W 39th St, New York, NY 10018, Manhattan, New York, New York, 10018, United States","38 W 39th St, New York, NY 10018, Manhattan, New York, New York, 10018, United States",cities; food; policy,https://www.eventbrite.it/e/from-regenerative-cities-to-bioregional-action-next-phases-of-territorial-tickets-1997149153881?aff=oddtdtcreator,https://www.climateweeknyc.org/event-search/from-regenerative-cities-to-bioregional-action-next-phases-of-territorial-transformation?hsLang=en,2 hours,English,from-regenerative-cities-to-bioregional-action-next-phases-of-territorial-transformation,parsed
26th Annual Bicycle Film Festival,official-week,20260924,"06:00pm, Thursday, September 24, 2026","06:00pm - 10:30pm, Thursday, September 24, 2026",Film,Public,Bicycle Film Festival,"140 2nd Ave., Manhattan, New York, New York, 10003, United States","140 2nd Ave., Manhattan, New York, New York, 10003, United States",cities; nature; transport-and-travel,https://btt.boldtypetickets.com/events/186927112/bicycle-film-festival-new-york-2026,https://www.climateweeknyc.org/event-search/26th-annual-bicycle-film-festival?hsLang=en,Multiple days,English,26th-annual-bicycle-film-festival,parsed
A Global South Strategy Roundtable on Near-Term Climate Risk,official-week,20260924,"02:00pm, Thursday, September 24, 2026","02:00pm - 04:30pm, Thursday, September 24, 2026",In-person,Public,Healthy Climate Initiative,"547 West 27th Street, Suite 200, Manhattan, New York, New York, 10001, United States","547 West 27th Street, Suite 200, Manhattan, New York, New York, 10001, United States",environmental-justice; health; policy,https://luma.com/k7q4tnmg,https://www.climateweeknyc.org/event-search/a-global-south-strategy-roundtable-on-near-term-climate-risk?hsLang=en,2 hours 30 minutes,English,a-global-south-strategy-roundtable-on-near-term-climate-risk,parsed
"Creative Climate Forum IN CONVERSATION: Dismantling, Disrupting, and Deprogramming",official-week,20260924,"09:30am, Thursday, September 24, 2026","09:30am - 10:30am, Thursday, September 24, 2026",In-person,Public,Human Impacts Institute,"25 11th Avenue, Manhattan, New York, New York, 10011, United States","25 11th Avenue, Manhattan, New York, New York, 10011, United States",environmental-justice,https://www.eventbrite.com/e/morning-panel-dismantling-disrupting-and-deprogramming-tickets-1996258049564?aff=odcleoeventsincollection,https://www.climateweeknyc.org/event-search/creative-climate-forum-in-conversation-dismantling-disrupting-and-deprogramming?hsLang=en,1 hour,English,creative-climate-forum-in-conversation-dismantling-disrupting-and-deprogramming,parsed
From Our Warehouse to Your Kitchen: Behind-the-Scenes of a Brooklyn-based Climate-Tech Startup,official-week,20260924,"03:00pm, Thursday, September 24, 2026","03:00pm - 06:00pm, Thursday, September 24, 2026",In-person,Public,Electra,"333 Stagg Street, Brooklyn, Brooklyn, New York, 11206, United States","333 Stagg Street, Brooklyn, Brooklyn, New York, 11206, United States",built-environment; energy; health,https://luma.com/ggo97ezn,https://www.climateweeknyc.org/event-search/from-our-warehouse-to-your-kitchen-behind-the-scenes-of-a-brooklyn-based-climate-tech-startup?hsLang=en,3 hours,English,from-our-warehouse-to-your-kitchen-behind-the-scenes-of-a-brooklyn-based-climate-tech-startup,parsed
Creative Climate Happy Hour,official-week,20260924,"06:00pm, Thursday, September 24, 2026","06:00pm - 08:00pm, Thursday, September 24, 2026",In-person,Public,Human Impacts Institute,"25 11th Avenue, Manhattan, New York, New York, 10011, United States","25 11th Avenue, Manhattan, New York, New York, 10011, United States",environmental-justice,https://www.eventbrite.com/e/creative-climate-happy-hour-tickets-1996312459305?aff=odcleoeventsincollection,https://www.climateweeknyc.org/event-search/creative-climate-happy-hour?hsLang=en,2 hours,English,creative-climate-happy-hour,parsed
CRITICAL MINERALS: The Climate Materials Boom,official-week,20260924,"08:30am, Thursday, September 24, 2026","08:30am - 10:30am, Thursday, September 24, 2026",In-person,Private,"EARTH AI, Material Difference, and Planeteer Capital","55 5th Ave, New York,, New York, 10003","55 5th Ave, New York,, New York, 10003",energy; industry; technology-and-ai,https://luma.com/critical-minerals,https://www.climateweeknyc.org/event-search/critical-minerals-the-climate-materials-boom?hsLang=en,,English,critical-minerals-the-climate-materials-boom,parsed
"Creative Climate Forum Morning Walks — Dismantling, Disrupting, and Deprogramming",official-week,20260924,"11:00am, Thursday, September 24, 2026","11:00am - 12:30pm, Thursday, September 24, 2026",In-person,Public,Human Impacts Institute,"25 11th Avenue, Manhattan, New York, New York, 10011, United States","25 11th Avenue, Manhattan, New York, New York, 10011, United States",environmental-justice; policy,https://www.eventbrite.com/e/morning-walks-dismantling-disrupting-and-deprogramming-tickets-1996280557887?aff=odcleoeventsincollection,https://www.climateweeknyc.org/event-search/creative-climate-forum-morning-walks-dismantling-disrupting-and-deprogramming?hsLang=en,1 hour 30 minutes,English,creative-climate-forum-morning-walks-dismantling-disrupting-and-deprogramming,parsed
City Harvest Zero-Emission Ride Along,official-week,20260924,"11:00am, Thursday, September 24, 2026","11:00am - 01:00pm, Thursday, September 24, 2026",In-person,Public,"City Harvest, Volvo Trucks North America, and the Bronx Is Breathing","800 Food Center Dr, The Bronx, Bronx, New York, 10474, United States","800 Food Center Dr, The Bronx, Bronx, New York, 10474, United States",energy; food,https://docs.google.com/forms/d/e/1FAIpQLSdvI48q39Yh-QJys00ycsERxeDUL6GyUhny1YZObnw6yWTcrw/viewform?pli=1,https://www.climateweeknyc.org/event-search/city-harvest-zero-emission-ride-along?hsLang=en,2 hours,English,city-harvest-zero-emission-ride-along,parsed
"Creative Climate Forum IN CONVERSATION — Regenerating, Restoring, Reconnecting",official-week,20260924,"01:30pm, Thursday, September 24, 2026","01:30pm - 02:30pm, Thursday, September 24, 2026",In-person,Public,Human Impacts Institute,"25 11th Avenue, Manhattan, New York, New York, 10011, United States","25 11th Avenue, Manhattan, New York, New York, 10011, United States",,https://www.eventbrite.com/e/afternoon-panel-regenerating-restoring-reconnecting-tickets-1996284391353?aff=odcleoeventsincollection,https://www.climateweeknyc.org/event-search/creative-climate-forum-in-conversation-regenerating-restoring-reconnecting?hsLang=en,1 hour,English,creative-climate-forum-in-conversation-regenerating-restoring-reconnecting,parsed
Creative Climate Forum Morning Workshop - Cultural Strategies for Dismantling Colonial Narratives,official-week,20260924,"11:00am, Thursday, September 24, 2026","11:00am - 12:30pm, Thursday, September 24, 2026",In-person,Public,Human Impacts Institute,"25 11th Avenue, Manhattan, New York, New York, 10011, United States","25 11th Avenue, Manhattan, New York, New York, 10011, United States",,https://www.eventbrite.com/e/morning-workshop-cultural-strategies-for-dismantling-colonial-narratives-tickets-1996275488725?aff=odcleoeventsincollection,https://www.climateweeknyc.org/event-search/creative-climate-forum-morning-workshop-cultural-strategies-for-dismantling-colonial-narratives?hsLang=en,1 hour 30 minutes,English,creative-climate-forum-morning-workshop-cultural-strategies-for-dismantling-colonial-narratives,parsed
Creative Climate Forum,official-week,20260924,"09:00am, Thursday, September 24, 2026","09:00am - 08:00pm, Thursday, September 24, 2026",In-person,Public,Human Impacts Institute,"25 11th Avenue, Manhattan, New York, New York, 10011, United States","25 11th Avenue, Manhattan, New York, New York, 10011, United States",cities; environmental-justice; health,https://www.eventbrite.com/e/creative-climate-forum-full-day-access-tickets-1995478764702?aff=odcleoeventsincollection,https://www.climateweeknyc.org/event-search/creative-climate-forum?hsLang=en,One day,English,creative-climate-forum,parsed
"Creative Climate Forum Keynote and Closing — A Big, Bold, and Beautiful New World",official-week,20260924,"05:00pm, Thursday, September 24, 2026","05:00pm - 06:00pm, Thursday, September 24, 2026",In-person,Public,Human Impacts Institute,"25 11th Avenue, Manhattan, New York, New York, 10011, United States","25 11th Avenue, Manhattan, New York, New York, 10011, United States",cities; energy; environmental-justice; finance,https://www.eventbrite.com/e/keynote-and-closing-a-big-bold-and-beautiful-new-world-tickets-1996309483404?aff=odcleoeventsincollection,https://www.climateweeknyc.org/event-search/creative-climate-forum-keynote-and-closing-a-big-bold-and-beautiful-new-world?hsLang=en,1 hour,English,creative-climate-forum-keynote-and-closing-a-big-bold-and-beautiful-new-world,parsed
Creative Climate Forum Afternoon Workshop — Climate Storytelling in the Age of Disinformation,official-week,20260924,"03:00pm, Thursday, September 24, 2026","03:00pm - 04:30pm, Thursday, September 24, 2026",In-person,Public,Human Impacts Institute,"25 11th Avenue, Manhattan, New York, New York, 10011, United States","25 11th Avenue, Manhattan, New York, New York, 10011, United States",environmental-justice; policy; technology-and-ai,https://www.eventbrite.com/e/afternoon-workshop-climate-storytelling-in-the-age-of-disinformation-tickets-1996289481578?aff=odcleoeventsincollection,https://www.climateweeknyc.org/event-search/creative-climate-forum-afternoon-workshop-climate-storytelling-in-the-age-of-disinformation?hsLang=en,1 hour 30 minutes,English,creative-climate-forum-afternoon-workshop-climate-storytelling-in-the-age-of-disinformation,parsed
High-Level Leadership Roundtable for Tropical Agriculture,official-week,20260924,"03:00pm, Thursday, September 24, 2026","03:00pm - 05:00pm, Thursday, September 24, 2026",In-person,Public,FDC Business School and BrazilFoundation,"216 E 45th St, Suite 1106, New York – BrazilFoundation – New York Office, Manhattan, New York, New York, 10017, United States","216 E 45th St, Suite 1106, New York – BrazilFoundation – New York Office, Manhattan, New York, New York, 10017, United States",food; policy,https://forms.gle/t6hp4HvGjBt5szEM7,https://www.climateweeknyc.org/event-search/high-level-leadership-roundtable-for-tropical-agriculture?hsLang=en,2 hours,English,high-level-leadership-roundtable-for-tropical-agriculture,parsed
Creative Climate Forum Afternoon Workshop —  What About Our Kids?,official-week,20260924,"03:00pm, Thursday, September 24, 2026","03:00pm - 04:30pm, Thursday, September 24, 2026",In-person,Public,Human Impacts Institute,"25 11th Avenue, Manhattan, New York, New York, 10011, United States","25 11th Avenue, Manhattan, New York, New York, 10011, United States",cities; environmental-justice; nature,https://www.eventbrite.com/e/afternoon-workshop-cultural-narratives-of-connection-tickets-1996301494509?aff=odcleoeventsincollection,https://www.climateweeknyc.org/event-search/creative-climate-forum-afternoon-workshop-what-about-our-kids?hsLang=en,1 hour 30 minutes,English,creative-climate-forum-afternoon-workshop-what-about-our-kids,parsed
Creative Climate Forum Morning Workshop - Culture Igniting Change,official-week,20260924,"11:00am, Thursday, September 24, 2026","11:00am - 12:30pm, Thursday, September 24, 2026",In-person,Public,Human Impacts Institute,"25 11th Avenue, Manhattan, New York, New York, 10011, United States","25 11th Avenue, Manhattan, New York, New York, 10011, United States",environmental-justice; policy,https://www.eventbrite.com/e/morning-workshop-culture-igniting-change-tickets-1996259116756?aff=odcleoeventsincollection,https://www.climateweeknyc.org/event-search/creative-climate-forum-morning-workshop-culture-igniting-change?hsLang=en,1 hour 30 minutes,Wu Chinese,creative-climate-forum-morning-workshop-culture-igniting-change,parsed
"Creative Climate Forum IN CONVERSATION - Stories for a Changing World: How Media Builds a Love of Nature, Culture, and Community",official-week,20260924,"03:00pm, Thursday, September 24, 2026","03:00pm - 04:30pm, Thursday, September 24, 2026",In-person,Public,Human Impacts Institute,"25 11th Avenue, Manhattan, New York, New York, 10011, United States","25 11th Avenue, Manhattan, New York, New York, 10011, United States",environmental-justice; nature; policy,https://www.eventbrite.com/e/afternoon-walks-regenerating-restoring-reconnecting-tickets-1996304756265?aff=odcleoeventsincollection,https://www.climateweeknyc.org/event-search/creative-climate-forum-in-conversation-stories-for-a-changing-world-how-media-builds-a-love-of-nature-culture-and-community?hsLang=en,1 hour 30 minutes,English,creative-climate-forum-in-conversation-stories-for-a-changing-world-how-media-builds-a-love-of-nature-culture-and-community,parsed
"Climate & Care: Stretch, Movement & Journaling Session",official-week,20260925,"10:30am, Friday, September 25, 2026","10:30am - 12:00pm, Friday, September 25, 2026",In-person,Public,Climate Critical,"Manhattan, United States","Manhattan, United States",cities; energy; environmental-justice; finance; health; nature,https://www.eventbrite.com/e/climate-care-stretch-movement-journaling-session-tickets-1997513549799,https://www.climateweeknyc.org/event-search/climate-care-stretch-movement-journaling-session?hsLang=en,1 hour 30 minutes,English,climate-care-stretch-movement-journaling-session,parsed
Healing is an Inside Job: A Climate & Care Townhall,official-week,20260925,"02:00pm, Friday, September 25, 2026","02:00pm - 03:30pm, Friday, September 25, 2026",In-person,Public,Climate Critical,,,cities; health; nature,https://forms.gle/oxirvzGVJTmCaXh46,https://www.climateweeknyc.org/event-search/healing-is-an-inside-job-a-climate-care-townhall?hsLang=en,1 hour 30 minutes,French,healing-is-an-inside-job-a-climate-care-townhall,parsed
Scaling in Europe: Climate Tech and the Slovakia Advantage,official-week,20260925,"08:30am, Friday, September 25, 2026","08:30am - 11:00am, Friday, September 25, 2026",In-person,Public,"AmCham Slovakia, SARIO Slovak Investment and Trade Development Agency","167 E 73rd St, Manhattan, New York, New York, NY 10021, United States","167 E 73rd St, Manhattan, New York, New York, NY 10021, United States",industry,https://luma.com/kumhpfu1,https://www.climateweeknyc.org/event-search/scaling-in-europe-climate-tech-and-the-slovakia-advantage?hsLang=en,2 hours 30 minutes,English,scaling-in-europe-climate-tech-and-the-slovakia-advantage,parsed
US SIF 'Brunch-and-Learn': How AI Can Help Investors Navigate Interconnected Sustainability Risks,official-week,20260925,"09:00am, Friday, September 25, 2026","09:00am - 11:00am, Friday, September 25, 2026",In-person,Public,US SIF: The Sustainable Investment Forum,"50 Rockefeller Plaza, Suite 1600, Manhattan, New York, New York, 10020, United States","50 Rockefeller Plaza, Suite 1600, Manhattan, New York, New York, 10020, United States",finance; technology-and-ai,https://www.ussif.org/events-and-networking/nyc-climate-week-brunch-and-learn-how-ai-can-help-investors-navigate-interconnected-risks-through-systems-aware-investing,https://www.climateweeknyc.org/event-search/us-sif-brunch-and-learn-how-ai-can-help-investors-navigate-interconnected-sustainability-risks?hsLang=en,2 hours,English,us-sif-brunch-and-learn-how-ai-can-help-investors-navigate-interconnected-sustainability-risks,parsed
Vintage Furniture Store Hop by Home Swap Stories,official-week,20260925,"01:00pm, Friday, September 25, 2026","01:00pm - 05:00pm, Friday, September 25, 2026",In-person,Public,Home Swap Stories,"Multiple Locations, Brooklyn, Brooklyn, New York, United States","Multiple Locations, Brooklyn, Brooklyn, New York, United States",built-environment; cities,https://luma.com/x72v3kw4,https://www.climateweeknyc.org/event-search/vintage-furniture-store-hop-by-home-swap-stories?hsLang=en,4 hours,English,vintage-furniture-store-hop-by-home-swap-stories,parsed
The Future of the Grid: From Utility Infrastructure to End Users,official-week,20260925,"09:00am, Friday, September 25, 2026","09:00am - 10:30am, Friday, September 25, 2026",In-person,Public,"HearstLab, Buzz Solutions, Symbium and Scope Zero","300 W57th Street, Manhattan, New York, New York, 10019, United States","300 W57th Street, Manhattan, New York, New York, 10019, United States",built-environment; energy; technology-and-ai,https://luma.com/4ap7cgbs,https://www.climateweeknyc.org/event-search/the-future-of-the-grid-from-utility-infrastructure-to-end-users?hsLang=en,1 hour 30 minutes,English,the-future-of-the-grid-from-utility-infrastructure-to-end-users,parsed
AIANY Climate Change and Architecture Tour,official-week,20260925,"02:15pm, Friday, September 25, 2026","02:15pm - 05:00pm, Friday, September 25, 2026",In-person,Public,,"Classic Harbor Line - Chelsea Piers - Pier 62, Manhattan, New York, New York, 10011","Classic Harbor Line - Chelsea Piers - Pier 62, Manhattan, New York, New York, 10011",built-environment,https://sail-nyc.com/public-cruises/nyc-climate-change-boat-tour-on-manhattan/,https://www.climateweeknyc.org/event-search/aiany-climate-change-and-architecture-tour?hsLang=en,2 hours 30 minutes,English,aiany-climate-change-and-architecture-tour,parsed
Circular Economy & Green Finance  From Circular Materials to Climate Capital — Scaling Asia- U.S. Net-Zero Partnerships,official-week,20260925,"01:30pm, Friday, September 25, 2026","01:30pm - 06:30pm, Friday, September 25, 2026",Hybrid,,STUF,"800 Second Ave, Suite 804, New York NY, Manhattan, New York, United States","800 Second Ave, Suite 804, New York NY, Manhattan, New York, United States",cities; finance; industry,https://forms.gle/8N89bREs1yWNCwHN7,https://www.climateweeknyc.org/event-search/circular-economy-green-finance-from-circular-materials-to-climate-capital-scaling-asia-us-net-zero-partnerships?hsLang=en,,English,circular-economy-green-finance-from-circular-materials-to-climate-capital-scaling-asia-us-net-zero-partnerships,parsed
Food Tank at Climate Week NYC: The Future of Food Education,official-week,20260925,"01:30pm, Friday, September 25, 2026","01:30pm - 04:30pm, Friday, September 25, 2026",Hybrid,Private,Food Tank and Pilot Light,"44 Charlton St, Manhattan, New York, New York, 10014, United States","44 Charlton St, Manhattan, New York, New York, 10014, United States",cities; environmental-justice; food,https://www.eventbrite.com/e/climate-week-nyc-food-education-summit-tickets-1996507794558?aff=oddtdtcreator,https://www.climateweeknyc.org/event-search/food-tank-at-climate-week-nyc-food-education-summit?hsLang=en,3 hours,English,food-tank-at-climate-week-nyc-food-education-summit,parsed
Addressing the Cost of Climate Impact: Actions at the Scale of the City,official-week,20260925,"12:00pm, Friday, September 25, 2026","12:00pm - 02:00pm, Friday, September 25, 2026",Hybrid,Public,C40 Cities and Climate Solutions International,"31 Chambers Street, Suite 608, Manhattan, New York, New York, 10007, United States","31 Chambers Street, Suite 608, Manhattan, New York, New York, 10007, United States",built-environment; cities; food,https://luma.com/in53xk4h,https://www.climateweeknyc.org/event-search/addressing-the-cost-of-climate-impact-actions-at-the-scale-of-the-city?hsLang=en,,English,addressing-the-cost-of-climate-impact-actions-at-the-scale-of-the-city,parsed
The Nuclear Renaissance: Financing the Global Expansion,official-week,20260925,"08:30am, Friday, September 25, 2026","08:30am - 01:00pm, Friday, September 25, 2026",Hybrid,Public,"Fixed Income Analysts Society, Inc (FIASI) and Fordham University Gabelli School of Business","140 W 62nd St, Manhattan, New York, New York, 10023, United States","140 W 62nd St, Manhattan, New York, New York, 10023, United States",food,https://fiasi.org/events/event/2026-09-25-the-nuclear-renaissance-financing-the-global-expansion/,https://www.climateweeknyc.org/event-search/the-nuclear-renaissance-financing-the-global-expansion?hsLang=en,3 hours,English,the-nuclear-renaissance-financing-the-global-expansion,parsed
At first glance: How visualising climate can change the game,official-week,20260925,"10:00am, Friday, September 25, 2026","10:00am - 11:30am, Friday, September 25, 2026",Virtual,Public,CMCC Foundation,Online,Online,cities; environmental-justice; policy,https://cmcc-it.zoom.us/webinar/register/WN_3dGtjVDzQvak7vpqoWHeTA,https://www.climateweeknyc.org/event-search/at-first-glance-how-visualising-climate-can-change-the-game?hsLang=en,1 hour 30 minutes,English,at-first-glance-how-visualising-climate-can-change-the-game,parsed
Free Central Park Bike Tour for Climate Week NYC 3,official-week,20260925,"11:00am, Friday, September 25, 2026","11:00am - 01:00pm, Friday, September 25, 2026",In-person,Public,Holland Bikes,"446 W54th Street, Manhattan, New York, New York, 10019, United States","446 W54th Street, Manhattan, New York, New York, 10019, United States",cities,https://fareharbor.com/embeds/book/hollandbikes-ny/items/595323/availability/2121335217/book/?full-items=yes,https://www.climateweeknyc.org/event-search/free-central-park-bike-tour-for-climate-week-nyc-3?hsLang=en,2 hours,English,free-central-park-bike-tour-for-climate-week-nyc-3,parsed
Free Central Park Bike Tour for Climate Week NYC 9/25 - 2:00PM,official-week,20260925,"02:00pm, Friday, September 25, 2026","02:00pm - 04:00pm, Friday, September 25, 2026",In-person,Public,Holland Bikes,"446 W54th Street, Manhattan, New York, New York, 10019, United States","446 W54th Street, Manhattan, New York, New York, 10019, United States",cities,https://fareharbor.com/embeds/book/hollandbikes-ny/items/595323/availability/2121335218/book/?full-items=yes,https://www.climateweeknyc.org/event-search/free-central-park-bike-tour-for-climate-week-nyc-925-200pm?hsLang=en,2 hours,English,free-central-park-bike-tour-for-climate-week-nyc-925-200pm,parsed
"Global Forum on Circular Economy and Urban Resilience (Initiated by City of Yokohama, Japan)",official-week,20260925,"09:00am, Friday, September 25, 2026","09:00am - 04:00am, Friday, September 25, 2026",In-person,Public,City of Yokohama,"135 W 50th St, Manhattan, New York, New York, 10020, United States","135 W 50th St, Manhattan, New York, New York, 10020, United States",cities; industry; policy,https://luma.com/ohk6hfn7,https://www.climateweeknyc.org/event-search/global-forum-on-circular-economy-and-urban-resilience-initiated-by-city-of-yokohama?hsLang=en,7 hours,English,global-forum-on-circular-economy-and-urban-resilience-initiated-by-city-of-yokohama,parsed
Climate Week NYC: Film Friday: WALL-E @ North Forest Park Library - QPL,official-week,20260925,"03:30pm, Friday, September 25, 2026","03:30pm - 05:30pm, Friday, September 25, 2026",In-person,Public,Queens Public Library,"98-27 Metropolitan Ave, Queens, Forest Hills, New York, 11375, United States","98-27 Metropolitan Ave, Queens, Forest Hills, New York, 11375, United States",,,https://www.climateweeknyc.org/event-search/climate-week-nyc-film-friday-wall-e-north-forest-park-library-qpl?hsLang=en,2 hours,English,climate-week-nyc-film-friday-wall-e-north-forest-park-library-qpl,parsed
"Food Tank at Climate Week NYC: Planet Aqua, Planet Peace",official-week,20260925,"09:00am, Friday, September 25, 2026","09:00am - 12:00pm, Friday, September 25, 2026",Hybrid,Private,Food Tank and Future Food Institute,"44 Charlton St, Manhattan, New York, New York, 10014, United States","44 Charlton St, Manhattan, New York, New York, 10014, United States",environmental-justice; food; nature,https://www.eventbrite.com/e/climate-week-nyc-planet-aqua-planet-peace-tickets-1996759620777?aff=oddtdtcreator,https://www.climateweeknyc.org/event-search/food-tank-at-climate-week-nyc-planet-aqua-planet-peace?hsLang=en,3 hours,English,food-tank-at-climate-week-nyc-planet-aqua-planet-peace,parsed
Energy Detectives Science Storytime @ Middle Village Library - QPL,official-week,20260925,"02:30pm, Friday, September 25, 2026","02:30pm - 03:30pm, Friday, September 25, 2026",In-person,Public,Queens Public Library,"72-31 Metropolitan Avenue, Queens, Middle Village, New York, 11379, United States","72-31 Metropolitan Avenue, Queens, Middle Village, New York, 11379, United States",energy; environmental-justice,https://queenslibrary.org/,https://www.climateweeknyc.org/event-search/energy-detectives-science-storytime-middle-village-library-qpl?hsLang=en,1 hour,English,energy-detectives-science-storytime-middle-village-library-qpl,parsed
"Climate TechWalk | NYC, 9/25 w/ GrandResolve",official-week,20260925,"09:00am, Friday, September 25, 2026","09:00am - 10:00am, Friday, September 25, 2026",In-person,Public,TechWalk w/ GrandResolve,"Central Park, Manhattan, New York, New York, United States","Central Park, Manhattan, New York, New York, United States",cities; industry; technology-and-ai,https://luma.com/pffisc1x,https://www.climateweeknyc.org/event-search/climate-techwalk-nyc-925-w-grandresolve?hsLang=en,1 hour,English,climate-techwalk-nyc-925-w-grandresolve,parsed
Climate Captured - Fireside & Story Booth,official-week,20260925,"05:00pm, Friday, September 25, 2026","05:00pm - 06:30pm, Friday, September 25, 2026",Virtual,Public,"Single Window Foundation, ECB Sustainable Youth Foundation,  and UNCCD Youth Caucus",,,environmental-justice; nature; policy,https://forms.gle/AtdGiuhS45Wi3YsV6,https://www.climateweeknyc.org/event-search/climate-captured-fireside-story-booth?hsLang=en,1 hour 30 minutes,English,climate-captured-fireside-story-booth,parsed
"Shaping Corporate Transparency Together | a multi-stakeholder session on corporate sustainability, accountability & impact",official-week,20260925,"10:00am, Friday, September 25, 2026","10:00am - 11:15am, Friday, September 25, 2026",Virtual,Public,Impatico,Online,Online,finance; industry; technology-and-ai,https://forms.gle/6aMYBKaLonGiUVyj7,https://www.climateweeknyc.org/event-search/shaping-corporate-transparency-together-a-multi-stakeholder-session-on-corporate-sustainability-accountability-impact?hsLang=en,,English,shaping-corporate-transparency-together-a-multi-stakeholder-session-on-corporate-sustainability-accountability-impact,parsed
Scaling Global Climate Solutions through Culture and Heritage: The Plan to Accelerate Heritage-Informed Decarbonization,official-week,20260925,"08:00am, Friday, September 25, 2026","08:00am - 11:30am, Friday, September 25, 2026",In-person,Public,"Climate Heritage Network, Cornell Atkinson Center for Sustainability, Cornell Gensler Family AAP NYC Center, Cornell AAP","11 E Loop Rd, Manhattan, New York, New York, 10044, United States","11 E Loop Rd, Manhattan, New York, New York, 10044, United States",built-environment; cities; policy,https://www.eventbrite.com/e/scaling-global-climate-solutions-through-culture-and-heritage-tickets-1997803730738,https://www.climateweeknyc.org/event-search/scaling-global-climate-solutions-through-culture-and-heritage-the-plan-to-accelerate-heritage-informed-decarbonization?hsLang=en,3 hours,English,scaling-global-climate-solutions-through-culture-and-heritage-the-plan-to-accelerate-heritage-informed-decarbonization,parsed
Forest Bathing for Climate,official-week,20260925,"05:00pm, Friday, September 25, 2026","05:00pm - 06:00pm, Friday, September 25, 2026",In-person,Public,Battery Park City Authority,"Teardrop Park, Battery Park City, Manhattan, New York, New York, 10282, United States","Teardrop Park, Battery Park City, Manhattan, New York, New York, 10282, United States",health; nature,https://bpca.ny.gov/event/forest-bathing-for-climate/,https://www.climateweeknyc.org/event-search/forest-bathing-for-climate?hsLang=en,1 hour,English,forest-bathing-for-climate,parsed
War and Climate Justice,official-week,20260925,"10:00am, Friday, September 25, 2026","10:00am - 12:00pm, Friday, September 25, 2026",In-person,Public,Sustaining All Life,"12 East 41st Street, 7th Floor, Manhattan, Manhattan, New York, 10017, United States","12 East 41st Street, 7th Floor, Manhattan, Manhattan, New York, 10017, United States",environmental-justice,http://sal.rc.org/workshop/war,https://www.climateweeknyc.org/event-search/war-and-climate-justice?hsLang=en,2 hours,English,war-and-climate-justice,parsed
Women's Leadership in Climate Justice: It can’t be done without us!,official-week,20260925,"01:30pm, Friday, September 25, 2026","01:30pm - 03:30pm, Friday, September 25, 2026",In-person,Public,Sustaining All Life,"12 East 41st Street, 7th Floor, Manhattan, Manhattan, New York, 10017, United States","12 East 41st Street, 7th Floor, Manhattan, Manhattan, New York, 10017, United States",environmental-justice,http://sal.rc.org/workshop/women,https://www.climateweeknyc.org/event-search/womens-leadership-in-climate-justice-it-cant-be-done-without-us?hsLang=en,2 hours,English,womens-leadership-in-climate-justice-it-cant-be-done-without-us,parsed
"""What You Won't Do For Love"", by Why Not Theatre",official-week,20260925,"07:30pm, Friday, September 25, 2026","07:30pm - 09:30pm, Friday, September 25, 2026",In-person,Public,Lincoln Center for the Performing Arts,"David Rubenstein Atrium, Lincoln Center for the Performing Arts, 1887 Broadway, Manhattan, New York, New York, 10023, United States","David Rubenstein Atrium, Lincoln Center for the Performing Arts, 1887 Broadway, Manhattan, New York, New York, 10023, United States",finance; nature,https://lincolncenter.org/venue/atrium,https://www.climateweeknyc.org/event-search/what-you-wont-do-for-love-by-why-not-theatre?hsLang=en,2 hours,English,what-you-wont-do-for-love-by-why-not-theatre,parsed
Korea Climate Tech Summit 2026,official-week,20260925,"08:30am, Friday, September 25, 2026","08:30am - 05:00pm, Friday, September 25, 2026",In-person,Public,Witness Creative Partners,"2 Pennsylvania Plaza, Manhattan, New York, New York, 10121, United States","2 Pennsylvania Plaza, Manhattan, New York, New York, 10121, United States",energy; finance; technology-and-ai,https://luma.com/l2n9q5id,https://www.climateweeknyc.org/event-search/korea-climate-tech-summit-2026?hsLang=en,One day,"English, Korean",korea-climate-tech-summit-2026,parsed
"Rooted Waters: A Climate Week NYC Nature Connection, Nervous System Care & Action Integration Experience",official-week,20260925,"05:00pm, Friday, September 25, 2026","05:00pm - 06:00pm, Friday, September 25, 2026",In-person,Public,"Amy Lee Flower, Director of Youth Leadership & Empowerment of The Dr. Richard Barnett Foundation","Chelsea Piers- 163 12th Ave, Manhattan, New York, New York, 10011, United States","Chelsea Piers- 163 12th Ave, Manhattan, New York, New York, 10011, United States",nature,https://www.eventbrite.com/e/rooted-waters-a-climate-week-nyc-nature-connection-nervous-system-care-tickets-1998377353459?aff=oddtdtcreator,https://www.climateweeknyc.org/event-search/rooted-waters-a-climate-week-nyc-nature-connection-nervous-system-care-action-integration-experience?hsLang=en,1 hour,English,rooted-waters-a-climate-week-nyc-nature-connection-nervous-system-care-action-integration-experience,parsed
Data centers are the least of our AI problems,official-week,20260925,"11:00am, Friday, September 25, 2026","11:00am - 12:00pm, Friday, September 25, 2026",Virtual,Public,Novadaur,Online,Online,technology-and-ai,https://riverside.com/webinar/registration/eyJldmVudElkIjoiNmE3NTQwYjFmZDQzMTUzMTE2ZWRmZTYyIiwic2x1ZyI6ImN5cmlhY3Mtc3R1ZGlvLWg4bkdjIn0=,https://www.climateweeknyc.org/event-search/data-centers-are-the-least-of-our-ai-problems?hsLang=en,1 hour,English,data-centers-are-the-least-of-our-ai-problems,parsed
Who Pays for Protection? Financing a Just Climate Future,official-week,20260925,"12:00pm, Friday, September 25, 2026","12:00pm - 01:00pm, Friday, September 25, 2026",Virtual,Public,Waterfront Alliance,Online,Online,cities; finance; policy,https://us02web.zoom.us/webinar/register/WN_Ns5a8T5aSIqzDNt1QWYO6w,https://www.climateweeknyc.org/event-search/who-pays-for-protection-financing-a-just-climate-future?hsLang=en,1 hour,English,who-pays-for-protection-financing-a-just-climate-future,parsed
"Who Moves, Who Stays, Who Decides: A Conversation with Climate-Displaced Leaders",official-week,20260925,"11:00am, Friday, September 25, 2026","11:00am - 12:15pm, Friday, September 25, 2026",In-person,Private,Beyond Climate Collaborative & Climate Refugees,"526 W 26th Street, #807, Manhattan, New York, New York, 10001, United States","526 W 26th Street, #807, Manhattan, New York, New York, 10001, United States",cities; environmental-justice; policy,https://forms.cloud.microsoft/r/X6PWrQa78N,https://www.climateweeknyc.org/event-search/who-moves-who-stays-who-decides-a-conversation-with-climate-displaced-leaders?hsLang=en,1 hour 30 minutes,English,who-moves-who-stays-who-decides-a-conversation-with-climate-displaced-leaders,parsed
"Subnational Approaches to Biodiversity, Climate Action, and Environmental Justice",official-week,20260925,"12:00pm, Friday, September 25, 2026","12:00pm - 01:00pm, Friday, September 25, 2026",Virtual,Public,Rutgers University,United States,United States,cities; environmental-justice; nature,https://us02web.zoom.us/j/83487277260,https://www.climateweeknyc.org/event-search/subnational-approaches-to-biodiversity-climate-action-and-environmental-justice-from-us-and-china-perspectives?hsLang=en,1 hour,English,subnational-approaches-to-biodiversity-climate-action-and-environmental-justice-from-us-and-china-perspectives,parsed
Bending the Climate Curve,official-week,20260925,"08:30am, Friday, September 25, 2026","08:30am - 12:00pm, Friday, September 25, 2026",In-person,Public,Exploring Ocean Iron Solutions (ExOIS),"46 E 70th St, Manhattan, New York, New York, 10021, United States","46 E 70th St, Manhattan, New York, New York, 10021, United States",nature,https://luma.com/1cq6ckti,https://www.climateweeknyc.org/event-search/bending-the-climate-curve?hsLang=en,3 hours,English,bending-the-climate-curve,parsed
What Can Be Built Today: ESG Intelligence on Live Company Data,official-week,20260925,"06:00pm, Friday, September 25, 2026","06:00pm - 09:00pm, Friday, September 25, 2026",In-person,Private,Veridion,"1170 Broadway, Manhattan, New York, New York, 10001, United States","1170 Broadway, Manhattan, New York, New York, 10001, United States",technology-and-ai,https://luma.com/kb7r1ak9,https://www.climateweeknyc.org/event-search/what-can-be-built-today-esg-intelligence-on-live-company-data?hsLang=en,3 hours,English,what-can-be-built-today-esg-intelligence-on-live-company-data,parsed
The Cooling Revolution: Powering the AI Era with Less Energy,official-week,20260925,"09:00am, Friday, September 25, 2026","09:00am - 10:30am, Friday, September 25, 2026",Virtual,Public,EnEarthia Inc.,Online,Online,built-environment; energy; technology-and-ai,https://www.enearthia.co/event-details-1/the-cooling-revolution-powering-the-ai-era-with-less-energy-1,https://www.climateweeknyc.org/event-search/the-cooling-revolution-powering-the-ai-era-with-less-energy?hsLang=en,1 hour 30 minutes,English,the-cooling-revolution-powering-the-ai-era-with-less-energy,parsed
Climate Journalism as Climate Action,official-week,20260925,"09:00am, Friday, September 25, 2026","09:00am - 12:00pm, Friday, September 25, 2026",In-person,Public,"Swissnex, Climate Philanthropy Catalyst Coalition (CPCC), John D. and Catherine T. MacArthur Foundation","150 1st Ave, 4th Floor, Manhattan, New York, New York, 10009, United States","150 1st Ave, 4th Floor, Manhattan, New York, New York, 10009, United States",environmental-justice; finance; policy,https://swissnex.org/boston/event/assembly-climate-journalism-as-climate-action/,https://www.climateweeknyc.org/event-search/climate-journalism-as-climate-action?hsLang=en,3 hours,English,climate-journalism-as-climate-action,parsed
From Policy to Plate: Climate Action Is On the Menu!,official-week,20260925,"11:30am, Friday, September 25, 2026","11:30am - 01:00pm, Friday, September 25, 2026",In-person,Public,"Plant Powered School Meals Coalition, Friends of The Earth, NYC Mayor's Office of Food Policy, NYC Public Schools Office of Food & Nutrition Services, Chilis on Wheels, Coalition for Healthy School, Physicians Committee for Responsible Medicine, Support and Feed","44-36 Vernon Blvd., Queens, New York City, New York, 11101, United States","44-36 Vernon Blvd., Queens, New York City, New York, 11101, United States",energy; health; policy,https://www.eventbrite.com/e/from-policy-to-plate-climate-action-is-on-the-menu-tickets-1998818634342?aff=oddtdtcreator,https://www.climateweeknyc.org/event-search/from-policy-to-plate-climate-action-is-on-the-menu?hsLang=en,1 hour 30 minutes,English,from-policy-to-plate-climate-action-is-on-the-menu,parsed
Musical Chairs as Commons: The Resource Challenge,official-week,20260925,"12:30pm, Friday, September 25, 2026","12:30pm - 02:00pm, Friday, September 25, 2026",In-person,Public,"Swissnex, DISSCO Dissemination–Science–Communication, Swiss Federal Office of Energy, Paul Scherrer Institut","150 1st Ave, 4th Floor, Manhattan, New York, New York, 10009, United States","150 1st Ave, 4th Floor, Manhattan, New York, New York, 10009, United States",cities; environmental-justice; nature,https://swissnex.org/boston/event/assembly-musical-chairs-as-commons/,https://www.climateweeknyc.org/event-search/musical-chairs-as-commons-the-resource-challenge?hsLang=en,1 hour 30 minutes,English,musical-chairs-as-commons-the-resource-challenge,parsed
Working Across Systems for Alaska Communities,official-week,20260925,"10:00am, Friday, September 25, 2026","10:00am - 11:30am, Friday, September 25, 2026",Hybrid,Public,Northern Alaska Environmental Center,"40 W 20th St, Manhattan, New York, New York, 10011, United States","40 W 20th St, Manhattan, New York, New York, 10011, United States",cities; nature; policy,https://www.zeffy.com/en-US/ticketing/working-across-systems-for-alaska-communities,https://www.climateweeknyc.org/event-search/working-across-systems-for-alaska-communities?hsLang=en,1 hour 30 minutes,English,working-across-systems-for-alaska-communities,parsed
Understanding Antisemitism: Learning ways to end the use of antisemitism as a wedge issue dividing the Climate Movement,official-week,20260925,"01:30pm, Friday, September 25, 2026","01:30pm - 03:30pm, Friday, September 25, 2026",In-person,Public,Sustaining All Life,"12 East 41st Street, 7th Floor, Manhattan, Manhattan, New York, 10017, United States","12 East 41st Street, 7th Floor, Manhattan, Manhattan, New York, 10017, United States",finance,http://sal.rc.org/workshop/antisemitism,https://www.climateweeknyc.org/event-search/understanding-antisemitism-learning-ways-to-end-the-use-of-antisemitism-as-a-wedge-issue-dividing-the-climate-movement?hsLang=en,2 hours,English,understanding-antisemitism-learning-ways-to-end-the-use-of-antisemitism-as-a-wedge-issue-dividing-the-climate-movement,parsed
Untangling the Complexity of Scope 3 Data Gathering,official-week,20260925,"01:00pm, Friday, September 25, 2026","01:00pm - 02:00pm, Friday, September 25, 2026",Virtual,Public,thinkPARALLAX,Online,Online,policy,https://us02web.zoom.us/webinar/register/WN_ZKVcQzeWQMGh8qQr7a9PQQ#/registration,https://www.climateweeknyc.org/event-search/untangling-the-complexity-of-scope-3-data-gathering?hsLang=en,1 hour,,untangling-the-complexity-of-scope-3-data-gathering,parsed
Mental Health in a Disastrous Climate: Catalyzing Our Feelings to Mobilize Action for a Better Tomorrow,official-week,20260925,"11:00am, Friday, September 25, 2026","11:00am - 01:00pm, Friday, September 25, 2026",In-person,Public,"Climate Cafe NYC, Climate Imaginarium, Climate Mental Health Network, Climate Psychology Alliance of North America, Good Grief Network, Humanity&Planet, Climate Junction","406A Comfort Road, Manhattan, New York, New York, 10004, United States","406A Comfort Road, Manhattan, New York, New York, 10004, United States",cities; environmental-justice; health,https://luma.com/1u9h5u2m,https://www.climateweeknyc.org/event-search/mental-health-in-a-disastrous-climate-catalyzing-our-feelings-to-mobilize-action-for-a-better-tomorrow?hsLang=en,2 hours,English,mental-health-in-a-disastrous-climate-catalyzing-our-feelings-to-mobilize-action-for-a-better-tomorrow,parsed
Pilina Across the Pae'āina: A Climate Week Gathering,official-week,20260925,"02:00pm, Friday, September 25, 2026","02:00pm - 06:00pm, Friday, September 25, 2026",In-person,Private,Hawai'i Green Growth and Causeway Impact,"58 Park Avenue, Manhattan, New York, New York, 10016, United States","58 Park Avenue, Manhattan, New York, New York, 10016, United States",cities; finance; policy,https://luma.com/kmrafvwb,https://www.climateweeknyc.org/event-search/pilina-across-the-paeaina-a-climate-week-gathering?hsLang=en,4 hours,English,pilina-across-the-paeaina-a-climate-week-gathering,parsed
Nuclear Rooftop Party,official-week,20260925,"06:00pm, Friday, September 25, 2026","06:00pm - 10:00pm, Friday, September 25, 2026",In-person,Public,"Nuclear New York, Nuclear is Clean Energy Club (NiCE)","331 East Houston St, Manhattan, New York, New York, 10002, United States","331 East Houston St, Manhattan, New York, New York, 10002, United States",energy,https://partiful.com/e/OQq0wSZT2y8m81v8O7Cu?c=WzxyaTAt,https://www.climateweeknyc.org/event-search/nuclear-rooftop-party?hsLang=en,4 hours,English,nuclear-rooftop-party,parsed
Launch of the South-South Confluence: Reconfiguring Climate Governance from the Territories,official-week,20260925,"04:30pm, Friday, September 25, 2026","04:30pm - 08:30pm, Friday, September 25, 2026",Hybrid,Public,"Peregum Black Reference Institute, Citizenship Action and Defend Democracy in Brazil (DDB)","320 West 37th Street (between 8th and 9th Avenues), Manhattan, New york , New York, 10018, United States","320 West 37th Street (between 8th and 9th Avenues), Manhattan, New york , New York, 10018, United States",finance; policy,https://docs.google.com/forms/d/e/1FAIpQLSeLjW6boOxcJ2-grTcGWePiu8vB9VRFfcUBwpJi_FJjkOqEsA/viewform?usp=header,https://www.climateweeknyc.org/event-search/launch-of-the-south-south-confluence-reconfiguring-climate-governance-from-the-territories?hsLang=en,4 hours,"English, Portuguese, Spanish",launch-of-the-south-south-confluence-reconfiguring-climate-governance-from-the-territories,parsed
Awaken Action: Youth Climate Gala,official-week,20260925,"07:00pm, Friday, September 25, 2026","07:00pm - 10:00pm, Friday, September 25, 2026",In-person,Public,"Care About Climate, Re-Earth Initiative, Earth Daughters, Entertainment and Culture Pavilion, Engajamundo",Input Physical Address,Input Physical Address,environmental-justice; policy,https://www.eventbrite.com/e/awaken-action-youth-climate-gala-tickets-1997185410325?aff=oddtdtcreator,https://www.climateweeknyc.org/event-search/awaken-action-youth-climate-gala?hsLang=en,3 hours,English,awaken-action-youth-climate-gala,parsed
TRACE THE UNSEEN: Climate Intelligence Build Day,official-week,20260925,"08:30am, Friday, September 25, 2026","08:30am - 06:00pm, Friday, September 25, 2026",In-person,Public,Ethical Tech CoLab,"New York City, New York, United States","New York City, New York, United States",industry; policy; technology-and-ai,https://luma.com/etc-h4h-nyc,https://www.climateweeknyc.org/event-search/trace-the-unseen-climate-intelligence-build-day?hsLang=en,,English,trace-the-unseen-climate-intelligence-build-day,parsed
Preparing for the Future — At the Water's Edge: Resiliency for Lower Manhattan,official-week,20260925,"08:30am, Friday, September 25, 2026","08:30am - 11:30am, Friday, September 25, 2026",In-person,Public,Battery Park City Authority,"Wagner Pavilion, 20 Battery Place, Manhattan, New York, New York, 10280, United States","Wagner Pavilion, 20 Battery Place, Manhattan, New York, New York, 10280, United States",built-environment; cities; nature,https://www.eventbrite.com/e/preparing-for-the-future-at-the-waters-edge-resiliency-of-lower-manhattan-tickets-1998507785585?aff=oddtdtcreator,https://www.climateweeknyc.org/event-search/preparing-for-the-future-at-the-waters-edge-resiliency-for-lower-manhattan?hsLang=en,3 hours,English,preparing-for-the-future-at-the-waters-edge-resiliency-for-lower-manhattan,parsed
West Harlem Environmental Justice Walking Tours,official-week,20260925,"01:00pm, Friday, September 25, 2026","01:00pm - 04:30pm, Friday, September 25, 2026",In-person,Public,WE ACT for Environmental Justice,"1854 Amsterdam Avenue, Second Floor, Manhattan, New York, New York, 10031, United States","1854 Amsterdam Avenue, Second Floor, Manhattan, New York, New York, 10031, United States",finance,https://docs.google.com/forms/d/e/1FAIpQLSeAavVtWw8jdhkP5N3xC64e3OP7iXmfXJ5BE9qQslsUMupKJg/viewform,https://www.climateweeknyc.org/event-search/west-harlem-environmental-justice-walking-tours?hsLang=en,2 hours,English,west-harlem-environmental-justice-walking-tours,parsed
Climate Week Evening Celebration with Stony Brook University at LMCC's Arts Center,official-week,20260925,"06:30pm, Friday, September 25, 2026","06:30pm - 08:30pm, Friday, September 25, 2026",In-person,Public,LMCC (Lower Manhattan Cultural Council),"110 Andes Road, Manhattan, New York City, New York, 10004, United States","110 Andes Road, Manhattan, New York City, New York, 10004, United States",environmental-justice; health; nature,https://lmcc.net/climate-week-2026/,https://www.climateweeknyc.org/event-search/climate-week-evening-celebration-with-stony-brook-university-at-lmccs-arts-center?hsLang=en,2 hours,English,climate-week-evening-celebration-with-stony-brook-university-at-lmccs-arts-center,parsed
Leslie Wayne: The Unintended Blues,official-week,20260925,"12:00pm, Friday, September 25, 2026","12:00pm - 05:00pm, Friday, September 25, 2026",In-person,Public,LMCC (Lower Manhattan Cultural Council),"110 Andes Road, Manhattan, New York, New York, 10004, United States","110 Andes Road, Manhattan, New York, New York, 10004, United States",nature,https://lmcc.net/leslie-wayne-the-unintended-blues/,https://www.climateweeknyc.org/event-search/leslie-wayne-the-unintended-blues?hsLang=en,Multiple days,English,leslie-wayne-the-unintended-blues,parsed
In Person: Love and Fear in a Warming World,official-week,20260925,"04:00pm, Friday, September 25, 2026","04:00pm - 05:30pm, Friday, September 25, 2026",In-person,Public,Slam Out Loud and Climate Shift,"TBD, Manhattan, New York, New York, TBD, United States","TBD, Manhattan, New York, New York, TBD, United States",environmental-justice; health,https://forms.gle/rG1y4WuVnVoXj9WTA,https://www.climateweeknyc.org/event-search/in-person-love-and-fear-in-a-warming-world?hsLang=en,1 hour 30 minutes,English,in-person-love-and-fear-in-a-warming-world,parsed
The importance of artists and art-making in the climate movement,official-week,20260926,"10:00am, Saturday, September 26, 2026","10:00am - 01:00pm, Saturday, September 26, 2026",In-person,Public,Sustaining All Life,"12 East 41st Street, 7th Floor, Manhattan, Manhattan, New York, 10017, United States","12 East 41st Street, 7th Floor, Manhattan, Manhattan, New York, 10017, United States",environmental-justice,http://sal.rc.org/workshop/artists,https://www.climateweeknyc.org/event-search/the-importance-of-artists-and-art-making-in-the-climate-movement?hsLang=en,3 hours,English,the-importance-of-artists-and-art-making-in-the-climate-movement,parsed
Better Planet Film Festival,official-week,20260926,"11:00am, Saturday, September 26, 2026","11:00am - 04:00pm, Saturday, September 26, 2026",In-person,Public,,"200 The Promenade at Lighthouse Point, Staten Island, St. George, Staten Island, New York City, New York, 10301, United States","200 The Promenade at Lighthouse Point, Staten Island, St. George, Staten Island, New York City, New York, 10301, United States",cities; environmental-justice; nature,https://www.eventbrite.com/e/better-planet-film-festival-tickets-1992726720263?aff=oddtdtcreator,https://www.climateweeknyc.org/event-search/better-planet-film-festival?hsLang=en,Multiple days,English,better-planet-film-festival,parsed
Climate Week x Bird Joy Games: A Scavenger Hunt in the American Museum of Natural History 🦖,official-week,20260926,"01:00pm, Saturday, September 26, 2026","01:00pm - 03:30pm, Saturday, September 26, 2026",In-person,Public,That Quirky Bird Girl,"American Museum of Natural History, Manhattan, New York City, New York, 10021, United States","American Museum of Natural History, Manhattan, New York City, New York, 10021, United States",health; nature,https://luma.com/hmr8nf81,https://www.climateweeknyc.org/event-search/climate-week-x-bird-joy-games-a-scavenger-hunt-in-the-american-museum-of-natural-history?hsLang=en,2 hours 30 minutes,English,climate-week-x-bird-joy-games-a-scavenger-hunt-in-the-american-museum-of-natural-history,parsed
Free Central Park Bike Tour for Climate Week NYC 8,official-week,20260926,"11:00am, Saturday, September 26, 2026","11:00am - 01:00pm, Saturday, September 26, 2026",In-person,Public,Holland Bikes,"446 W54th Street, Manhattan, New York, New York, 10019, United States","446 W54th Street, Manhattan, New York, New York, 10019, United States",cities,https://fareharbor.com/embeds/book/hollandbikes-ny/items/595323/availability/2121335219/book/?full-items=yes,https://www.climateweeknyc.org/event-search/free-central-park-bike-tour-for-climate-week-nyc-8?hsLang=en,2 hours,English,free-central-park-bike-tour-for-climate-week-nyc-8,parsed
Climate & Culture Green Map Tour,official-week,20260926,"12:00pm, Saturday, September 26, 2026","12:00pm - 01:30pm, Saturday, September 26, 2026",In-person,Public,Green Map System & ABC No Rio,"156 Rivington St, Manhattan, New York, New York, 10002, United States","156 Rivington St, Manhattan, New York, New York, 10002, United States",built-environment; cities; environmental-justice,https://www.eventbrite.com/e/climate-culture-green-map-tour-tickets-1996367673452,https://www.climateweeknyc.org/event-search/climate-culture-green-map-tour?hsLang=en,1 hour 30 minutes,English,climate-culture-green-map-tour,parsed
Resilience Rising at Rockaways: Restoring Coastlines with RISE and Surfrider for NYC Climate Week,official-week,20260926,"10:00am, Saturday, September 26, 2026","10:00am - 01:00pm, Saturday, September 26, 2026",In-person,Public,Surfrider Foundation and RISE,"190 Beach 44th St, Far Rockaway, Queens, NYC, New York, 11691, United States","190 Beach 44th St, Far Rockaway, Queens, NYC, New York, 11691, United States",health; nature,https://x.gldn.io/e/j59R0xfX04b,https://www.climateweeknyc.org/event-search/resilience-rising-at-rockaways-restoring-coastlines-with-rise-and-surfrider-for-nyc-climate-week?hsLang=en,3 hours,English,resilience-rising-at-rockaways-restoring-coastlines-with-rise-and-surfrider-for-nyc-climate-week,parsed
"Climate Innovation, Sustainability & Community Garden Tours with LUNGS",official-week,20260926,"03:00pm, Saturday, September 26, 2026","03:00pm - 04:30pm, Saturday, September 26, 2026",In-person,Public,LUNGS - Loisaida United Neighborhood Gardens,"522 East 12th Street, Manhattan, New York, New York, 10009, United States","522 East 12th Street, Manhattan, New York, New York, 10009, United States",cities; environmental-justice; nature,https://bit.ly/CW26LT,https://www.climateweeknyc.org/event-search/climate-innovation-sustainability-community-garden-tours-with-lungs?hsLang=en,1 hour 30 minutes,English,climate-innovation-sustainability-community-garden-tours-with-lungs,parsed
Discovery Day @ Hunters Point Library and Environmental Education Center - QPL,official-week,20260926,"11:00am, Saturday, September 26, 2026","11:00am - 03:00pm, Saturday, September 26, 2026",In-person,Public,Queens Public Library,Input Physical Address,Input Physical Address,cities; environmental-justice; nature,https://www.queenslibrary.org/calendar/discovery-day/017751-0526,https://www.climateweeknyc.org/event-search/discovery-day-hunters-point-library-and-environmental-education-center-qpl?hsLang=en,4 hours,English,discovery-day-hunters-point-library-and-environmental-education-center-qpl,parsed
Climate Week NYC: Film Screening - An Inconvenient Sequel: Truth to Power @ Glen Oaks Library - QPL,official-week,20260926,"12:00pm, Saturday, September 26, 2026","12:00pm - 01:30pm, Saturday, September 26, 2026",In-person,Public,Queens Public Library,"256-04 Union Tpke, Queens, Queens, New York, 11004, United States","256-04 Union Tpke, Queens, Queens, New York, 11004, United States",,,https://www.climateweeknyc.org/event-search/climate-week-nyc-film-screening-an-inconvenient-sequel-truth-to-power-glen-oaks-library-qpl?hsLang=en,1 hour 30 minutes,English,climate-week-nyc-film-screening-an-inconvenient-sequel-truth-to-power-glen-oaks-library-qpl,parsed
Sustainable Living and Outdoor Ethics for Kids,official-week,20260926,"08:00am, Saturday, September 26, 2026","08:00am - 09:00am, Saturday, September 26, 2026",Virtual,Public,,Online,Online,cities; nature,https://forms.gle/RHoBYz4xRuLdpkDr7,https://www.climateweeknyc.org/event-search/sustainable-living-and-outdoor-ethics-for-kids?hsLang=en,1 hour,English,sustainable-living-and-outdoor-ethics-for-kids,parsed
Transformative Impact Summit 2026,official-week,20260926,"09:30am, Saturday, September 26, 2026","09:30am - 05:00pm, Saturday, September 26, 2026",In-person,Public,Transformative,"Manhattan, New York City, New York, United States","Manhattan, New York City, New York, United States",finance; health; technology-and-ai,https://luma.com/t6ctea7d,https://www.climateweeknyc.org/event-search/transformative-impact-summit-2026?hsLang=en,Multiple days,English,transformative-impact-summit-2026,parsed
BIPOC Climate Justice Summit,official-week,20260926,"09:30am, Saturday, September 26, 2026","09:30am - 06:30pm, Saturday, September 26, 2026",In-person,Public,"HBCU Green Fund, ACE Observatory, National Technical Association, Columbia Climate School, American Museum of Natural History","200 Central Park W, Manhattan, New York, New York, 10024, United States","200 Central Park W, Manhattan, New York, New York, 10024, United States",cities; environmental-justice; nature,https://events.humanitix.com/climatejusticesummit2026,https://www.climateweeknyc.org/event-search/bipoc-climate-justice-summit?hsLang=en,One day,English,bipoc-climate-justice-summit,parsed
"ReWear the Revolution: Women, Fast Fashion, Eco Action",official-week,20260926,"02:00pm, Saturday, September 26, 2026","02:00pm - 04:30pm, Saturday, September 26, 2026",In-person,Public,Sustaining All Life,"12 East 41st Street, 7th Floor, Manhattan, Manhattan, New York, 10017, United States","12 East 41st Street, 7th Floor, Manhattan, Manhattan, New York, 10017, United States",environmental-justice,http://sal.rc.org/workshop/subversivecatwalk,https://www.climateweeknyc.org/event-search/rewear-the-revolution-women-fast-fashion-eco-action?hsLang=en,2 hours 30 minutes,English,rewear-the-revolution-women-fast-fashion-eco-action,parsed
Who Gets Shade? Exploring Heat in Red Hook,official-week,20260926,"12:00pm, Saturday, September 26, 2026","12:00pm - 02:00pm, Saturday, September 26, 2026",In-person,Public,"Yuliya Dzyuban, Pratt Institute","Coffey Park, 85 Richards St, Brooklyn, NY 11231, Brooklyn, New York, New York, 11231, United States","Coffey Park, 85 Richards St, Brooklyn, NY 11231, Brooklyn, New York, New York, 11231, United States",built-environment; environmental-justice; health,https://events.humanitix.com/red-hook,https://www.climateweeknyc.org/event-search/who-gets-shade-exploring-heat-in-red-hook?hsLang=en,2 hours,English,who-gets-shade-exploring-heat-in-red-hook,parsed
Daylighting our future/ towards a radical field station and unburied waters in Queens!,official-week,20260926,"10:30am, Saturday, September 26, 2026","10:30am - 03:00pm, Saturday, September 26, 2026",In-person,Public,Holes in the Wall Collective and Guardians of Flushing Bay,"Flushing Meadows Corona Park, Queens, Queens, New York, 11354, United States","Flushing Meadows Corona Park, Queens, Queens, New York, 11354, United States",cities; environmental-justice; nature,https://www.eventbrite.com/e/daylighting-our-future-towards-a-radical-field-station-and-unburied-waters-tickets-1998134733777?aff=oddtdtcreator,https://www.climateweeknyc.org/event-search/daylighting-our-future-towards-a-radical-field-station-and-unburied-waters-in-queens?hsLang=en,4 hours,English,daylighting-our-future-towards-a-radical-field-station-and-unburied-waters-in-queens,parsed
"“Teaching Climate Change"" Connecting Our Classrooms for Global Impact",official-week,20260926,"10:00am, Saturday, September 26, 2026","10:00am - 02:30pm, Saturday, September 26, 2026",In-person,Public,"STEMteachersNYC, Paleontological Research Inst. & NYU Steinhardt Dept of Teaching & Learning","NYU Pless Hall, 82 Washington Sq East, Manhattan, New York, New York, 10003, United States","NYU Pless Hall, 82 Washington Sq East, Manhattan, New York, New York, 10003, United States",cities,https://tinyurl.com/teachclimatek12,https://www.climateweeknyc.org/event-search/teaching-climate-change-connecting-our-classrooms-for-global-impact?hsLang=en,,"Bengali, English",teaching-climate-change-connecting-our-classrooms-for-global-impact,parsed
A 24 mile walk to close out Climate Week in style,official-week,20260926,"07:00am, Saturday, September 26, 2026","07:00am - 07:00pm, Saturday, September 26, 2026",In-person,Public,24 The Planet,"Battery Park, New York","Battery Park, New York",cities; health; nature,https://24theplanet.com,https://www.climateweeknyc.org/event-search/a-24-mile-walk-to-close-out-climate-week-in-style?hsLang=en,One day,English,a-24-mile-walk-to-close-out-climate-week-in-style,parsed
2 Hours Outside: The Cheapest Climate Intervention We're Not Doing,official-week,20260926,"10:00am, Saturday, September 26, 2026","10:00am - 02:30pm, Saturday, September 26, 2026",In-person,,TerraLumia Foundation & Forest School Teacher Institute,"Inwood Hill Park, Manhattan, New York City, New York, 07480, United States","Inwood Hill Park, Manhattan, New York City, New York, 07480, United States",policy,https://www.terralumia.org/events,https://www.climateweeknyc.org/event-search/2-hours-outside-the-cheapest-climate-intervention-were-not-doing?hsLang=en,,English,2-hours-outside-the-cheapest-climate-intervention-were-not-doing,parsed
"Where Physics Meets Climate: Youth, Academia, and Industry in Conversation",official-week,20260926,"10:00am, Saturday, September 26, 2026","10:00am - 12:00pm, Saturday, September 26, 2026",Virtual,Public,"PULSE Global, AgroBiz.org, United Nations Regional Center of Expertise Detroit-Windsor",Online,Online,technology-and-ai,https://www.pulsephysics.org/events/cwnyc2026,https://www.climateweeknyc.org/event-search/where-physics-meets-climate-youth-academia-and-industry-in-conversation?hsLang=en,2 hours,English,where-physics-meets-climate-youth-academia-and-industry-in-conversation,parsed
"AI and the Climate Crisis: who benefits, who bears the environmental costs",official-week,20260926,"01:30pm, Saturday, September 26, 2026","01:30pm - 03:30pm, Saturday, September 26, 2026",In-person,Public,Sustaining All Life,"12 East 41st Street, 7th Floor, Manhattan, Manhattan, New York, 10017, United States","12 East 41st Street, 7th Floor, Manhattan, Manhattan, New York, 10017, United States",environmental-justice,http://sal.rc.org/workshop/artificialintel,https://www.climateweeknyc.org/event-search/ai-and-the-climate-crisis-who-benefits-who-bears-the-environmental-costs?hsLang=en,2 hours,English,ai-and-the-climate-crisis-who-benefits-who-bears-the-environmental-costs,parsed
Soil:Field of Awareness (Immersive Perfomance),official-week,20260926,"04:00pm, Saturday, September 26, 2026","04:00pm - 07:00pm, Saturday, September 26, 2026",In-person,Public,Marina Tsaplina,"Penny Bridge Park (Meeker Ave & Gardner Ave), Brooklyn, Brookly, New York, 11222, United States","Penny Bridge Park (Meeker Ave & Gardner Ave), Brooklyn, Brookly, New York, 11222, United States",cities; nature,http://luma.com/soilfield,https://www.climateweeknyc.org/event-search/soilfield-of-awareness-immersive-perfomance?hsLang=en,2 hours 30 minutes,English,soilfield-of-awareness-immersive-perfomance,parsed
The 10th Annual Marketplace of the Future,official-week,20260926,"12:00pm, Saturday, September 26, 2026","12:00pm - 10:00pm, Saturday, September 26, 2026",In-person,Public,Future Meets Present,"450 West 31st Street, Manhattan, NYC, New York, 10001, United States","450 West 31st Street, Manhattan, NYC, New York, 10001, United States",cities; energy; food,https://luma.com/ptirr3mu,https://www.climateweeknyc.org/event-search/the-10th-annual-marketplace-of-the-future?hsLang=en,,"Arabic, English, Spanish",the-10th-annual-marketplace-of-the-future,parsed
Climate Week Open Studios,official-week,20260926,"12:00pm, Saturday, September 26, 2026","12:00pm - 05:00pm, Saturday, September 26, 2026",In-person,Public,LMCC (Lower Manhattan Cultural Council),"110 Andes Road, Manhattan, New York City, New York, 10004-1921, United States","110 Andes Road, Manhattan, New York City, New York, 10004-1921, United States",cities; environmental-justice; health,https://lmcc.net/events/september-26-open-studios/,https://www.climateweeknyc.org/event-search/climate-week-open-studios?hsLang=en,5 hours,English,climate-week-open-studios,parsed
Homecoming: For The Harbor,official-week,20260926,"10:30am, Saturday, September 26, 2026","10:30am - 03:30pm, Saturday, September 26, 2026",In-person,Public,LMCC (Lower Manhattan Cultural Council),"110 Andes Road, Manhattan, New York, New York, 10004, United States","110 Andes Road, Manhattan, New York, New York, 10004, United States",cities; environmental-justice; nature,https://lmcc.net/events/homecoming-for-the-harbor/,https://www.climateweeknyc.org/event-search/homecoming-for-the-harbor?hsLang=en,5 hours,English,homecoming-for-the-harbor,parsed
SaturBAY 2026: Making it Happen and Manifesting a Field Station for Flushing Bay,official-week,20260926,"11:00am, Saturday, September 26, 2026","11:00am - 03:00pm, Saturday, September 26, 2026",In-person,Public,Guardians of Flushing Bay,"Marina Rd, Queens, Corona, New York, 11368, United States","Marina Rd, Queens, Corona, New York, 11368, United States",environmental-justice; health; nature,https://givebutter.com/SATURBAY2026,https://www.climateweeknyc.org/event-search/saturbay-2026-making-it-happen-and-manifesting-a-field-station-for-flushing-bay?hsLang=en,4 hours,English,saturbay-2026-making-it-happen-and-manifesting-a-field-station-for-flushing-bay,parsed
Shirley Chisholm State Park Shore Clean Up & Hike with NYS Parks & AMC,official-week,20260926,"11:45am, Saturday, September 26, 2026","11:45am - 03:00pm, Saturday, September 26, 2026",In-person,Public,"Appalachian Mountain Club & New York State Parks, Recreation and Historic Preservation","850 Fountain Ave, Brooklyn, Brooklyn, New York, 11208, United States","850 Fountain Ave, Brooklyn, Brooklyn, New York, 11208, United States",nature,https://activities.outdoors.org/s/oc-activity/a5UVX000001BhkD2AS/act00022030,https://www.climateweeknyc.org/event-search/shirley-chisholm-state-park-shore-clean-up-hike-with-nys-parks-amc?hsLang=en,3 hours,English,shirley-chisholm-state-park-shore-clean-up-hike-with-nys-parks-amc,parsed
Viva la Sound,official-week,20260926,"10:00am, Saturday, September 26, 2026","10:00am - 03:00pm, Saturday, September 26, 2026",In-person,Public,City Island Oyster Reef,"Ambrosini Field, 200 City Island Ave, The Bronx, Bronx, New York, 10464, United States","Ambrosini Field, 200 City Island Ave, The Bronx, Bronx, New York, 10464, United States",environmental-justice; health; nature,https://www.zeffy.com/en-US/ticketing/viva-la-sound-environmental-festival,https://www.climateweeknyc.org/event-search/viva-la-sound?hsLang=en,5 hours,English,viva-la-sound,parsed
NYBG 5K Fun Run,official-week,20260927,"08:00am, Sunday, September 27, 2026","08:00am - 11:30am, Sunday, September 27, 2026",In-person,Public,,"The New York Botanical Garden- 2900 Southern Blvd, The Bronx, Bronx, New York, 10458, United States","The New York Botanical Garden- 2900 Southern Blvd, The Bronx, Bronx, New York, 10458, United States",nature,https://www.nybg.org/event/nybg-5k-fun-run/,https://www.climateweeknyc.org/event-search/nybg-5k-fun-run?hsLang=en,3 hours,English,nybg-5k-fun-run,parsed
NYC Climate Day of Action,official-week,20260927,"04:00pm, Sunday, September 27, 2026","04:00pm - 07:00pm, Sunday, September 27, 2026",In-person,Public,NYC 2030 District and Good Standing,"Wagner Park Pavillion Classroom, 20 Battery Pl., Manhattan, New York, New York, 10280, United States","Wagner Park Pavillion Classroom, 20 Battery Pl., Manhattan, New York, New York, 10280, United States",cities; energy; environmental-justice; finance,https://climateactionday.radiical.systems/,https://www.climateweeknyc.org/event-search/nyc-climate-day-of-action?hsLang=en,3 hours,English,nyc-climate-day-of-action,parsed
"CLIMATE WEEK: Journal, Meditation, + Bird Walk in Central Park",official-week,20260927,"11:00am, Sunday, September 27, 2026","11:00am - 12:30pm, Sunday, September 27, 2026",In-person,Public,That Quirky Bird Girl,"Central Park, Manhattan, New York City, New York, 10021, United States","Central Park, Manhattan, New York City, New York, 10021, United States",health; nature,https://luma.com/zvt8dvsa,https://www.climateweeknyc.org/event-search/climate-week-journal-meditation-bird-walk-in-central-park?hsLang=en,1 hour 30 minutes,"English, Spanish",climate-week-journal-meditation-bird-walk-in-central-park,parsed
Fall Migration Bird Walk along Rockaway Beach,official-week,20260927,"10:00am, Sunday, September 27, 2026","10:00am - 12:00pm, Sunday, September 27, 2026",In-person,Public,NYC Plover Project and RISE,"58-03 Rockaway Beach Boulevard, Queens, Arverne, New York, 11692, United States","58-03 Rockaway Beach Boulevard, Queens, Arverne, New York, 11692, United States",nature,https://www.riserockaway.org/rise/events/birding-tour/?mode=form,https://www.climateweeknyc.org/event-search/fall-migration-bird-walk-along-rockaway-beach?hsLang=en,2 hours,English,fall-migration-bird-walk-along-rockaway-beach,parsed
Please Don't Flush: Queens Botanical Garden,official-week,20260927,"01:30pm, Sunday, September 27, 2026","01:30pm - 02:30pm, Sunday, September 27, 2026",In-person,Public,Flood Sensor Aunty,"43-50 Main Street, Queens, Flushing, New York, 11355, United States","43-50 Main Street, Queens, Flushing, New York, 11355, United States",environmental-justice,https://forms.gle/YgqtYed1MuEqPvXu6,https://www.climateweeknyc.org/event-search/please-dont-flush-queens-botanical-garden?hsLang=en,1 hour,English,please-dont-flush-queens-botanical-garden,parsed
Free Central Park Bike Tour for Climate Week NYC 9/27 - 11:00AM,official-week,20260927,"11:00am, Sunday, September 27, 2026","11:00am - 01:00pm, Sunday, September 27, 2026",In-person,Public,Holland Bikes,"446 W54th Street, Manhattan, New York, New York, 10019, United States","446 W54th Street, Manhattan, New York, New York, 10019, United States",cities,https://fareharbor.com/embeds/book/hollandbikes-ny/items/595323/availability/2121335221/book/?full-items=yes,https://www.climateweeknyc.org/event-search/free-central-park-bike-tour-for-climate-week-nyc-927-1100am?hsLang=en,2 hours,English,free-central-park-bike-tour-for-climate-week-nyc-927-1100am,parsed
"Day 2: Climate Innovation, Energy & Community Garden Tours with LUNGS",official-week,20260927,"03:00pm, Sunday, September 27, 2026","03:00pm - 04:30pm, Sunday, September 27, 2026",In-person,Public,Green Map System & LUNGS,"522 East 12th Street, Manhattan, New York, New York, 10009, United States","522 East 12th Street, Manhattan, New York, New York, 10009, United States",built-environment; cities; environmental-justice,https://bit.ly/CW26LT,https://www.climateweeknyc.org/event-search/day-2-climate-innovation-energy-community-garden-tours-with-lungs?hsLang=en,1 hour 30 minutes,English,day-2-climate-innovation-energy-community-garden-tours-with-lungs,parsed
"Climate Pitch Session, GTT x Climate Week NYC 2026",official-week,20260927,"10:00am, Sunday, September 27, 2026","10:00am - 12:30pm, Sunday, September 27, 2026",Hybrid,Public,Green Teen Team Onlus,Online,Online,cities; environmental-justice; health; nature,https://gomry.com/l/LsNJSia,https://www.climateweeknyc.org/event-search/climate-pitch-session-gtt-x-climate-week-nyc-2026?hsLang=en,1 hour,English,climate-pitch-session-gtt-x-climate-week-nyc-2026,parsed
Dune Dreams & Peninsula Power: Climate Cafe in the Far Rockaways,official-week,20260927,"10:00am, Sunday, September 27, 2026","10:00am - 11:30pm, Sunday, September 27, 2026",In-person,Public,"Climate Cafe NYC, Climate Imaginarium, Holes in the Wall Collective, RISE Rockaway","1-90 Beach 44th St  , Queens, Far Rockaway, New York, 11691, United States","1-90 Beach 44th St  , Queens, Far Rockaway, New York, 11691, United States",cities; finance,https://luma.com/climate-jmrz,https://www.climateweeknyc.org/event-search/dune-dreams-peninsula-power-climate-cafe-in-the-far-rockaways?hsLang=en,1 hour 30 minutes,English,dune-dreams-peninsula-power-climate-cafe-in-the-far-rockaways,parsed
Dune dreams & Peninsula Power in the Far Rockaways,official-week,20260927,"10:00am, Sunday, September 27, 2026","10:00am - 02:00pm, Sunday, September 27, 2026",In-person,Public,"Holes in the Wall Collective, RISE, the Garden by the Bay & the NYC Plover Project","East Arverne Nature Preserve Beach 44th, Queens, Far Rockaways, New York, 11691, United States","East Arverne Nature Preserve Beach 44th, Queens, Far Rockaways, New York, 11691, United States",cities; environmental-justice; nature,https://www.eventbrite.com/e/1998499621165?aff=oddtdtcreator,https://www.climateweeknyc.org/event-search/dune-dreams-peninsula-power-in-the-far-rockaways?hsLang=en,4 hours,English,dune-dreams-peninsula-power-in-the-far-rockaways,parsed
Closing celebration of Climate Week on Newtown Creek at Kingsland Wildflowers Rooftop,official-week,20260927,"06:00pm, Sunday, September 27, 2026","06:00pm - 09:00pm, Sunday, September 27, 2026",In-person,Public,"Holes in the Wall Collective, Mycelium Choral Project, Noo Arts","520 Kingland Ave, Brooklyn, Brooklyn, New York, 11222, United States","520 Kingland Ave, Brooklyn, Brooklyn, New York, 11222, United States",cities; nature,https://www.eventbrite.com/e/1998503629153?aff=oddtdtcreator,https://www.climateweeknyc.org/event-search/closing-celebration-of-climate-week-on-newtown-creek-at-kingsland-wildflowers-rooftop?hsLang=en,3 hours,English,closing-celebration-of-climate-week-on-newtown-creek-at-kingsland-wildflowers-rooftop,parsed
Deep Time and Future Feasts! Explore Newtown Creek,official-week,20260927,"04:00pm, Sunday, September 27, 2026","04:00pm - 06:00pm, Sunday, September 27, 2026",In-person,Public,Holes in the Wall Collective and the Newtown Creek Alliance,"520 Kingsland Ave, Brooklyn, Brooklyn, New York, 11222, United States","520 Kingsland Ave, Brooklyn, Brooklyn, New York, 11222, United States",built-environment; energy; finance; nature,,https://www.climateweeknyc.org/event-search/deep-time-and-future-feasts-explore-newtown-creek?hsLang=en,2 hours,English,deep-time-and-future-feasts-explore-newtown-creek,parsed
Right to Flight: A Public Performance & Participatory Artwork,official-week,20260927,"01:30pm, Sunday, September 27, 2026","01:30pm - 04:00pm, Sunday, September 27, 2026",In-person,Public,"Climate Cafe NYC, Climate Imaginarium","406A Comfort Rd., Manhattan, New York, New York, 10004, United States","406A Comfort Rd., Manhattan, New York, New York, 10004, United States",cities; environmental-justice; policy,https://luma.com/nvcc0tht,https://www.climateweeknyc.org/event-search/right-to-flight-a-public-performance-participatory-artwork?hsLang=en,2 hours 30 minutes,English,right-to-flight-a-public-performance-participatory-artwork,parsed
Natural Paint -Climate Solutions Workshop,official-week,20260927,"01:00pm, Sunday, September 27, 2026","01:00pm - 03:00pm, Sunday, September 27, 2026",In-person,Public,Earth Celebrations,"137 Avenue C - La PLaza Cultural Garden (9th St. Ave C -sw corner), Manhattan, New York City, New York, 10009, United States","137 Avenue C - La PLaza Cultural Garden (9th St. Ave C -sw corner), Manhattan, New York City, New York, 10009, United States",cities; health; nature,https://www.eventbrite.com/e/natural-paint-climate-solutions-workshop-with-earth-celebrations-tickets-1999272328353?aff=oddtdtcreator,https://www.climateweeknyc.org/event-search/natural-paint-climate-solutions-workshop?hsLang=en,2 hours,English,natural-paint-climate-solutions-workshop,parsed
Climate Week: Guided Birding tour at Governors Island Park,official-week,20260927,"10:00am, Sunday, September 27, 2026","10:00am - 12:00pm, Sunday, September 27, 2026",In-person,Public,LES Ecology Center,"110 Andes Rd, Manhattan, New York, New York, 10004, United States","110 Andes Rd, Manhattan, New York, New York, 10004, United States",health; nature,https://www.eventbrite.com/e/climate-week-guided-birding-tour-at-governors-island-park-tickets-1997165231971?aff=oddtdtcreator&keep_tld=true,https://www.climateweeknyc.org/event-search/climate-week-guided-birding-tour-at-governors-island-park?hsLang=en,2 hours,English,climate-week-guided-birding-tour-at-governors-island-park,parsed
Climate Week for Families at the Bronx Zoo with AMC,official-week,20260927,"10:00am, Sunday, September 27, 2026","10:00am - 12:00pm, Sunday, September 27, 2026",In-person,Public,Appalachian Mountain Club,"Parking Lot B, Bronx Zoo, The Bronx, Bronx, New York, 10460, United States","Parking Lot B, Bronx Zoo, The Bronx, Bronx, New York, 10460, United States",nature,https://activities.outdoors.org/s/oc-activity/a5UVX000001HUYz2AO/act00023444,https://www.climateweeknyc.org/event-search/climate-week-for-families-at-the-bronx-zoo-with-amc?hsLang=en,2 hours,English,climate-week-for-families-at-the-bronx-zoo-with-amc,parsed
The seagrass dance: A Film by Kayla Weisdorf,post-week,20260928,"06:00pm, Monday, September 28, 2026","06:00pm - 08:00pm, Monday, September 28, 2026",In-person,Public,"Climate Cafe NYC, Climate Imaginarium, Kayla Weisdorf","406A Comfort Rd., Manhattan, New York, New York, 10004, United States","406A Comfort Rd., Manhattan, New York, New York, 10004, United States",environmental-justice; nature,https://luma.com/climate-1umt,https://www.climateweeknyc.org/event-search/the-seagrass-dance-a-film-by-kayla-weisdorf?hsLang=en,2 hours,English,the-seagrass-dance-a-film-by-kayla-weisdorf,parsed
Night at Basecamp: An Evening of Conservation Storytelling,post-week,20260929,"06:30pm, Tuesday, September 29, 2026","06:30pm - 09:30pm, Tuesday, September 29, 2026",In-person,Private,Causeway Impact,"58 Park Avenue, Manhattan, New York, New York, 10016, United States","58 Park Avenue, Manhattan, New York, New York, 10016, United States",nature,https://luma.com/ofmtfyup,https://www.climateweeknyc.org/event-search/night-at-basecamp-an-evening-of-conservation-storytelling?hsLang=en,3 hours,English,night-at-basecamp-an-evening-of-conservation-storytelling,parsed
Climate Cafe,post-week,20260930,"06:00pm, Wednesday, September 30, 2026","06:00pm - 08:00pm, Wednesday, September 30, 2026",In-person,Public,"Climate Cafe NYC, Climate Imaginarium","406A Comfort Rd., Manhattan, New York, New York, 10004, United States","406A Comfort Rd., Manhattan, New York, New York, 10004, United States",cities; environmental-justice; health,https://luma.com/uhylqwhj,https://www.climateweeknyc.org/event-search/climate-cafe?hsLang=en,2 hours,English,climate-cafe,parsed
testing 102020,out-of-window,20261111,"12:30am, Wednesday, November 11, 2026","12:30am - 12:45am, Wednesday, November 11, 2026",In-person,Private,chocomilk,Input Physical Address,Input Physical Address,technology-and-ai,,https://www.climateweeknyc.org/event-search/testing-102020?hsLang=en,,Bengali,testing-102020,parsed
ttest,out-of-window,20261111,"12:15am, Wednesday, November 11, 2026","12:15am - 01:45am, Wednesday, November 11, 2026",Virtual,,jhhjh,,,,,https://www.climateweeknyc.org/event-search/ttest?hsLang=en,,Bengali,ttest,parsed
